id,url,title,content_type,duration_seconds,views,likes,like_rate_pct,date_text,is_tcs
zmEEebCg5tM,https://www.youtube.com/watch?v=zmEEebCg5tM,Mining Cabs Are Trapping TOXIC DUST! How BreatheSafe Stops The Hazard,highlight,178,4,0,0.0,Premiered 89 minutes ago,False
I5yHkEzw4hc,https://www.youtube.com/watch?v=I5yHkEzw4hc,BreatheSafe: Intelligent 4-Tier Air Filtration & Telemetry for Heavy Mining Operator Cabs #387,episode,870,14,1,7.1429,Premiered 7 hours ago,False
O8TTsjIckWE,https://www.youtube.com/watch?v=O8TTsjIckWE,DRA Global Exposes The Trillion-Dollar Mining Crisis Nobody Is Talking About: Tech vs Heavy Labor!,highlight,172,13,1,7.6923,"Premiered Aug 18, 2026",False
6NzaqOiqgyQ,https://www.youtube.com/watch?v=6NzaqOiqgyQ,Why DRA Global is the Most Exciting Pure-Play Engineering Firm for Your Mining Career!,highlight,131,20,3,15.0,"Premiered Aug 18, 2026",False
YQp6LMwyYsU,https://www.youtube.com/watch?v=YQp6LMwyYsU,DRA Global Part 4: Navigating the Perfect Mining Storm With Expert Advisory & IPD Execution #386,episode,2384,1421,3,0.2111,"Premiered Aug 18, 2026",False
yyf6KE53MUA,https://www.youtube.com/watch?v=yyf6KE53MUA,Did You Know That Brazil Has MORE Flotation Columns Than Any Other Country? Eriez Explains Why,highlight,107,1610,1,0.0621,"Premiered Aug 13, 2026",False
UWwXSqw-5_0,https://www.youtube.com/watch?v=UWwXSqw-5_0,"Eriez Tells Us : Learn To Leverage Your Network, The Possibilities Are Endless!",highlight,187,1729,1,0.0578,"Premiered Aug 13, 2026",False
62qw25JqkzU,https://www.youtube.com/watch?v=62qw25JqkzU,Eriez Part 3: The Future of Mining Depends on Smarter Mineral Processing #385,episode,2704,6806,3,0.0441,"Premiered Aug 13, 2026",False
ihhdNYr3iSk,https://www.youtube.com/watch?v=ihhdNYr3iSk,Maptek Just Solved Underground Mining’s “Blind Corner” Problem,highlight,111,1800,1,0.0556,"Premiered Aug 12, 2026",False
Z-ACfQpOVRc,https://www.youtube.com/watch?v=Z-ACfQpOVRc,Maptek Part 3: VisionV2X Helps Prevent Underground Mining Collisions and Keeps People Safe #384,episode,864,6321,1,0.0158,"Premiered Aug 12, 2026",False
h01nVYB7HB4,https://www.youtube.com/watch?v=h01nVYB7HB4,Metso’s MX Technology Is Fighting Crusher Wear and Could END Frequent Liner Changes,highlight,126,1582,0,0.0,"Premiered Aug 12, 2026",False
lNqQxtTGWVU,https://www.youtube.com/watch?v=lNqQxtTGWVU,Metso Helps Reduce The Number Of Mining Trucks At Your Mine And Gain Better Efficiency And ROI!,highlight,159,1877,0,0.0,"Premiered Aug 12, 2026",False
fZD-Qbfp2O4,https://www.youtube.com/watch?v=fZD-Qbfp2O4,"Metso: Pit-to-plant Readiness | Extraction, Crushing, Screening & Lifecycle Value #383",episode,2688,8912,12,0.1346,"Premiered Aug 11, 2026",False
UzsSqX8LZgg,https://www.youtube.com/watch?v=UzsSqX8LZgg,Slurry Pipeline Was Rejected‼️ Watch the Ausenco Solution that Saved the Project,highlight,151,1747,1,0.0572,"Premiered Aug 6, 2026",False
3_VYeC1Q6N4,https://www.youtube.com/watch?v=3_VYeC1Q6N4,Ausenco Builds Resilient Project Plans That Prevent Costly Delays,highlight,72,1738,0,0.0,"Premiered Aug 6, 2026",False
4FWFjh-D5lg,https://www.youtube.com/watch?v=4FWFjh-D5lg,Ausenco Part 3: From Pit to Port—The Smarter Logistics Technology Every Mine Needs #382,episode,2355,13848,8,0.0578,"Premiered Aug 6, 2026",False
UCMUs-EHOQc,https://www.youtube.com/watch?v=UCMUs-EHOQc,Bobyard AI Converts Construction Blueprints Into Smart Estimates,highlight,132,1261,0,0.0,"Premiered Aug 5, 2026",False
eA-fv7m2ZMI,https://www.youtube.com/watch?v=eA-fv7m2ZMI,Bobyard AI Analyzes Construction Blueprints in Seconds,highlight,113,1365,0,0.0,"Premiered Aug 5, 2026",False
GtH_VvNdABc,https://www.youtube.com/watch?v=GtH_VvNdABc,Bobyard: How AI Is Transforming Construction Estimating #74,episode,3265,13844,6,0.0433,"Premiered Aug 5, 2026",False
G2z7V5tNpro,https://www.youtube.com/watch?v=G2z7V5tNpro,CIM Connect Wrap & Tap Talks About Upcoming Mining Conferences You Can't Miss in 2026,highlight,104,1739,0,0.0,"Premiered Aug 5, 2026",False
ctCFCmBBndo,https://www.youtube.com/watch?v=ctCFCmBBndo,The Unexpected Office Tribute at CIM CONNECT Wrap & Tap,highlight,122,1919,0,0.0,"Premiered Aug 5, 2026",False
Q-98c-crzFA,https://www.youtube.com/watch?v=Q-98c-crzFA,Cranky Old Men 2026: Unofficial CIM Convention Wrap and Tap from Mining NOW,episode,1834,15379,4,0.026,"Premiered Aug 4, 2026",False
HXohE90gzDE,https://www.youtube.com/watch?v=HXohE90gzDE,ESG Solutions Talks About The Real Meaning of ESG in Underground Mining,highlight,91,2067,1,0.0484,"Premiered Jul 30, 2026",False
3NY4GDZ-E1k,https://www.youtube.com/watch?v=3NY4GDZ-E1k,ESG Solutions Shares Why Every Deep Mine Needs Seismic Monitoring,highlight,129,1978,0,0.0,"Premiered Jul 30, 2026",False
U4cp6wrMEug,https://www.youtube.com/watch?v=U4cp6wrMEug,ESG Solutions: How Smart Seismic Monitoring Helps Mitigate Underground Mining Disasters #381,episode,2314,21158,6,0.0284,"Premiered Jul 30, 2026",False
erK0-fKgzQY,https://www.youtube.com/watch?v=erK0-fKgzQY,Hatch talks about Choosing the Best Water Treatment Process for Mine Expansion,highlight,152,1460,1,0.0685,"Premiered Jul 29, 2026",False
fJLahMVt7D0,https://www.youtube.com/watch?v=fJLahMVt7D0,Hatch Part 2: Why Water Is the Most Critical Resource in Modern Mining #380,episode,909,20029,7,0.0349,"Premiered Jul 29, 2026",False
oUfkK44qLGI,https://www.youtube.com/watch?v=oUfkK44qLGI,ELEMISSION Shares How Onsite Core Scanning Saves Mining Companies Time,highlight,125,1504,0,0.0,"Premiered Jul 28, 2026",False
ZlqYDzLqeYE,https://www.youtube.com/watch?v=ZlqYDzLqeYE,ELEMISSION Talks About eCore Gen 3 Delivers Faster Core Scanning for Modern Mining,highlight,168,1499,1,0.0667,"Premiered Jul 28, 2026",False
FLAuRiViGzI,https://www.youtube.com/watch?v=FLAuRiViGzI,"ELEMISSION: AI Core Scanning Delivers Ore Analysis in Hours, Not 60 Days #379",episode,3687,20197,6,0.0297,"Premiered Jul 28, 2026",False
ikLjGB5PRwU,https://www.youtube.com/watch?v=ikLjGB5PRwU,Glencore Technology Shares the Secrets to Higher Mineral Recovery,highlight,116,1628,1,0.0614,"Premiered Jul 27, 2026",False
KZMW39TFmC4,https://www.youtube.com/watch?v=KZMW39TFmC4,Glencore Technology Discusses How Pilot Testing Improves Mineral Recovery,highlight,204,1512,0,0.0,"Premiered Jul 27, 2026",False
3oqVanCRlDk,https://www.youtube.com/watch?v=3oqVanCRlDk,"Glencore Technology Part 8: How IsaMill™, Jameson Cell™ & Albion Process™ Improve Recovery #378",episode,2175,21474,6,0.0279,"Premiered Jul 27, 2026",False
oE95YgCa0hA,https://www.youtube.com/watch?v=oE95YgCa0hA,DINGO shares The Secret to Better Predictive Maintenance in Mining,highlight,150,1281,0,0.0,"Premiered Jul 22, 2026",False
EQbaNXeQ5so,https://www.youtube.com/watch?v=EQbaNXeQ5so,DINGO Reveals The Predictive Maintenance Blueprint Every Mining Operation Should Watch,highlight,279,1542,1,0.0649,"Premiered Jul 22, 2026",False
MrT5xQAmHZI,https://www.youtube.com/watch?v=MrT5xQAmHZI,DINGO: Asset Health Management That Prevents Equipment Failures #377,episode,3206,26108,11,0.0421,"Premiered Jul 22, 2026",False
RVJiYXabv18,https://www.youtube.com/watch?v=RVJiYXabv18,Costmine Intelligence Talks About The AI Tool Changing Mining Cost Estimation Forever,highlight,136,1903,0,0.0,"Premiered Jul 21, 2026",False
jn7Dtt5LbaA,https://www.youtube.com/watch?v=jn7Dtt5LbaA,Costmine Intelligence: Why Most Projects Never Become Mines & How WOODY Changes Everything #376,episode,918,25618,9,0.0351,"Premiered Jul 21, 2026",False
qoVP-rRdy_M,https://www.youtube.com/watch?v=qoVP-rRdy_M,Acquire: GIM Suite & GIM Essentials Simplify Geological Data Management #375,episode,2252,27789,8,0.0288,"Premiered Jul 20, 2026",False
QFjCBTdeuBY,https://www.youtube.com/watch?v=QFjCBTdeuBY,Acquire Reveals How One Mining Company Eliminated Data Errors,highlight,140,1808,0,0.0,"Premiered Jul 20, 2026",False
RjaU_y0x9t0,https://www.youtube.com/watch?v=RjaU_y0x9t0,Acquire Shows How Mining Companies Stay Ahead with Better Data,highlight,296,1514,1,0.0661,"Premiered Jul 20, 2026",False
Lw0LbdR455M,https://www.youtube.com/watch?v=Lw0LbdR455M,Super Products Talks About How the Camel 16-Yard Vacuum Truck Maximizes Sewer Cleaning Efficiency,highlight,180,1449,0,0.0,"Premiered Jul 15, 2026",False
J3qArkU4pK8,https://www.youtube.com/watch?v=J3qArkU4pK8,Super Products Discusses How the Mud Dog Hydro Excavation Truck Improves Jobsite Safety,highlight,136,1473,0,0.0,"Premiered Jul 15, 2026",False
tXXO1Yxs8k0,https://www.youtube.com/watch?v=tXXO1Yxs8k0,Super Products Part 2: The Future of Safer Hydro Excavation & Sewer Cleaning #73,episode,2042,32232,4,0.0124,"Premiered Jul 15, 2026",False
mWa1FcdMO9c,https://www.youtube.com/watch?v=mWa1FcdMO9c,MSALABS Explains The Role of PhotonAssay™ in Supporting Modern Mineral Exploration,highlight,198,1889,1,0.0529,"Premiered Jul 14, 2026",False
1pxAba44iKE,https://www.youtube.com/watch?v=1pxAba44iKE,MSALABS Explains How PhotonAssay™ Improves Gold Assay Accuracy,highlight,189,2041,0,0.0,"Premiered Jul 14, 2026",False
uppKI7U1qRs,https://www.youtube.com/watch?v=uppKI7U1qRs,MSALABS: Fire Assay vs. PhotonAssay™—What the Mining Industry Needs to Know #374,episode,2580,36358,5,0.0138,"Premiered Jul 14, 2026",False
KDVCPM35Z3I,https://www.youtube.com/watch?v=KDVCPM35Z3I,Drone as a Service Discusses Using Drones for 3D Mapping and Mining Exploration,highlight,109,2039,1,0.049,"Premiered Jul 13, 2026",False
7_nehePh1qU,https://www.youtube.com/watch?v=7_nehePh1qU,Drone as a Service: Drone Intelligence Driving Better Mining Decisions #373,episode,732,26092,15,0.0575,"Premiered Jul 13, 2026",False
tSVGOhcH6-U,https://www.youtube.com/watch?v=tSVGOhcH6-U,Kal Tire Mining Tire Group Talks About How KalPRO™ TireSight Detects Tire Damage Before Failure,highlight,228,2194,0,0.0,"Premiered Jul 9, 2026",False
ax6y6V2HuF0,https://www.youtube.com/watch?v=ax6y6V2HuF0,Kal Tire Mining Tire Group Part 10: How AI Tire Inspections Are Transforming Mining Operations #372,episode,725,25354,14,0.0552,"Premiered Jul 9, 2026",False
OGwLvjHz7WI,https://www.youtube.com/watch?v=OGwLvjHz7WI,Reading Truck RM78 Walkaround: Ultimate Heavy-Duty Crane Body Lineup,highlight,89,1549,0,0.0,"Premiered Jul 8, 2026",False
RGFsNkU-cW0,https://www.youtube.com/watch?v=RGFsNkU-cW0,Reading Truck: Eliminate Jobsite Chaos with the Ultimate Tool Storage Setup #72,episode,889,25512,8,0.0314,"Premiered Jul 8, 2026",False
rOcAYtUOoBE,https://www.youtube.com/watch?v=rOcAYtUOoBE,How Imperial Oil & Finning Engineered Renewable Diesel For Canada's Cold Climate,highlight,150,2387,1,0.0419,"Premiered Jul 7, 2026",False
mcclCowjfSI,https://www.youtube.com/watch?v=mcclCowjfSI,Imperial Oil & Finning Features Canada’s Largest Renewable Diesel Facility at Strathcona Refinery,highlight,207,2470,0,0.0,"Premiered Jul 7, 2026",False
wiox7qlvdak,https://www.youtube.com/watch?v=wiox7qlvdak,Imperial Oil & Finning Part 2: Lowering Carbon Intensity in Massive Autonomous Fleets #371,episode,1750,46685,12,0.0257,"Premiered Jul 7, 2026",False
nM2_igW6SPQ,https://www.youtube.com/watch?v=nM2_igW6SPQ,How Fleet Space Technologies Is Improving Mining Exploration Before Drilling Begins,highlight,191,1655,1,0.0604,"Premiered Jul 6, 2026",False
eHnby3XGiRs,https://www.youtube.com/watch?v=eHnby3XGiRs,Fleet Space Technologies Discusses Building AI-Ready Mining Operations,highlight,163,1685,0,0.0,"Premiered Jul 6, 2026",False
tRjnM4j1PQA,https://www.youtube.com/watch?v=tRjnM4j1PQA,Fleet Space Technologies Part 2: Agile Geoscience for Real-Time Subsurface Intelligence #370,episode,2713,42188,10,0.0237,"Premiered Jul 6, 2026",False
sMzuR0zOBro,https://www.youtube.com/watch?v=sMzuR0zOBro,Dassault Systèmes & MineSense Talk About Ore Control & Blast Movement in Mining,highlight,140,1680,0,0.0,"Premiered Jul 2, 2026",False
gID6y_QH6DA,https://www.youtube.com/watch?v=gID6y_QH6DA,Dassault Systèmes Integrates MineSense ShovelSense Ore-Grade Data Into GEOVIA Surpac,highlight,158,1804,2,0.1109,"Premiered Jul 2, 2026",False
NDxt8i0vwyk,https://www.youtube.com/watch?v=NDxt8i0vwyk,Dassault Systèmes Part 5: How GEOVIA & MineSense Are Fixing Mining's Data Problem #369,episode,2680,45079,13,0.0288,"Premiered Jul 2, 2026",False
CKnvgMdcAfs,https://www.youtube.com/watch?v=CKnvgMdcAfs,MacLean Engineering's ML5 Multi-Lift Could Transform Work at Heights Underground,highlight,167,1659,0,0.0,"Premiered Jul 2, 2026",False
9N3Xxjevds4,https://www.youtube.com/watch?v=9N3Xxjevds4,MacLean Engineering Unveils the GR8 Battery-Electric Motor Grader for Sustainable Mining Operations,highlight,266,1521,0,0.0,"Premiered Jul 2, 2026",False
-2E_q0Fos5I,https://www.youtube.com/watch?v=-2E_q0Fos5I,MacLean Engineering Part 5: How the GR8 & ML5 Help Mines Cut Emissions and Boost Output #368,episode,2402,45017,18,0.04,"Premiered Jun 30, 2026",False
F8A5ahsuxk4,https://www.youtube.com/watch?v=F8A5ahsuxk4,Wingtra Explains Why Integrated Drone Surveying Beats Traditional Workflows,highlight,122,1383,0,0.0,"Premiered Jun 29, 2026",False
0bw-J2wKJXc,https://www.youtube.com/watch?v=0bw-J2wKJXc,How Wingtra Surveys Massive Construction Sites & Delivers Data in Hours,highlight,111,1489,0,0.0,"Premiered Jun 29, 2026",False
Uqp_MwSc-8Q,https://www.youtube.com/watch?v=Uqp_MwSc-8Q,Wingtra Part 4: WingtraRAY & SURVEY61 Set a New Standard for Drone Mapping and Surveying #71,episode,2431,47011,10,0.0213,"Premiered Jun 29, 2026",False
TFi2zIA0_Gw,https://www.youtube.com/watch?v=TFi2zIA0_Gw,Rego Consulting Reveals a Better Way to Prioritize Mining Projects and Maximize Value,highlight,106,1638,0,0.0,"Premiered Jun 25, 2026",False
8rhp8ZiD4Nc,https://www.youtube.com/watch?v=8rhp8ZiD4Nc,Rego Consulting: The Smarter Way to Manage Mining Projects and Maximize Resources #367,episode,995,25773,12,0.0466,"Premiered Jun 25, 2026",False
VWP0qctZhEU,https://www.youtube.com/watch?v=VWP0qctZhEU,Inside Fenner Dunlop's Conveyor Belt Manufacturing Process,highlight,157,1573,0,0.0,"Premiered Jun 24, 2026",False
qaFUb0BEqkY,https://www.youtube.com/watch?v=qaFUb0BEqkY,Fenner Dunlop’s Belt Technology That Prevents Costly Conveyor Failures,highlight,133,1526,0,0.0,"Premiered Jun 24, 2026",False
4067hdev-RE,https://www.youtube.com/watch?v=4067hdev-RE,Fenner Dunlop Part 8: Why Their Hard Rock Mining Conveyor Belts Outlast 3–4 Imported Belts #366,episode,2025,54702,12,0.0219,"Premiered Jun 24, 2026",False
gc6dlE7LJcs,https://www.youtube.com/watch?v=gc6dlE7LJcs,Acuren Talks About How Rope Access Is Solving Mining Labor Shortages And Remote Site Challenges,highlight,96,1585,0,0.0,"Premiered Jun 24, 2026",False
rMdeaiyF8jg,https://www.youtube.com/watch?v=rMdeaiyF8jg,"Acuren Discusses Engineering-Led Mining Inspections, Safety & Predictive Maintenance",highlight,225,1638,0,0.0,"Premiered Jun 24, 2026",False
1m6hZmBf82M,https://www.youtube.com/watch?v=1m6hZmBf82M,"Acuren: Inspection, NDT, Reliability Engineering, Rope Access & Asset Integrity Solutions #365",episode,1925,53743,21,0.0391,"Premiered Jun 23, 2026",False
Qibtdxr9r0E,https://www.youtube.com/watch?v=Qibtdxr9r0E,Taseko Mines Is Disrupting Copper Mining With Zero Traditional Digging,highlight,125,1747,0,0.0,"Premiered Jun 19, 2026",False
SM4NCkdKqAY,https://www.youtube.com/watch?v=SM4NCkdKqAY,Taseko Mines: The Copper Producer Changing the Future of Critical Minerals Supply #364,episode,1005,25395,14,0.0551,"Premiered Jun 19, 2026",False
LWkac48qg6Y,https://www.youtube.com/watch?v=LWkac48qg6Y,Smiley Monroe Breaks Down Faster Conveyor Belt Repair Solutions To Eliminate Costly Downtime,highlight,105,1667,0,0.0,"Premiered Jun 18, 2026",False
WvC61ialn7E,https://www.youtube.com/watch?v=WvC61ialn7E,Smiley Monroe Explains How INTEGRACLEAT™ Belting Solves Material Rollback Problems,highlight,77,1526,0,0.0,"Premiered Jun 18, 2026",False
yrCa3fPq2ww,https://www.youtube.com/watch?v=yrCa3fPq2ww,Smiley Monroe: Conveyor Solutions That Maximize Uptime and Process Efficiency #70,episode,2478,61343,13,0.0212,"Premiered Jun 18, 2026",False
mpxCYczHFE0,https://www.youtube.com/watch?v=mpxCYczHFE0,PROK Shares The Secret to Keeping Mining Projects Running Without Conveyor System Downtime,highlight,111,1661,0,0.0,"Premiered Jun 17, 2026",False
73rt3TX19J8,https://www.youtube.com/watch?v=73rt3TX19J8,"Inside PROK’s Conveyor Breakthroughs: HDPE Rollers, Low Noise, & Reliability",mid_clip,305,1329,0,0.0,"Premiered Jun 17, 2026",False
hZRT3mJYxkg,https://www.youtube.com/watch?v=hZRT3mJYxkg,PROK: Engineered Conveyor Solutions Transforming Mining Performance #363,episode,2649,58467,7,0.012,"Premiered Jun 17, 2026",False
ounYc8fGn5Q,https://www.youtube.com/watch?v=ounYc8fGn5Q,"Binder+Co Prevents Sticky Materials, Clogging & Sorting Failures Through Screening Tech",highlight,140,1530,2,0.1307,"Premiered Jun 16, 2026",False
2BSy0JBGI0U,https://www.youtube.com/watch?v=2BSy0JBGI0U,How Binder+Co’s AI Sensor Sorting Is Transforming Construction Recycling Forever,highlight,119,1495,0,0.0,"Premiered Jun 16, 2026",False
DfVssmrDWY4,https://www.youtube.com/watch?v=DfVssmrDWY4,Binder+Co: Turning Construction Waste Into High-Value Products Using Sensor Technology #69,episode,2666,55141,17,0.0308,"Premiered Jun 16, 2026",False
ppvN3Dw0LRs,https://www.youtube.com/watch?v=ppvN3Dw0LRs,Advanced Navigation Solves GPS Failure Underground—Tech That Works Where GPS Dies,highlight,155,1919,0,0.0,"Premiered Jun 10, 2026",False
KqnOKS4GRHU,https://www.youtube.com/watch?v=KqnOKS4GRHU,Advanced Navigation's Chimera Land Laser Velocity Sensor Tech Eliminates Mining GNSS Drift,highlight,241,1593,1,0.0628,"Premiered Jun 10, 2026",False
3GbCuACXSV8,https://www.youtube.com/watch?v=3GbCuACXSV8,Advanced Navigation Part 2: Unlocking Unprecedented Navigation in Extreme Environments #362,episode,2662,86610,16,0.0185,"Premiered Jun 10, 2026",False
sQVripjTv5I,https://www.youtube.com/watch?v=sQVripjTv5I,Kenco Engineering Introduces Advanced Construction Slat Floor Wear Solution,highlight,116,2070,0,0.0,"Premiered Jun 9, 2026",False
SCHNvLj9kTo,https://www.youtube.com/watch?v=SCHNvLj9kTo,Kenco Engineering Part 3: The Slat Conveyor Solution Saving Asphalt Plants Thousands #68,episode,652,25024,5,0.02,"Premiered Jun 9, 2026",False
bI80pOiz3xw,https://www.youtube.com/watch?v=bI80pOiz3xw,South32 & University of Arizona on Partnership That Gives Students Real Underground Experience,highlight,101,1920,0,0.0,"Premiered Jun 4, 2026",False
sOjOhkgRlqk,https://www.youtube.com/watch?v=sOjOhkgRlqk,South32 Hermosa and the University of Arizona Are Developing the Next Generation of Mining Leaders,highlight,143,1915,1,0.0522,"Premiered Jun 4, 2026",False
Bk_Wj_CifwY,https://www.youtube.com/watch?v=Bk_Wj_CifwY,"South32 Hermosa & University of Arizona: Hermosa Project, FAST-41, Workforce Development #361",episode,2230,86238,16,0.0186,"Premiered Jun 4, 2026",False
x8vKSSXCzck,https://www.youtube.com/watch?v=x8vKSSXCzck,The Future of Mining Royalties with ProspEx Group’s Digital Investment Platform,highlight,138,2566,1,0.039,"Premiered Jun 3, 2026",False
h8460qMiK1M,https://www.youtube.com/watch?v=h8460qMiK1M,ProspEx Group: Modernizing Investment in Mining with Fractional Royalties #360,episode,862,25421,7,0.0275,"Premiered Jun 3, 2026",False
3dd597iMgVU,https://www.youtube.com/watch?v=3dd597iMgVU,How Institute of Mine Seismology Helps Mines Detect Hidden Earthquake Risks,highlight,245,1679,1,0.0596,"Premiered Jun 3, 2026",False
2IlvIDfeQ88,https://www.youtube.com/watch?v=2IlvIDfeQ88,Institute of Mine Seismology Reveals How Mines Predict and Prevent Rockburst Damage,highlight,162,2014,2,0.0993,"Premiered Jun 3, 2026",False
AbHmL_ch02k,https://www.youtube.com/watch?v=AbHmL_ch02k,"Institute of Mine Seismology: Seismic Monitoring, Geophysical Services & Mining Safety Systems #359",episode,3303,106280,41,0.0386,"Premiered Jun 2, 2026",False
0w_xcz0ercE,https://www.youtube.com/watch?v=0w_xcz0ercE,Mining Connectivity Loss Explained: How Ericsson 5G Solves Autonomous Mining Downtime,highlight,119,2166,0,0.0,"Premiered Jun 2, 2026",False
8ILIjV-NZJo,https://www.youtube.com/watch?v=8ILIjV-NZJo,Ericsson: Private 5G for Connected Workers and Autonomous Mining #358,episode,573,25974,8,0.0308,"Premiered Jun 1, 2026",False
pJBKFv11idQ,https://www.youtube.com/watch?v=pJBKFv11idQ,What Makes BlastGyro a Premium Choice for Slim-Hole Drilling? ft. Inertial Sensing,highlight,90,1914,0,0.0,"Premiered May 28, 2026",False
tmcN5ghnrQ0,https://www.youtube.com/watch?v=tmcN5ghnrQ0,Inertial Sensing Part 2: Why Blastholes Fail in Mining & How BlastGyro Solves It #357,episode,913,27612,8,0.029,"Premiered May 28, 2026",False
-y_KlhcE80k,https://www.youtube.com/watch?v=-y_KlhcE80k,Equify Financial Shares Why Renting Equipment First Improves Financing Approval,highlight,177,2105,0,0.0,"Premiered May 27, 2026",False
cb6VcOTrP0w,https://www.youtube.com/watch?v=cb6VcOTrP0w,Equify Financial Talks About Equipment Financing Mistakes Contractors Make,highlight,199,1619,0,0.0,"Premiered May 27, 2026",False
RZMgRG6HlB4,https://www.youtube.com/watch?v=RZMgRG6HlB4,Equify Financial: The Hidden Cash Inside Your Equipment Fleet #67,episode,3526,67031,11,0.0164,"Premiered May 27, 2026",False
fVhENHRdJUs,https://www.youtube.com/watch?v=fVhENHRdJUs,MB Crusher Demonstrates the Power of Crusher Buckets and Pulverizers for On-Site Crushing,highlight,105,1568,0,0.0,"Premiered May 26, 2026",False
ncb3vfesF7c,https://www.youtube.com/watch?v=ncb3vfesF7c,MB Crusher: High-Performance Pulverizers & Crushers at Work #66,episode,775,25884,7,0.027,"Premiered May 26, 2026",False
H7mTSBUSLnM,https://www.youtube.com/watch?v=H7mTSBUSLnM,Mining ERP Explained: How Pronto Solutions Alliance Streamlines Operations,highlight,166,1800,0,0.0,"Premiered May 22, 2026",False
QMfoE12tcx4,https://www.youtube.com/watch?v=QMfoE12tcx4,The Mining ERP Breakthrough: Pronto Solutions Alliance’s 3-Month Implementation Secret,highlight,147,1878,0,0.0,"Premiered May 22, 2026",False
hGXUvOTESGk,https://www.youtube.com/watch?v=hGXUvOTESGk,Pronto Solutions Alliance: A Smarter Way to Modernize Mining Through ERP & Digitalization #356,episode,2444,50180,12,0.0239,"Premiered May 22, 2026",False
O-8YopTh6Nk,https://www.youtube.com/watch?v=O-8YopTh6Nk,Paterson & Cooke Breaks Down The 4 Core Backfill Methods Behind Safer Underground Mines,highlight,190,1852,3,0.162,"Premiered May 22, 2026",False
Zihfh1PRJ5s,https://www.youtube.com/watch?v=Zihfh1PRJ5s,Paterson & Cooke Reveals The Mining Technology Powering the Largest Underground Backfill System,highlight,179,1704,3,0.1761,"Premiered May 22, 2026",False
QN2ivrnBG-k,https://www.youtube.com/watch?v=QN2ivrnBG-k,Paterson & Cooke Part 2: Solving Mining’s Backfill & Tailings Challenges #355,episode,2479,52370,23,0.0439,"Premiered May 21, 2026",False
kK1Jp-2aIbY,https://www.youtube.com/watch?v=kK1Jp-2aIbY,Eriez Explains How HydroFloat Coarse Particle Flotation Technology Improves Copper Recovery,highlight,148,1916,0,0.0,"May 21, 2026",False
kDK2oDoXVGY,https://www.youtube.com/watch?v=kDK2oDoXVGY,"Eriez Features HydroFloat, StackCell, and CavTube Flotation Innovations",highlight,233,1905,0,0.0,"May 21, 2026",False
wwxD5tSTlPs,https://www.youtube.com/watch?v=wwxD5tSTlPs,Sun Hydraulics Breaks Down the Technology Preventing Hydraulic Load Drops,highlight,183,1410,1,0.0709,"Premiered May 21, 2026",False
JhpoDLvpPWA,https://www.youtube.com/watch?v=JhpoDLvpPWA,Sun Hydraulics eSense Technology Could Change Hydraulic Systems Forever,highlight,129,1517,0,0.0,"Premiered May 21, 2026",False
w7X9ebAjXxc,https://www.youtube.com/watch?v=w7X9ebAjXxc,"Sun Hydraulics: How ENERGEN Improves Hydraulic Efficiency, Energy Use, & Machine Performance #65",episode,1805,106027,16,0.0151,"Premiered May 20, 2026",False
Kv-whPboRsw,https://www.youtube.com/watch?v=Kv-whPboRsw,"Eriez Part 2: Flotation Equipment, Magnetic Recovery & HydroFloat Technology Explained #354",episode,3852,106678,57,0.0534,"Premiered May 20, 2026",False
glEoRvOQkWI,https://www.youtube.com/watch?v=glEoRvOQkWI,Maptek Features NS4 Laser Scanning for Geological Mapping & Stockpile Surveys,highlight,75,1352,1,0.074,"Premiered May 14, 2026",False
ShYj5mBhwxQ,https://www.youtube.com/watch?v=ShYj5mBhwxQ,Maptek Part 2: This Sentry + NS4 Tech is Transforming Mine Monitoring #353,episode,785,25138,10,0.0398,"Premiered May 14, 2026",False
wJEzdUpCSL8,https://www.youtube.com/watch?v=wJEzdUpCSL8,Savona Equipment Talks About Massive Mining Plants Being Dismantled & Resold,highlight,131,1958,0,0.0,"Premiered May 13, 2026",False
hxXcwkB9_zk,https://www.youtube.com/watch?v=hxXcwkB9_zk,"Savona Equipment Walks Through Behind-the-Scenes Mining Equipment Sales, Removal, & Logistics",highlight,166,1908,0,0.0,"Premiered May 13, 2026",False
k9q-_pUstiI,https://www.youtube.com/watch?v=k9q-_pUstiI,"Savona Equipment Part 7: Inside the New Surplus 24,000 TPD Gold Plant Package For Sale in Asia #352",episode,1795,107694,45,0.0418,"Premiered May 13, 2026",False
hG8gXB1gYXA,https://www.youtube.com/watch?v=hG8gXB1gYXA,Orica’s Breakthrough 4D Blasting System: How It Works,highlight,195,1348,1,0.0742,"Premiered May 12, 2026",False
WBKGBXe4_MY,https://www.youtube.com/watch?v=WBKGBXe4_MY,"Orica LOADPlus™ Explained: Simple, Smart Blasting Control System",highlight,127,1403,0,0.0,"Premiered May 12, 2026",False
-wU5jTgI_uw,https://www.youtube.com/watch?v=-wU5jTgI_uw,Orica Blasting Part 2: The Power of 4D™ Underground Bulk Technology in Mining #351,episode,3276,55299,20,0.0362,"Premiered May 12, 2026",False
a92UcHiDaVA,https://www.youtube.com/watch?v=a92UcHiDaVA,"Emesent Hovermap: GPS-Free 3D LiDAR Mapping, Drone Autonomy & SLAM Technology Explained",highlight,148,1969,2,0.1016,"Premiered May 11, 2026",False
rR47M4W5FeE,https://www.youtube.com/watch?v=rR47M4W5FeE,Emesent GX1 is the New Integrated LiDAR Mapping System for Survey & Geospatial Workflows,highlight,230,1728,0,0.0,"Premiered May 11, 2026",False
b7RPaDavEPs,https://www.youtube.com/watch?v=b7RPaDavEPs,Emesent: The Future of AI Mapping & Construction Tech with GX1 #64,episode,2077,50691,9,0.0178,"Premiered May 11, 2026",False
b4ORiR_mdBM,https://www.youtube.com/watch?v=b4ORiR_mdBM,Austin Powder Breaks Down Advanced Blasting Technology for Mining,highlight,238,1590,0,0.0,"Premiered May 8, 2026",False
o9kAug6-VGU,https://www.youtube.com/watch?v=o9kAug6-VGU,Austin Powder Reveals How Massive Mining Blasts Are Safely Controlled,highlight,222,1578,1,0.0634,"Premiered May 8, 2026",False
Zz1h_DKRYUk,https://www.youtube.com/watch?v=Zz1h_DKRYUk,Austin Powder Part 4: Large-Scale Mining & E*STAR Blasting Technology Explained #350,episode,2501,106194,25,0.0235,"Premiered May 8, 2026",False
OIfjEDIRTlw,https://www.youtube.com/watch?v=OIfjEDIRTlw,Glencore Technology Shares how IsaMill & Jameson Cell Boost Recovery While Cutting Energy,highlight,158,1994,0,0.0,"May 8, 2026",False
vp26ShJ2Ij8,https://www.youtube.com/watch?v=vp26ShJ2Ij8,Glencore Technology Shares Albion Process & IsaMill Unlocking Refractory Gold Ores,highlight,90,2132,0,0.0,"Premiered May 7, 2026",False
CBcf0PHUUio,https://www.youtube.com/watch?v=CBcf0PHUUio,"Glencore Technology Part 7: Jameson Cell, IsaMill & Albion Process in Action #349",episode,1209,110692,16,0.0145,"Premiered May 6, 2026",False
eXbjWz5IWpc,https://www.youtube.com/watch?v=eXbjWz5IWpc,Crownsmen Partners Talks About The Truth About Luck That Most People Get Wrong,highlight,202,1433,0,0.0,"Premiered May 4, 2026",False
IMcv2X-zv-Q,https://www.youtube.com/watch?v=IMcv2X-zv-Q,"Private Equity in Mining EXPOSED: Crownsmen Partners Break Down the Good, Bad, & Ugly",highlight,197,1554,0,0.0,"Premiered May 4, 2026",False
XSTeeSmTDHE,https://www.youtube.com/watch?v=XSTeeSmTDHE,"Crownsmen Partners Talks About Debt, Risk & Survival in Mining’s High-Stakes Capital Game",highlight,214,1347,1,0.0742,"Premiered May 4, 2026",False
UyuFs_pGdA4,https://www.youtube.com/watch?v=UyuFs_pGdA4,TCS #152: BB Widowmaker + Voice of Industry Tour Events & World’s Longest Conveyors,episode,4548,106114,34,0.032,"Premiered May 4, 2026",True
hjfqcC1AJ54,https://www.youtube.com/watch?v=hjfqcC1AJ54,Viridien Turns Data Into Smarter Drill Decisions,highlight,228,2203,2,0.0908,"Premiered Apr 29, 2026",False
4R-vQD2IFm8,https://www.youtube.com/watch?v=4R-vQD2IFm8,"How Viridien Combines AI, Data, and Human Expertise",highlight,83,1852,0,0.0,"Premiered Apr 29, 2026",False
xnbHHdv8zOA,https://www.youtube.com/watch?v=xnbHHdv8zOA,Viridien: Geocomp Is Fixing the Biggest Mining Blind Spot #348,episode,3241,51521,10,0.0194,"Premiered Apr 29, 2026",False
A9e5OXfEtI4,https://www.youtube.com/watch?v=A9e5OXfEtI4,SSAB is Solving the Strength vs Workability Problem in Steel,highlight,190,2021,1,0.0495,"Premiered Apr 28, 2026",False
6DMCg6J-H-I,https://www.youtube.com/watch?v=6DMCg6J-H-I,SSAB is Building a Global Steel Network with Big Impacts in Construction,highlight,196,1716,1,0.0583,"Premiered Apr 28, 2026",False
ZsZLauFR7Oo,https://www.youtube.com/watch?v=ZsZLauFR7Oo,SSAB Part 3: The Steel Upgrade That Transforms Construction Equipment #63,episode,2441,106496,21,0.0197,"Premiered Apr 28, 2026",False
PzD4ILADJ0U,https://www.youtube.com/watch?v=PzD4ILADJ0U,Lithodat Shares How They Are Turning Mining Data to AI-Ready,highlight,124,11042,0,0.0,"Premiered Apr 23, 2026",False
-_80m9nmXJs,https://www.youtube.com/watch?v=-_80m9nmXJs,"Lithodat: Making Mining Data Simple, Fast, and Investor-Ready #347",episode,1035,25579,8,0.0313,"Premiered Apr 23, 2026",False
FlAgyGWxpQ8,https://www.youtube.com/watch?v=FlAgyGWxpQ8,Why Industrial Magnetics Uses Drum Magnets for Smarter Material Separation,highlight,129,5154,1,0.0194,"Premiered Apr 22, 2026",False
kx0SEH-Frog,https://www.youtube.com/watch?v=kx0SEH-Frog,How Industrial Magnetics Solves Metal Contamination on Construction Sites,highlight,121,4373,1,0.0229,"Premiered Apr 22, 2026",False
DXvMiu0EBXY,https://www.youtube.com/watch?v=DXvMiu0EBXY,Industrial Magnetics: Behind the Engineering of Industrial Magnetic Separation Systems #62,episode,2131,115017,20,0.0174,"Premiered Apr 22, 2026",False
81MCZIG7oEI,https://www.youtube.com/watch?v=81MCZIG7oEI,Saving Fuel with eCoolPark 1.5 Pure Electric HVAC ft. Bergstrom,highlight,105,5422,0,0.0,"Premiered Apr 20, 2026",False
XLJ9-3Oy6gA,https://www.youtube.com/watch?v=XLJ9-3Oy6gA,Bergstrom: The Ultimate Electric No-Idle HVAC Solution for Heavy Equipment #151,episode,630,25554,11,0.043,"Premiered Apr 20, 2026",False
GVoW7FCAEUU,https://www.youtube.com/watch?v=GVoW7FCAEUU,Suncor: Digital Innovation in Oil Sands #346,episode,2054,52203,49,0.0939,"Premiered Apr 17, 2026",False
RzI1DPAduIc,https://www.youtube.com/watch?v=RzI1DPAduIc,Real-Time Truck Redirection Based on Shovel Data ft. MineSense,highlight,145,8378,0,0.0,"Premiered Apr 16, 2026",False
Ht8aK0PcN6Y,https://www.youtube.com/watch?v=Ht8aK0PcN6Y,Is this the Future of Real-Time Mining Data? ft. MineSense,highlight,251,7358,3,0.0408,"Premiered Apr 16, 2026",False
wqs9DGoN780,https://www.youtube.com/watch?v=wqs9DGoN780,MineSense Part 2: How BeltSense and ShovelSense Improve Grade Control #345,episode,3536,51385,18,0.035,"Premiered Apr 16, 2026",False
VmDm915tfK4,https://www.youtube.com/watch?v=VmDm915tfK4,How WSP Sees FAST-41 Changing U.S. Mining Permitting Timelines,highlight,239,2680,1,0.0373,"Premiered Apr 14, 2026",False
BJb1L97uD3o,https://www.youtube.com/watch?v=BJb1L97uD3o,WSP on the Missing Link in America’s Rare Earth Strategy,highlight,271,2714,2,0.0737,"Premiered Apr 14, 2026",False
POPOEocYp0E,https://www.youtube.com/watch?v=POPOEocYp0E,WSP: Building America’s Rare Earth Supply Chain From Mine to Magnet #344,episode,2706,122039,49,0.0402,"Premiered Apr 14, 2026",False
v5RADa0ntFk,https://www.youtube.com/watch?v=v5RADa0ntFk,Graymont Shares Inside Look at Stone to Lime Production Process,highlight,159,1984,1,0.0504,"Premiered Apr 10, 2026",False
Q3z9arBeDNE,https://www.youtube.com/watch?v=Q3z9arBeDNE,Graymont explains how Graybond replaces up to 50% of Cement,highlight,140,1660,1,0.0602,"Premiered Apr 10, 2026",False
pPZWGehESO8,https://www.youtube.com/watch?v=pPZWGehESO8,Graymont Part 6: Documentary Special | Inside the Superior Plant Reinventing Cement #61,episode,2701,34471,19,0.0551,"Premiered Apr 10, 2026",False
fewmbvOPXXw,https://www.youtube.com/watch?v=fewmbvOPXXw,"Surestrike XS Series: Less Maintenance, More Power!",highlight,125,1854,0,0.0,"Premiered Apr 9, 2026",False
8FIzrfc0K6E,https://www.youtube.com/watch?v=8FIzrfc0K6E,Surestrike Reveals the Hidden Cost Iceberg Draining Construction Profits,highlight,193,1584,0,0.0,"Premiered Apr 9, 2026",False
87Px9M4j1ks,https://www.youtube.com/watch?v=87Px9M4j1ks,Surestrike Part 3: The Hidden Costs Killing Construction Profits + Force & Finesse Framework #60,episode,2045,30398,7,0.023,"Premiered Apr 9, 2026",False
3s5LkGSoERk,https://www.youtube.com/watch?v=3s5LkGSoERk,How MAJOR Adapts FLEX-MAT® Screening Solutions for Every Construction Application,highlight,190,1859,0,0.0,"Premiered Apr 8, 2026",False
xZjxGlKona8,https://www.youtube.com/watch?v=xZjxGlKona8,How to Stop Downtime on Construction Sites with MAJOR’s FLEX-MAT® + RFID Screening Solutions,highlight,201,1909,0,0.0,"Premiered Apr 8, 2026",False
juexCIPiG-U,https://www.youtube.com/watch?v=juexCIPiG-U,MAJOR FLEX-MAT® Part 2: FLEX-MAT® Solutions to Boost Screening Performance #59,episode,2737,105268,15,0.0142,"Premiered Apr 8, 2026",False
qJs7QKr3kzc,https://www.youtube.com/watch?v=qJs7QKr3kzc,Women in Mining Reveals How to Keep Women Thriving in Mining Careers,highlight,176,1715,0,0.0,"Premiered Apr 7, 2026",False
puyzhorjda8,https://www.youtube.com/watch?v=puyzhorjda8,Women in Mining Shares Mentorship Secrets for Women in Mining,highlight,125,1814,0,0.0,"Premiered Apr 7, 2026",False
KctZk-DABi8,https://www.youtube.com/watch?v=KctZk-DABi8,Women in Mining: What to Expect at the 2026 Women in Mining Annual Conference #343,episode,1831,107021,32,0.0299,"Premiered Apr 7, 2026",False
3AAwXrnyUlQ,https://www.youtube.com/watch?v=3AAwXrnyUlQ,Gasboy Reveals How to Track Every Drop of Fuel – Fleet Management Made Easy,highlight,158,1709,1,0.0585,"Premiered Apr 2, 2026",False
1P4579bPxHM,https://www.youtube.com/watch?v=1P4579bPxHM,Gasboy EKOS Explained: From Fuel Dispensing to Enterprise-Level Software,highlight,153,2101,0,0.0,"Premiered Apr 2, 2026",False
exynupbRLfc,https://www.youtube.com/watch?v=exynupbRLfc,Gasboy Part 2: Fuel Management Systems Explained | EKOS Software + Fleet Control #58,episode,3039,105542,25,0.0237,"Premiered Apr 2, 2026",False
H7O6DNZyW_A,https://www.youtube.com/watch?v=H7O6DNZyW_A,Panoramic Doors Features Hurricane Ready Door Built for Extreme Coastal Construction,highlight,80,1720,1,0.0581,"Premiered Apr 1, 2026",False
V_o4ROAjn_s,https://www.youtube.com/watch?v=V_o4ROAjn_s,Panoramic Doors™ Part 2: Hurricane-Ready Coastal Door Collection Explained #57,episode,710,26252,7,0.0267,"Premiered Apr 1, 2026",False
4do9I1qqM9c,https://www.youtube.com/watch?v=4do9I1qqM9c,"Moduline Cabinets Talks About Custom Storage Solutions for Construction, Trailers, & Shops",highlight,170,1499,0,0.0,"Premiered Mar 26, 2026",False
7kDrQc3U7Zg,https://www.youtube.com/watch?v=7kDrQc3U7Zg,"Moduline Cabinets Features High-Quality Cabinets for OEM, Government & Construction",highlight,182,1525,0,0.0,"Premiered Mar 26, 2026",False
Hg_0J8zy8m8,https://www.youtube.com/watch?v=Hg_0J8zy8m8,Moduline Cabinets: Solving Storage Failures with Precision-Built Aluminum Cabinets #56,episode,2500,57876,14,0.0242,"Premiered Mar 26, 2026",False
65u5xe7YBB0,https://www.youtube.com/watch?v=65u5xe7YBB0,How IFS Uses Industrial AI to Reduce Downtime in Mining,highlight,186,10433,0,0.0,"Premiered Mar 24, 2026",False
x0gIooFcIfA,https://www.youtube.com/watch?v=x0gIooFcIfA,IFS Explains The Shift From Reactive to Predictive Mining Operations,highlight,249,7719,1,0.013,"Premiered Mar 24, 2026",False
G9Etw0duAD4,https://www.youtube.com/watch?v=G9Etw0duAD4,IFS: How to Future-Proof Mining Operations Today with Industrial AI #342,episode,3954,108493,64,0.059,"Premiered Mar 24, 2026",False
k2jsXBu2vgE,https://www.youtube.com/watch?v=k2jsXBu2vgE,How Wolong Electric America Delivers Faster Than Competitors – 30+ Factories Explained,highlight,184,1959,0,0.0,"Premiered Mar 18, 2026",False
DJrtHH44Wdc,https://www.youtube.com/watch?v=DJrtHH44Wdc,Wolong Electric America Explains The Difference Between a Motor That Works and One That Fails,highlight,125,2251,1,0.0444,"Premiered Mar 18, 2026",False
8bLu70BGe44,https://www.youtube.com/watch?v=8bLu70BGe44,Wolong Electric America: Heavy-Duty Motors for Mining Operations #341,episode,3076,124075,46,0.0371,"Premiered Mar 17, 2026",False
GCHTJ3gylkA,https://www.youtube.com/watch?v=GCHTJ3gylkA,Fire-Resistant Wall Panels | LP BurnGuard™ FRT OSB by LP Building Solutions | @LP Building Solutions,highlight,91,1674,2,0.1195,"Premiered Mar 12, 2026",False
7V9ZyL5s-yY,https://www.youtube.com/watch?v=7V9ZyL5s-yY,LP Building Solutions Part 3: Fire-Resistant Panels with LP BurnGuard™ FRT OSB #55 | @LP Building Solutions,episode,512,25947,12,0.0462,"Premiered Mar 12, 2026",False
33vkPk9VxFI,https://www.youtube.com/watch?v=33vkPk9VxFI,Why Is the Oil & Gas Industry Choosing Stepup Scaffold?,highlight,107,1600,1,0.0625,"Premiered Mar 10, 2026",False
xu3-fgHGXD4,https://www.youtube.com/watch?v=xu3-fgHGXD4,Stepup Scaffold: 28 Years of Innovation in Scaffolding Manufacturing #54,episode,879,27492,7,0.0255,"Premiered Mar 10, 2026",False
33QwMW6Os4Q,https://www.youtube.com/watch?v=33QwMW6Os4Q,CONEXPO-CON/AGG: AEM’s Strategy to Transform Construction in 2026 #150,episode,4148,50895,19,0.0373,"Mar 2, 2026",False
YZozaDQnwaQ,https://www.youtube.com/watch?v=YZozaDQnwaQ,"What Does ""Designed for the Job Site"" Actually Mean? ft. Blaklader",highlight,142,2216,0,0.0,"Premiered Feb 26, 2026",False
ATNNXhG78KI,https://www.youtube.com/watch?v=ATNNXhG78KI,The Engineering Behind Blaklader's Safety Boots,highlight,134,2458,1,0.0407,"Premiered Feb 26, 2026",False
uKrssXsu8EE,https://www.youtube.com/watch?v=uKrssXsu8EE,Blaklader: The Ultimate Premium Workwear for Construction #53,episode,1946,50331,25,0.0497,"Premiered Feb 26, 2026",False
h5RBzZj_oU0,https://www.youtube.com/watch?v=h5RBzZj_oU0,Why Are Fleet Managers Choosing Revitalize Mixers?,highlight,133,1726,2,0.1159,"Premiered Feb 24, 2026",False
kOG9-e2LSjE,https://www.youtube.com/watch?v=kOG9-e2LSjE,Revitalize Mixers: Transforming Old Mixer Trucks for Heavy-Duty Construction #52,episode,777,25776,10,0.0388,"Premiered Feb 24, 2026",False
WyGawERQ3uM,https://www.youtube.com/watch?v=WyGawERQ3uM,How does Ampcontrol's Mining Overhaul Save Millions?,highlight,252,1554,0,0.0,"Premiered Feb 19, 2026",False
SSvlW6SfYdU,https://www.youtube.com/watch?v=SSvlW6SfYdU,Ampcontrol's Transportable High-Power Charger for Mining,highlight,178,1512,0,0.0,"Premiered Feb 19, 2026",False
kc7_Mb4-3YY,https://www.youtube.com/watch?v=kc7_Mb4-3YY,Ampcontrol: Future-Proofing Mines with Smart Electrification Solutions #340,episode,2377,113478,32,0.0282,"Premiered Feb 19, 2026",False
BzBi1pfhJZk,https://www.youtube.com/watch?v=BzBi1pfhJZk,AEM Reveals CONEXPO-CON/AGG 2026 Exciting Workshop Plans | Crownsmen Partners Show Exclusive,highlight,105,2495,1,0.0401,"Premiered Feb 12, 2026",False
CO-a2fXXKpA,https://www.youtube.com/watch?v=CO-a2fXXKpA,AEM Shares Must-Know Tips for CONEXPO-CON/AGG Exhibitors & Attendees,mid_clip,310,1477,0,0.0,"Premiered Feb 12, 2026",False
nTB5TvDjD2c,https://www.youtube.com/watch?v=nTB5TvDjD2c,Crownsmen Partners Shares How a Sledding Trip Turned into a Wrist-Breaking Story,highlight,266,1627,0,0.0,"Premiered Feb 12, 2026",False
UhfKT8ljV2M,https://www.youtube.com/watch?v=UhfKT8ljV2M,Crownsmen Partners Weighs In On The Cheniere Energy Drama | Activist Investors vs. Founders,highlight,262,5111,0,0.0,"Premiered Feb 6, 2026",False
werCy48WBg0,https://www.youtube.com/watch?v=werCy48WBg0,Crownsmen Partners Shares The Unwritten Rules of Meetings | Stop Saying This in Meetings!,mid_clip,327,3127,1,0.032,"Premiered Feb 6, 2026",False
TAmFhCkM0zw,https://www.youtube.com/watch?v=TAmFhCkM0zw,"Crownsmen Partners Talk About The World's Largest Cranes | The Engineering Behind 5,000-Ton Lifts",episode,754,1152,0,0.0,"Premiered Feb 6, 2026",False
LwZX9ISE03A,https://www.youtube.com/watch?v=LwZX9ISE03A,"TCS #149: Islander Lager + World’s Largest Cranes, Cheniere Energy, & Meeting Etiquette",episode,3781,53680,35,0.0652,"Premiered Feb 6, 2026",True
V1l-rUEFtAU,https://www.youtube.com/watch?v=V1l-rUEFtAU,Is Streetleaf the Future of Street Lights?,highlight,85,1982,0,0.0,"Premiered Feb 3, 2026",False
jM8MMTy8hyQ,https://www.youtube.com/watch?v=jM8MMTy8hyQ,"Streetleaf: Innovative Street Lights that are Faster, Cheaper, and Off-Grid #51",episode,769,25215,9,0.0357,"Premiered Feb 3, 2026",False
OmNlguc3nzs,https://www.youtube.com/watch?v=OmNlguc3nzs,Crownsmen Partners Talk About The Surprising Truth About Whistler’s Name + Marty the Miner,highlight,156,47442,0,0.0,"Premiered Jan 29, 2026",False
bMrpRqu-qeU,https://www.youtube.com/watch?v=bMrpRqu-qeU,"Crownsmen Partners Weighs on APA Corporation | Alpine High, Stock Crashes, and Investor Lawsuits",mid_clip,318,31790,3,0.0094,"Premiered Jan 29, 2026",False
bTSBUsAJQ9Y,https://www.youtube.com/watch?v=bTSBUsAJQ9Y,"Crownsmen Partners talk about The Worst Engineering Disasters Ever | Chernobyl, Tacoma & Rana Plaza",mid_clip,402,23597,12,0.0509,"Premiered Jan 29, 2026",False
pn3e_69fQ0M,https://www.youtube.com/watch?v=pn3e_69fQ0M,"TCS #148: Mountaineer Pilsner + APA Corporation Deep Dive, Top 5 Business Lessons, Smart Decisions",episode,4024,51253,22,0.0429,"Premiered Jan 29, 2026",True
GoXmnElTtmY,https://www.youtube.com/watch?v=GoXmnElTtmY,Biggest Hidden Challenge for Electric Fleets ft. SMS Equipment,highlight,242,3434,0,0.0,"Premiered Jan 27, 2026",False
C6qyXfIvUDk,https://www.youtube.com/watch?v=C6qyXfIvUDk,How Should Mines Research Sustainability? ft. SMS Equipment,highlight,224,2988,0,0.0,"Premiered Jan 27, 2026",False
Alo5NrTaZUo,https://www.youtube.com/watch?v=Alo5NrTaZUo,SMS Equipment Part 7: Matching Decarbonization Tech to Your Unique Mine #339,episode,2310,46465,15,0.0323,"Premiered Jan 27, 2026",False
0hCXdIOfqx0,https://www.youtube.com/watch?v=0hCXdIOfqx0,What is Intelligent Automation? ft WEIR,highlight,143,2285,0,0.0,"Premiered Jan 20, 2026",False
uRJZkwudt04,https://www.youtube.com/watch?v=uRJZkwudt04,How WEIR Protects Critical Assets,highlight,165,9797,0,0.0,"Premiered Jan 20, 2026",False
iAox__VPJ-E,https://www.youtube.com/watch?v=iAox__VPJ-E,WEIR Part 3: Intelligent Automation and the Future of Mining #338,episode,1836,36215,10,0.0276,"Premiered Jan 20, 2026",False
5AI8XVl9tRM,https://www.youtube.com/watch?v=5AI8XVl9tRM,Why Do Mines Choose ADE Cannons?,highlight,197,6927,1,0.0144,"Premiered Jan 13, 2026",False
8_78zH79KYQ,https://www.youtube.com/watch?v=8_78zH79KYQ,How ADE's sprayer Tech Transformed This Site,highlight,118,9656,0,0.0,"Premiered Jan 13, 2026",False
7tPA6qgk79M,https://www.youtube.com/watch?v=7tPA6qgk79M,Australian Diversified Engineering Part 2: Precision Water Nozzles for Harsh Mining Conditions #337,episode,3354,58418,24,0.0411,"Premiered Jan 13, 2026",False
___4ksvU7A8,https://www.youtube.com/watch?v=___4ksvU7A8,How SafeGauge Turns Feedback Into Features,highlight,104,3386,1,0.0295,"Premiered Jan 8, 2026",False
gDqYZ2NFZ8I,https://www.youtube.com/watch?v=gDqYZ2NFZ8I,SafeGauge Part 5: Inside The Industrial Design Process for Precise Mining Tools #336,episode,853,27944,8,0.0286,"Premiered Jan 8, 2026",False
m2K3tNSFuAM,https://www.youtube.com/watch?v=m2K3tNSFuAM,Crownsmen Partners Shares Top 5 Lessons & Heavy Industry Insights,highlight,182,2703,0,0.0,"Premiered Dec 23, 2025",False
EJD3os3LCmE,https://www.youtube.com/watch?v=EJD3os3LCmE,Crownsmen Partners Driving Growth with Partnerships,highlight,263,2395,2,0.0835,"Premiered Dec 23, 2025",False
Xsio7FZShs4,https://www.youtube.com/watch?v=Xsio7FZShs4,Crownsmen Partners Discuss Maximize Returns with Focused Investing & Strategy,mid_clip,308,1839,1,0.0544,"Premiered Dec 23, 2025",False
6Wr7v4LuSG4,https://www.youtube.com/watch?v=6Wr7v4LuSG4,"TCS #147: Crownsmen Partners Christmas Special - Dinosour + Industry Lessons, Partnerships, Events",episode,3783,35845,15,0.0418,"Premiered Dec 23, 2025",True
r6eWLQ6w1dg,https://www.youtube.com/watch?v=r6eWLQ6w1dg,How Does the Atlas X Maximize Fuel Efficiency? ft. Gasboy,highlight,202,1924,0,0.0,"Premiered Dec 11, 2025",False
o9pnKrZALdI,https://www.youtube.com/watch?v=o9pnKrZALdI,Gasboy showcases EKOS: The All-in-One Fuel Operations Software,highlight,173,10682,1,0.0094,"Premiered Dec 11, 2025",False
XmiFuliRRiM,https://www.youtube.com/watch?v=XmiFuliRRiM,Gasboy: The Future of Heavy Industry Fuel Management #50,episode,2653,51063,7,0.0137,"Premiered Dec 11, 2025",False
glT5uQHbUO0,https://www.youtube.com/watch?v=glT5uQHbUO0,How This Winch Makes Utility Work Safer & Faster ft. Richards Manufacturing,highlight,179,707,0,0.0,"Premiered Dec 9, 2025",False
6v9H8jPLd18,https://www.youtube.com/watch?v=6v9H8jPLd18,Richards Manufacturing: The Power-Assisted Winch for Modern Linemen ft. Warn Industries #53,episode,718,29449,4,0.0136,"Premiered Dec 9, 2025",False
tItsN6TdD1Y,https://www.youtube.com/watch?v=tItsN6TdD1Y,Is this the Future of Job Site Mats? ft. Spartan Composites,highlight,82,2613,1,0.0383,"Premiered Dec 4, 2025",False
OHyqH8abU5E,https://www.youtube.com/watch?v=OHyqH8abU5E,Heavy-Duty Composite Matting Innovation ft. Spartan Composites,short,45,4076,1,0.0245,"Premiered Dec 4, 2025",False
PEjj8APqpf8,https://www.youtube.com/watch?v=PEjj8APqpf8,"Spartan Composites: SYSTEM7 XT™ - Customizable, Heavy-Duty Matting for Any Project #52",episode,1460,56860,9,0.0158,"Premiered Dec 4, 2025",False
0zSScnvwrGs,https://www.youtube.com/watch?v=0zSScnvwrGs,Is VOSKER VKX the Ultimate Remote Security Camera?,highlight,67,1332,0,0.0,"Premiered Dec 2, 2025",False
vSqtgsVRZjQ,https://www.youtube.com/watch?v=vSqtgsVRZjQ,VOSKER Part 2: Featuring VKX - A Standalone Security System for Rural & Remote Locations #146,episode,608,51626,14,0.0271,"Premiered Dec 2, 2025",False
iJ98qvIit9g,https://www.youtube.com/watch?v=iJ98qvIit9g,"What Makes an ADE Product ""Premium""?",highlight,114,34,2,5.8824,"Nov 27, 2025",False
akxWIK7zw6A,https://www.youtube.com/watch?v=akxWIK7zw6A,Australian Diversified Engineering: Exclusive Tour - Building a Premium Electrical Harness #335,episode,822,26292,10,0.038,"Premiered Nov 27, 2025",False
tnOSd4I0Qgw,https://www.youtube.com/watch?v=tnOSd4I0Qgw,Top 5 Crownsmen Episodes,episode,494,14,0,0.0,"Premiered Nov 20, 2025",False
X3C40FtfszY,https://www.youtube.com/watch?v=X3C40FtfszY,Can The Teck and Anglo American Merger Actually Work?,mid_clip,463,39,0,0.0,"Premiered Nov 20, 2025",False
OkUgXdKriC8,https://www.youtube.com/watch?v=OkUgXdKriC8,Is THIS the Secret to a Happy Marriage?,highlight,158,19,0,0.0,"Premiered Nov 20, 2025",False
XuxtNG7ScDU,https://www.youtube.com/watch?v=XuxtNG7ScDU,"TCS 144: Best Crownsmen Episodes, Anglo Teck Merger Insights, and Marriage Survival Tips",episode,4830,52850,22,0.0416,"Premiered Nov 20, 2025",True
pgqZu9_1Ass,https://www.youtube.com/watch?v=pgqZu9_1Ass,Drylet is Beating E. coli & Solids with BioDredger & Aqua Assist,highlight,150,5477,2,0.0365,"Premiered Nov 18, 2025",False
aZg8t-Ndm6Y,https://www.youtube.com/watch?v=aZg8t-Ndm6Y,Is This Bacteria The Future of Water Treatment? ft. Drylet,mid_clip,368,1328,2,0.1506,"Premiered Nov 18, 2025",False
QeGsyukgQnE,https://www.youtube.com/watch?v=QeGsyukgQnE,Drylet: Destroying Sludge & Saving Millions in Water Treatment #49,episode,2801,124403,16,0.0129,"Premiered Nov 18, 2025",False
CFr_GxoJ-qw,https://www.youtube.com/watch?v=CFr_GxoJ-qw,Why is Mud Dog® Replacing Digging in Cities? ft. Super Products,highlight,287,2388,1,0.0419,"Premiered Nov 13, 2025",False
NvGGVllRYuA,https://www.youtube.com/watch?v=NvGGVllRYuA,The Ultimate Sewer Cleaning Machine ft. Super Products,highlight,153,5217,1,0.0192,"Premiered Nov 13, 2025",False
iNWFGHl4d68,https://www.youtube.com/watch?v=iNWFGHl4d68,Super Products: Secrets to Non-Destructive Digging and Safer Construction #48,episode,2187,114679,5,0.0044,"Premiered Nov 13, 2025",False
RCsoxTo7b4s,https://www.youtube.com/watch?v=RCsoxTo7b4s,"Epiroc Part 3: One-Stop Shop for the Electric Mine: BEVs, Charging, & Infrastructure #334",episode,726,27528,4,0.0145,"Nov 12, 2025",False
KIOZUJrmzIc,https://www.youtube.com/watch?v=KIOZUJrmzIc,Is GRAYBOND™ the Future of Sustainable Construction? ft. Graymont,highlight,151,21,0,0.0,"Premiered Nov 6, 2025",False
edmHXK19GOE,https://www.youtube.com/watch?v=edmHXK19GOE,The GRAYBOND™ Cement Durability Experiment ft. Graymont,highlight,223,98,1,1.0204,"Nov 6, 2025",False
XU2gn2T1tjw,https://www.youtube.com/watch?v=XU2gn2T1tjw,Graymont Part 5: The Sustainable Cement Alternative for Modern Construction ft. GRAYBOND™ #47,episode,2207,34248,5,0.0146,"Premiered Nov 6, 2025",False
Nw4iNbPpRhU,https://www.youtube.com/watch?v=Nw4iNbPpRhU,What's New with SENTRYTough? ft. Blacoh Industries,short,45,12,2,16.6667,"Nov 4, 2025",False
fNC-yYFdyCA,https://www.youtube.com/watch?v=fNC-yYFdyCA,"Blacoh Industries Part 2: SENTRYTough Product Launch - Bigger Sizes, Higher Pressure #145",episode,494,33765,1,0.003,"Nov 4, 2025",False
ecngTCFZBjg,https://www.youtube.com/watch?v=ecngTCFZBjg,The Engineering Behind BMK’s Polecrete Stabilizer,highlight,106,33,0,0.0,"Premiered Oct 28, 2025",False
gbkpicHyB7U,https://www.youtube.com/watch?v=gbkpicHyB7U,BMK Products: Polecrete Stabilizer - The Future of Post & Pole Stabilization Foam #46,episode,657,30032,9,0.03,"Premiered Oct 28, 2025",False
ni4ZVXzr3WA,https://www.youtube.com/watch?v=ni4ZVXzr3WA,Is Fortis Inc. the Smartest Utility Investment in North America? Crownsmen Partners Breaks It Down,highlight,274,402,6,1.4925,"Premiered Oct 9, 2025",False
FrST-FIx13Y,https://www.youtube.com/watch?v=FrST-FIx13Y,Crownsmen Partners Shares How Sammy Hagar Turned Rock Stardom Into a $150M Empire,highlight,177,12,0,0.0,"Premiered Oct 9, 2025",False
1XVewoSBUWo,https://www.youtube.com/watch?v=1XVewoSBUWo,Crownsmen Partners Explores The Top 5 Biggest Power Plants in the World,episode,793,57,2,3.5088,"Premiered Oct 9, 2025",False
8yMm2ECyrow,https://www.youtube.com/watch?v=8yMm2ECyrow,"TCS 143: NLB Frig Off + World’s Biggest Power Plants, Fortis Inc. Investment, Win-Lose Negotiations",episode,4013,53371,16,0.03,"Premiered Oct 9, 2025",True
HW_ABsHsgHA,https://www.youtube.com/watch?v=HW_ABsHsgHA,COMING SOON on Mining NOW: Epiroc Filmed at MEMO,short,36,31,2,6.4516,"Premiered Oct 3, 2025",False
zOapcBhIP_w,https://www.youtube.com/watch?v=zOapcBhIP_w,Skyjack’s TH Series 519 Telehandler Built for Modern Construction,highlight,168,127,0,0.0,"Oct 1, 2025",False
qWlyk7Ef01g,https://www.youtube.com/watch?v=qWlyk7Ef01g,Skyjack Part 3: TH Series Telehandlers Driving Efficiency and Uptime in Construction #45,episode,833,27130,6,0.0221,"Premiered Oct 1, 2025",False
leJgnq5IrPc,https://www.youtube.com/watch?v=leJgnq5IrPc,COMING SOON on The Construction Show | Drylet at WEFTEC | Bioremediation Technology,highlight,60,27,0,0.0,"Premiered Sep 30, 2025",False
NK3rcQen7Js,https://www.youtube.com/watch?v=NK3rcQen7Js,Coming Soon on The Crownsmen Show: Blacoh Industries New SENTRYtough™ | Filmed at WEFTEC,short,56,29,0,0.0,"Premiered Sep 30, 2025",False
Bun_L8Nb8vU,https://www.youtube.com/watch?v=Bun_L8Nb8vU,Eriez's New Brute Force Feeder: the  Smarter Way to Feed Materials,highlight,205,1999,0,0.0,"Premiered Sep 24, 2025",False
AaV7ZO1uL4I,https://www.youtube.com/watch?v=AaV7ZO1uL4I,How Does HydroFloat Fix Flotation's Weakness? ft. Eriez,highlight,198,5539,1,0.0181,"Premiered Sep 24, 2025",False
0s7k3dewUFM,https://www.youtube.com/watch?v=0s7k3dewUFM,Eriez: Revolutionizing Mineral Processing with HydroFloat & StackCell #333,episode,3395,59186,12,0.0203,"Premiered Sep 24, 2025",False
pFhz3h56hMQ,https://www.youtube.com/watch?v=pFhz3h56hMQ,Smart Solutions for Mineral Exploration & Mining ft. Orica Digital Solutions and Axis,highlight,190,83,0,0.0,"Sep 16, 2025",False
nGSMjcc-J4Q,https://www.youtube.com/watch?v=nGSMjcc-J4Q,How did Axis Mining Technology Achieve a 50% Failure Rate Reduction ft. Orica Digital Solutions,highlight,211,53,2,3.7736,"Sep 16, 2025",False
3nTgAwa7e24,https://www.youtube.com/watch?v=3nTgAwa7e24,Orica Digital Solutions 6: How Axis Mining Tech Revolutionises Mineral Exploration Worldwide #332,episode,2991,60941,13,0.0213,"Premiered Sep 16, 2025",False
e1dhd7q-fcY,https://www.youtube.com/watch?v=e1dhd7q-fcY,What Makes Skyjack’s EasyDrive Feature Safer Than Other Boom Lifts?,highlight,121,59,0,0.0,"Premiered Sep 10, 2025",False
PpAYnU-zRW4,https://www.youtube.com/watch?v=PpAYnU-zRW4,Skyjack Boom Lifts That Contractors Trust for Every Project,highlight,113,111,1,0.9009,"Premiered Sep 10, 2025",False
w_Bizl8wFso,https://www.youtube.com/watch?v=w_Bizl8wFso,Skyjack Part 2: Fully-Equipped Boom Lifts for Demanding Construction Projects #44,episode,1049,30084,4,0.0133,"Premiered Sep 10, 2025",False
ryJRFvbdNCE,https://www.youtube.com/watch?v=ryJRFvbdNCE,Crownsmen Partners Behind the Scenes: She Got Caught Shopping for Security Cameras While Filming!,highlight,103,32,0,0.0,"Premiered Sep 5, 2025",False
KGI7He7MZMY,https://www.youtube.com/watch?v=KGI7He7MZMY,Crownsmen Partners Explores the Top 5 Deepest Mines in the World,episode,519,130,1,0.7692,"Premiered Sep 5, 2025",False
0HYvETJ_ijg,https://www.youtube.com/watch?v=0HYvETJ_ijg,Is NextEra Energy’s Billion-Dollar Renewable Push Paying Off? | Crownsmen Partners Investigates,mid_clip,330,473,6,1.2685,"Premiered Sep 5, 2025",False
aq7KttdBgEY,https://www.youtube.com/watch?v=aq7KttdBgEY,"TCS 142: Exploring the Depths in Mining, Energy, and Industrial Innovation",episode,3219,1619,6,0.3706,"Premiered Sep 5, 2025",True
qiLjMJcuPGI,https://www.youtube.com/watch?v=qiLjMJcuPGI,Inside Wabtec’s Collision Avoidance System ft. SMS Equipment,highlight,135,125,1,0.8,"Premiered Aug 28, 2025",False
WobLVdq-5OY,https://www.youtube.com/watch?v=WobLVdq-5OY,Can AI Stop Mining Vehicle Collisions? ft Wabtec and SMS Equipment,highlight,111,46,1,2.1739,"Premiered Aug 28, 2025",False
2Hg_2d52ntc,https://www.youtube.com/watch?v=2Hg_2d52ntc,SMS Equipment Part 6: How Does Wabtec's Gen 3 CAS Stop Mining Collisions? #331,episode,1834,47977,10,0.0208,"Premiered Aug 28, 2025",False
-xrRuAfmZu8,https://www.youtube.com/watch?v=-xrRuAfmZu8,"Coming Soon on The Crownsmen Show: GRAYBOND™ by Graymont | Like cement, only better",highlight,61,165,2,1.2121,"Premiered Aug 27, 2025",False
vOrNCMMaUN4,https://www.youtube.com/watch?v=vOrNCMMaUN4,Nolinor Aviation’s New 737-200 & Strategic Edmonton Expansion,mid_clip,306,53,1,1.8868,"Aug 27, 2025",False
OndpNCDFfJk,https://www.youtube.com/watch?v=OndpNCDFfJk,How does Nolinor Aviation Tackle the Toughest Runways?,highlight,197,36,1,2.7778,"Aug 27, 2025",False
-yrXOzCnwCM,https://www.youtube.com/watch?v=-yrXOzCnwCM,Nolinor Aviation Part 2: Flying Where Others Can't with the NOLINOR 737-200 Gravel Kit #330,episode,2604,110561,16,0.0145,"Premiered Aug 27, 2025",False
xsjpyezT9P8,https://www.youtube.com/watch?v=xsjpyezT9P8,The Secret Behind Rio Tinto's Global Success,highlight,244,260,0,0.0,"Premiered Aug 21, 2025",False
82T91kZHFmU,https://www.youtube.com/watch?v=82T91kZHFmU,How do Consumers Affect Mining Companies’ Decarbonization Goals? ft. Rio Tinto,highlight,158,46,0,0.0,"Premiered Aug 21, 2025",False
N4qo8jbpcVM,https://www.youtube.com/watch?v=N4qo8jbpcVM,"Rio Tinto: Driving Diversity, Innovation, and ESG in Mining #329",episode,3356,59266,14,0.0236,"Premiered Aug 21, 2025",False
dU3Qk6_5leQ,https://www.youtube.com/watch?v=dU3Qk6_5leQ,Is Orica's WebGen™ Technology The End of Wired Blasting in Mining?,highlight,235,308,0,0.0,"Premiered Aug 20, 2025",False
f0C3jtRQ1b4,https://www.youtube.com/watch?v=f0C3jtRQ1b4,Smarter Blasting for Complex Mine Geometries with Orica’s WebGen™ Technology,highlight,254,108,0,0.0,"Premiered Aug 20, 2025",False
GiE7OBl9BI4,https://www.youtube.com/watch?v=GiE7OBl9BI4,Orica Blasting Part 1: How WebGen™ Wireless Blasting Unlocks Ore Others Can’t Reach #328,episode,2538,61938,16,0.0258,"Premiered Aug 20, 2025",False
Ho767lYkVKY,https://www.youtube.com/watch?v=Ho767lYkVKY,Maximizing Mining Profit with WARMAN® Pumps ft. Weir,highlight,114,73,1,1.3699,"Premiered Aug 19, 2025",False
BM3LcwcMnXM,https://www.youtube.com/watch?v=BM3LcwcMnXM,Is Terraflowing the Future of Tailings Management? ft. Weir,highlight,100,85,1,1.1765,"Premiered Aug 19, 2025",False
YpErEpwVftY,https://www.youtube.com/watch?v=YpErEpwVftY,"Weir Part 2: Why Top Mines Trust LINATEX®, WARMAN®, & CAVEX® #327",episode,1885,38463,11,0.0286,"Premiered Aug 19, 2025",False
h6OCwDkqOyw,https://www.youtube.com/watch?v=h6OCwDkqOyw,The Range of Metso’s Mining Technology,highlight,198,229,4,1.7467,"Premiered Aug 14, 2025",False
cG_w3-oPeOM,https://www.youtube.com/watch?v=cG_w3-oPeOM,How Do Cyclones & Pumps Impact Mining Operations? ft. Metso,mid_clip,302,224,2,0.8929,"Premiered Aug 14, 2025",False
CvhUBDHcV1Y,https://www.youtube.com/watch?v=CvhUBDHcV1Y,Metso: Proven and Trusted End-to-End Mining Solutions - From Crushing to Filtration #326,episode,2037,51761,26,0.0502,"Aug 14, 2025",False
bPvOXwx2GnA,https://www.youtube.com/watch?v=bPvOXwx2GnA,How does the LP NovaCore® Improve Wall Strength & Insulation? ft. LP Building Solutions,highlight,110,119,1,0.8403,"Premiered Aug 13, 2025",False
m4J0mkW46QU,https://www.youtube.com/watch?v=m4J0mkW46QU,LP Building Solutions Part 2:  LP NovaCore® - The Future of Insulated Sheathing #43,episode,869,26149,7,0.0268,"Premiered Aug 13, 2025",False
LdzulpMFDaY,https://www.youtube.com/watch?v=LdzulpMFDaY,How Did This Salon Become the Busiest in the Lower Mainland? ft. Daniel Kofi Ampong,highlight,268,31,0,0.0,"Premiered Aug 11, 2025",False
FEaiqfotlE0,https://www.youtube.com/watch?v=FEaiqfotlE0,Balancing Kindness and Law Enforcement ft. Daniel Kofi Ampong,mid_clip,343,33,1,3.0303,"Premiered Aug 11, 2025",False
olkJpFFjT7A,https://www.youtube.com/watch?v=olkJpFFjT7A,How this Salon Business Became a Community Hub ft. Daniel Kofi Ampong #17,episode,3385,26438,5,0.0189,"Premiered Aug 11, 2025",False
KYHYHvh3X0I,https://www.youtube.com/watch?v=KYHYHvh3X0I,Upskilling 500+ Mining Engineers and Surveyors with Specialized Training ft. AMPS,highlight,89,157,1,0.6369,"Premiered Aug 7, 2025",False
vZahv8nwImg,https://www.youtube.com/watch?v=vZahv8nwImg,AMPS Part 2: Training the Next Generation of Mining Engineers and Surveyors #325,episode,935,31026,4,0.0129,"Premiered Aug 7, 2025",False
XqLfgyvQNFY,https://www.youtube.com/watch?v=XqLfgyvQNFY,Duratray’s Growth in Gold & Copper Markets,highlight,111,78,1,1.2821,"Premiered Aug 6, 2025",False
JFZThsbNwow,https://www.youtube.com/watch?v=JFZThsbNwow,Could Your Mining Equipment Handle the Australian Outback? ft. Don Kyatt/Terrain Tamer,highlight,109,70,0,0.0,"Premiered Aug 6, 2025",False
x7pB8kDAL4k,https://www.youtube.com/watch?v=x7pB8kDAL4k,Gekko’s Secret to Dominating the Gold Mining Industry,highlight,80,74,3,4.0541,"Premiered Aug 6, 2025",False
b7X248bLPyw,https://www.youtube.com/watch?v=b7X248bLPyw,"Global Victoria Part 6: Mining Expansion feat Duratray, Don Kyatt, & Gekko Systems #324",episode,2084,112066,14,0.0125,"Premiered Aug 6, 2025",False
vgjZSew4QM0,https://www.youtube.com/watch?v=vgjZSew4QM0,How does the Albion Process revolutionize Copper Mining? ft. Glencore Technology and Hudbay Minerals,highlight,83,185,0,0.0,"Premiered Aug 5, 2025",False
Y9xLF990bWM,https://www.youtube.com/watch?v=Y9xLF990bWM,Optimizing the Goldex Mine Operations with the Jameson Cell ft. Glencore Technology and Agnico Eagle,highlight,131,123,2,1.626,"Premiered Aug 5, 2025",False
o_YJn2_c0ps,https://www.youtube.com/watch?v=o_YJn2_c0ps,Glencore Technology 6: How Innovation is Transforming Mining ft. Hudbay Minerals & Agnico Eagle #323,episode,1317,26048,7,0.0269,"Premiered Aug 5, 2025",False
EFqgY7QYGUY,https://www.youtube.com/watch?v=EFqgY7QYGUY,Austin Powder shares the Key to Safe & Efficient Underground Blasting,highlight,175,57,1,1.7544,"Premiered Jul 28, 2025",False
2JtNvFjjDBE,https://www.youtube.com/watch?v=2JtNvFjjDBE,How does Tech Solve Mine Blasting Risks? ft. Austin Powder,highlight,164,72,2,2.7778,"Premiered Jul 28, 2025",False
C4Q5wcGkJ-0,https://www.youtube.com/watch?v=C4Q5wcGkJ-0,Austin Powder Part 3: Smarter Tunnel Blasting for Safer Underground Mining #322,episode,2379,53227,10,0.0188,"Premiered Jul 28, 2025",False
uKGLOEj-inE,https://www.youtube.com/watch?v=uKGLOEj-inE,Are we Running Out of Oil? Crownsmen Partners Investigates,mid_clip,343,127,1,0.7874,"Premiered Jul 25, 2025",False
dWO8G0Is_f0,https://www.youtube.com/watch?v=dWO8G0Is_f0,Crownsmen Partners Break Down What Real Marketing Strategy Looks Like for Heavy Industry,mid_clip,345,55,0,0.0,"Premiered Jul 25, 2025",False
hG5Mc70Rn34,https://www.youtube.com/watch?v=hG5Mc70Rn34,Crownsmen Partners Debate: Lab-Grown vs. Real Diamond Rings,mid_clip,344,51,0,0.0,"Premiered Jul 25, 2025",False
YcghHWiqmUQ,https://www.youtube.com/watch?v=YcghHWiqmUQ,"TCS 141: Oil Sustainability, Natural vs Lab Grown Diamond Rings, & Marketing Strategies",episode,3690,11828,3,0.0254,"Premiered Jul 25, 2025",True
Aekix9bQJQ4,https://www.youtube.com/watch?v=Aekix9bQJQ4,What makes durable oil & gas hose and fittings? ft. NRP Jones,highlight,67,52,0,0.0,"Premiered Jul 24, 2025",False
8CgkJlfXrYE,https://www.youtube.com/watch?v=8CgkJlfXrYE,NRP Jones: High-Pressure Hose Solutions for the Energy Sector #51,episode,829,27394,4,0.0146,"Premiered Jul 24, 2025",False
4g7PD1kRX84,https://www.youtube.com/watch?v=4g7PD1kRX84,Orica reveals Simple Fixes Making Mining Operations Smoother,highlight,213,86,1,1.1628,"Premiered Jul 23, 2025",False
mJ_R6kmPgUY,https://www.youtube.com/watch?v=mJ_R6kmPgUY,How Much Time Can You Save with Orica’s Blast IQ?,highlight,182,64,0,0.0,"Premiered Jul 23, 2025",False
XElW3-QXKb8,https://www.youtube.com/watch?v=XElW3-QXKb8,Orica Digital Solutions Part 5: How BlastIQ Is Transforming Drilling & Blasting in Mining #321,episode,2470,60905,15,0.0246,"Premiered Jul 23, 2025",False
5bauGxJt43o,https://www.youtube.com/watch?v=5bauGxJt43o,How Does Coking Coal Fuel the Global Steel Industry? ft. Aspire Limited,highlight,190,127,1,0.7874,"Premiered Jul 21, 2025",False
tRrYGw6uAwA,https://www.youtube.com/watch?v=tRrYGw6uAwA,Can Coking Coal Projects Reduce Costs for Remote Towns? ft. Aspire Limited,highlight,160,38,0,0.0,"Premiered Jul 21, 2025",False
JAlUcSXRyBY,https://www.youtube.com/watch?v=JAlUcSXRyBY,Aspire Limited: ESG Leadership in Mongolia’s Coking Coal Mining Sector #320,episode,1668,106729,20,0.0187,"Premiered Jul 21, 2025",False
ivKXXFHnRfA,https://www.youtube.com/watch?v=ivKXXFHnRfA,Crownsmen Partners Reveal the Real Reason Clients Say No and What You can Do,mid_clip,326,18,0,0.0,"Premiered Jul 18, 2025",False
E9R-AyUcLmc,https://www.youtube.com/watch?v=E9R-AyUcLmc,"Rejected? Crownsmen Partners Show How to Turn a ""No"" Into Growth",highlight,166,48,0,0.0,"Premiered Jul 18, 2025",False
Ak4sv4H26Jg,https://www.youtube.com/watch?v=Ak4sv4H26Jg,Crownsmen Partners Talks About How BP Went From Oil Spill Scandal to Market Mystery,highlight,274,38,0,0.0,"Premiered Jul 18, 2025",False
8q3MN-nyDdc,https://www.youtube.com/watch?v=8q3MN-nyDdc,"TCS 140: HBC Dark Matter + Wastewater, Rejection Strategies, Energy Stock Market",episode,3900,19686,3,0.0152,"Premiered Jul 18, 2025",True
iqwK8xFTOa4,https://www.youtube.com/watch?v=iqwK8xFTOa4,How Can Robotic Systems Make Blasthole Drilling Safer? ft. EMIT Canada,highlight,137,41,0,0.0,"Premiered Jul 16, 2025",False
l3vrquxbvzk,https://www.youtube.com/watch?v=l3vrquxbvzk,EMIT Canada: Robotic Blasthole Drill Rig System Eliminates Dangerous Manual Labor #319,episode,607,25216,14,0.0555,"Premiered Jul 16, 2025",False
97b9aYDDOb8,https://www.youtube.com/watch?v=97b9aYDDOb8,Can You Afford a Vancouver Home in Your 30s? ft. Ron Parpara & Jordan Ballantyne,highlight,227,94,1,1.0638,"Premiered Jul 15, 2025",False
ZRggaWFTbrM,https://www.youtube.com/watch?v=ZRggaWFTbrM,How Vancouver’s Rental Laws Are Changing Real Estate Forever ft. Ron Parpara & Jordan Ballantyne,highlight,234,42,0,0.0,"Premiered Jul 15, 2025",False
vkznpRdizco,https://www.youtube.com/watch?v=vkznpRdizco,How to Find Hidden Gems in Vancouver’s Real Estate Market ft. Ron Parpara & Jordan Ballantyne #16,episode,3377,27117,7,0.0258,"Premiered Jul 15, 2025",False
NueirPJBA-A,https://www.youtube.com/watch?v=NueirPJBA-A,Hatch shares Why Battery Electric Vehicles are taking over mining operations,highlight,66,60,0,0.0,"Premiered Jul 14, 2025",False
pXjX95PNtn8,https://www.youtube.com/watch?v=pXjX95PNtn8,Hatch: Why Mines Are Switching to Battery Electric Vehicles #318,episode,674,26798,14,0.0522,"Premiered Jul 14, 2025",False
PnLz9_-AxIY,https://www.youtube.com/watch?v=PnLz9_-AxIY,Crownsmen Partners Discuss Toyota Land Cruiser or Lexus GX550 V6—Who Built the True Off-Road Beast?,highlight,241,72,0,0.0,"Premiered Jul 11, 2025",False
xaKZ-1rcSN0,https://www.youtube.com/watch?v=xaKZ-1rcSN0,How Do Misaligned Visions Destroy Great Businesses? Crownsmen Partners Weigh In,highlight,167,16,1,6.25,"Premiered Jul 11, 2025",False
qwV6EjRUB7g,https://www.youtube.com/watch?v=qwV6EjRUB7g,Halliburton’s Shocking Market Drop? Crownsmen Partners React,mid_clip,347,36,2,5.5556,"Premiered Jul 11, 2025",False
rVvrcmOz9J4,https://www.youtube.com/watch?v=rVvrcmOz9J4,"TCS 139: WBC Chestnut Ale + S&P 500 Stock Slides, Toyota vs Lexus, Warren Buffet Early Career",episode,4201,28122,91,0.3236,"Premiered Jul 11, 2025",True
dM0Ual8LBlA,https://www.youtube.com/watch?v=dM0Ual8LBlA,MEGA-Drain discuss The Evolution of Mining Drainage Systems,highlight,188,2354,2,0.085,"Premiered Jul 9, 2025",False
38hwOqfikoI,https://www.youtube.com/watch?v=38hwOqfikoI,How do Floating Aeration Systems Revolutionize Water Evaporation? ft. MEGA-Drain,highlight,206,15646,0,0.0,"Premiered Jul 9, 2025",False
ZYVzyHFHHbA,https://www.youtube.com/watch?v=ZYVzyHFHHbA,MEGA-Drain Part 2: Breakthrough in Mining Water & Tailings Management #317,episode,3422,57284,10,0.0175,"Premiered Jul 9, 2025",False
f6DaLv8ebKs,https://www.youtube.com/watch?v=f6DaLv8ebKs,What is the Secret to Flawless Mining Project Startups? ft. DRA Global,highlight,153,24239,0,0.0,"Premiered Jul 8, 2025",False
IolhRDJeLck,https://www.youtube.com/watch?v=IolhRDJeLck,What is the Best Contracting Model for Large-Scale Projects? ft. DRA Global,highlight,166,3718,0,0.0,"Premiered Jul 8, 2025",False
b-tKOmBdJAw,https://www.youtube.com/watch?v=b-tKOmBdJAw,DRA Global Part 3: Revolutionizing Mining Operations with AI & Innovation #316,episode,2546,53441,19,0.0356,"Premiered Jul 8, 2025",False
3EHFWgW3xqI,https://www.youtube.com/watch?v=3EHFWgW3xqI,What industries does Fenner Dunlop offer splicing kit solutions for?,highlight,213,1346,1,0.0743,"Premiered Jul 4, 2025",False
3CAbn0x5Ayw,https://www.youtube.com/watch?v=3CAbn0x5Ayw,What is the Science behind Fenner Dunlop's Finger Splicing for conveyors?,highlight,163,11389,1,0.0088,"Premiered Jul 4, 2025",False
dMxK4vhX_o8,https://www.youtube.com/watch?v=dMxK4vhX_o8,Fenner Dunlop Part 7: Splicing Secrets for Longer-Lasting Conveyor Belts #138,episode,2130,107701,20,0.0186,"Premiered Jul 4, 2025",False
cjsn-IFP02I,https://www.youtube.com/watch?v=cjsn-IFP02I,LP Building Solutions shares Why Builders Are Switching to SmartSide®,highlight,83,65,1,1.5385,"Premiered Jun 30, 2025",False
XFIE7hlNsPs,https://www.youtube.com/watch?v=XFIE7hlNsPs,LP Building Solutions: SmartSide® Nickel Gap Siding - The Durable & Stylish Choice #42,episode,915,31983,33,0.1032,"Premiered Jun 30, 2025",False
C2o5Mz7kEa8,https://www.youtube.com/watch?v=C2o5Mz7kEa8,Crownsmen Partners and William Donellan Talks About How to Build Teams that Don't Need Micromanaging,highlight,152,20,2,10.0,"Premiered Jun 27, 2025",False
qRyFW_li0aE,https://www.youtube.com/watch?v=qRyFW_li0aE,TCS 137: Carlsberg Danish Pilsner + How William Donnellan Built a Vancouver Business Empire,episode,4175,11228,24,0.2138,"Premiered Jun 27, 2025",True
JAhOoRllwts,https://www.youtube.com/watch?v=JAhOoRllwts,Crownsmen Partners and William Donellan Shares The Mindset Behind Running 7 Companies,highlight,165,7,0,0.0,"Premiered Jun 27, 2025",False
xpEfedpgipU,https://www.youtube.com/watch?v=xpEfedpgipU,"Crownsmen Partners and William Donellan Discuss Why Passion, Profit & People Are Non-Negotiable",highlight,212,6,0,0.0,"Premiered Jun 27, 2025",False
Jgzr9M7ZCNE,https://www.youtube.com/watch?v=Jgzr9M7ZCNE,Evident Scientific showcases How Vanta Max Detects Rare Earth Elements,highlight,101,205,1,0.4878,"Premiered Jun 26, 2025",False
WDs_LegxDr4,https://www.youtube.com/watch?v=WDs_LegxDr4,EVIDENT Scientific Part 2: Revolutionizing Rare Earth Detection with the Vanta Max XRF Analyzer #315,episode,598,26930,7,0.026,"Premiered Jun 26, 2025",False
aOYeEnHlR4I,https://www.youtube.com/watch?v=aOYeEnHlR4I,Polydeck discuss their Mining Tech that Boosts Throughput by 25%,highlight,130,23,0,0.0,"Premiered Jun 24, 2025",False
BykOk418Cbk,https://www.youtube.com/watch?v=BykOk418Cbk,Polydeck shares How Small Upgrades Improve Mining Uptime,highlight,101,7,0,0.0,"Premiered Jun 24, 2025",False
H3H_386OYUs,https://www.youtube.com/watch?v=H3H_386OYUs,Polydeck Part 3: Solving Mining’s Toughest Screening Challenges #314,episode,1838,30768,9,0.0293,"Premiered Jun 24, 2025",False
etzdDZRPXRI,https://www.youtube.com/watch?v=etzdDZRPXRI,Crownsmen Partners Shares Creative Negotiation Tactics That Actually Work,highlight,118,17,0,0.0,"Premiered Jun 20, 2025",False
OsxBmlok3RY,https://www.youtube.com/watch?v=OsxBmlok3RY,Crownsmen Partners Talks About Why Rushing Deals Backfires in Business Negotiations,highlight,102,8,0,0.0,"Premiered Jun 20, 2025",False
tXraCud_xug,https://www.youtube.com/watch?v=tXraCud_xug,Crownsmen Partners Talks Why “Starving” Your Way to Success Is a Dangerous Game,highlight,165,13,0,0.0,"Premiered Jun 20, 2025",False
xa6kxV4WuuE,https://www.youtube.com/watch?v=xa6kxV4WuuE,"TCS 136: VIB Sea Dog Amber Ale + Startup Struggles, Smarter Negotiations, Mission Impossible Budget",episode,3312,20522,23,0.1121,"Premiered Jun 20, 2025",True
GYjX78D8oxc,https://www.youtube.com/watch?v=GYjX78D8oxc,ABB showcases their All-Compatible Drives for Mining,highlight,104,24,0,0.0,"Premiered Jun 19, 2025",False
A684Fk-Pel4,https://www.youtube.com/watch?v=A684Fk-Pel4,ABB Part 4: NEW ACS 8080 Drive - Revolutionizing Mining Efficiency #313,episode,797,28289,16,0.0566,"Premiered Jun 19, 2025",False
hfIdBBXYlG0,https://www.youtube.com/watch?v=hfIdBBXYlG0,L&H Industrial are Building Reliable Industrial Equipment,highlight,115,24701,1,0.004,"Premiered Jun 17, 2025",False
Xt9Frzl3RE0,https://www.youtube.com/watch?v=Xt9Frzl3RE0,L&H Industrial discuss The Future of Heavy Equipment Repair,highlight,213,6422,3,0.0467,"Premiered Jun 17, 2025",False
EaboMHXSaHY,https://www.youtube.com/watch?v=EaboMHXSaHY,L&H Industrial Part 7: Revolutionizing Mining Equipment with CNC & Innovation #312,episode,1932,61566,13,0.0211,"Premiered Jun 17, 2025",False
SeDW44F_gcM,https://www.youtube.com/watch?v=SeDW44F_gcM,How Crownsmen Partners Delivers Massive Reach Without Massive Spend,highlight,124,18,0,0.0,"Premiered Jun 13, 2025",False
n_gM0Sp3dAo,https://www.youtube.com/watch?v=n_gM0Sp3dAo,Crownsmen Partners Shares the Secrets to Turning Camera Shyness Into Confident Storytelling,highlight,220,9,0,0.0,"Premiered Jun 13, 2025",False
-CImyNkA7FU,https://www.youtube.com/watch?v=-CImyNkA7FU,Crownsmen Partners Shares The Secret to Industrial Marketing Success,highlight,101,14,0,0.0,"Premiered Jun 13, 2025",False
Rb54Ia6cK5g,https://www.youtube.com/watch?v=Rb54Ia6cK5g,TCS 135: Proven Tactics to 10X Your Audience Engagement and Marketing Strategies,episode,2567,12797,1,0.0078,"Premiered Jun 13, 2025",True
XZcUkf2hQGY,https://www.youtube.com/watch?v=XZcUkf2hQGY,Austin Powder on the Panama Canal’s Big Expansion,highlight,185,4101,0,0.0,"Premiered Jun 12, 2025",False
EUqHmkUItpM,https://www.youtube.com/watch?v=EUqHmkUItpM,Austin Powder is America’s Explosives Industry Leader,highlight,173,4403,6,0.1363,"Premiered Jun 12, 2025",False
dhwhJrvezi8,https://www.youtube.com/watch?v=dhwhJrvezi8,"Austin Powder Part 2: Blasting Tech, Safety, and the Future of Mining #311",episode,3703,53520,15,0.028,"Premiered Jun 12, 2025",False
YZ5aZaPUF3Y,https://www.youtube.com/watch?v=YZ5aZaPUF3Y,SMS Equipment reveals the Secret Tech for Construction Efficiency,highlight,96,82,3,3.6585,"Premiered Jun 10, 2025",False
cU2d3KH-3ro,https://www.youtube.com/watch?v=cU2d3KH-3ro,SMS Equipment discuss the Biggest Tech Shift in Construction,highlight,107,48,2,4.1667,"Premiered Jun 10, 2025",False
a5SfBESIarY,https://www.youtube.com/watch?v=a5SfBESIarY,SMS Equipment Part 5: The Future of Smart Construction Technology #41,episode,2553,48746,14,0.0287,"Premiered Jun 10, 2025",False
zssEdG4C6yM,https://www.youtube.com/watch?v=zssEdG4C6yM,How Ireland and Canada Are Growing Businesses Together,mid_clip,303,30,1,3.3333,"Premiered Jun 9, 2025",False
fP123Pxk--g,https://www.youtube.com/watch?v=fP123Pxk--g,Why Ireland Chose Vancouver for Its Diplomatic Expansion,highlight,266,46,0,0.0,"Premiered Jun 9, 2025",False
deIr1vxiCYs,https://www.youtube.com/watch?v=deIr1vxiCYs,How Ireland Supports Trade & Culture in Western Canada ft. Cathy Geagan #15,episode,4175,26375,11,0.0417,"Premiered Jun 9, 2025",False
oo16iek48ks,https://www.youtube.com/watch?v=oo16iek48ks,Executive Overload? How Crownsmen Partners Streamline Leadership for Success,highlight,115,8,0,0.0,"Premiered Jun 6, 2025",False
CTswoUFAsaY,https://www.youtube.com/watch?v=CTswoUFAsaY,Crownsmen Partners Expose the Biggest Mistake Leaders Make When Scaling,highlight,143,10,1,10.0,"Premiered Jun 6, 2025",False
lKDVH9GFviM,https://www.youtube.com/watch?v=lKDVH9GFviM,From Ireland to Ghana – Crownsmen Partners Decode What Makes a Country Business-Friendly,highlight,164,26,0,0.0,"Premiered Jun 6, 2025",False
SM6i29WLp_w,https://www.youtube.com/watch?v=SM6i29WLp_w,"TCS 134: Guinness Draft Stout + Negotiation and Leadership Tactics, Ireland’s Trade Boom",episode,4120,28941,109,0.3766,"Premiered Jun 6, 2025",True
GvQIOnO--DM,https://www.youtube.com/watch?v=GvQIOnO--DM,Evident Scientific showcases their Ultimate XRF for Mining & Exploration,highlight,141,92,1,1.087,"Premiered Jun 4, 2025",False
b-EqVUsDhxA,https://www.youtube.com/watch?v=b-EqVUsDhxA,EVIDENT Scientific: Mining with Faster Ore Analysis with Vanta Max XRF #310,episode,597,27142,7,0.0258,"Premiered Jun 4, 2025",False
pRyPqgqVpu8,https://www.youtube.com/watch?v=pRyPqgqVpu8,MAJOR FLEX-MAT showcases How RFID & Smart Screens Are Changing Construction,highlight,104,87,1,1.1494,"Jun 3, 2025",False
UbdTkEijV2E,https://www.youtube.com/watch?v=UbdTkEijV2E,MAJOR FLEX-MAT: The Future of Construction Industry Screening Technology #40,episode,563,27198,6,0.0221,"Premiered Jun 3, 2025",False
nqPmf6tSF1s,https://www.youtube.com/watch?v=nqPmf6tSF1s,BIG BILL® showcases their Fully Customizable Workwear for Mining,short,59,32,0,0.0,"Premiered Jun 2, 2025",False
U5wTE-Ka34s,https://www.youtube.com/watch?v=U5wTE-Ka34s,"BIG BILL®: Mining Workwear That Keeps Workers Cool, Dry, & Protected #309",episode,576,28660,4,0.014,"Premiered Jun 2, 2025",False
m77Xszm7CSs,https://www.youtube.com/watch?v=m77Xszm7CSs,How Jeff Bezos’ Sleep Strategy Can Transform Your Leadership — Crownsmen Partners Discuss,mid_clip,308,17,0,0.0,"Premiered May 30, 2025",False
uBK01HMXVoU,https://www.youtube.com/watch?v=uBK01HMXVoU,Crownsmen Partners React to Kevin O’Leary’s $5 Million Retirement Rule,highlight,232,108,0,0.0,"Premiered May 30, 2025",False
ViaO9esNrWo,https://www.youtube.com/watch?v=ViaO9esNrWo,Crownsmen Partners Reveal the #1 Reason Mining Projects Fail (And How to Fix It),highlight,265,25,1,4.0,"Premiered May 30, 2025",False
hQACp5mXnm8,https://www.youtube.com/watch?v=hQACp5mXnm8,"TCS 133: SB Halo + Jeff Bezos on Sleep, $5M Retirement Goal, & Surviving Inflation",episode,3608,50638,0,0.0,"Premiered May 30, 2025",True
DmLyx3rppVg,https://www.youtube.com/watch?v=DmLyx3rppVg,Crownsmen Partners Featured Video - The Voice of Industry,short,41,34015,225,0.6615,"May 28, 2025",False
WRS_Nddh5aY,https://www.youtube.com/watch?v=WRS_Nddh5aY,"Inland Tarp & Liner shares The Secret to Tough, Lightweight Surfaces",highlight,157,29,0,0.0,"Premiered May 28, 2025",False
JmL5p3HhXAY,https://www.youtube.com/watch?v=JmL5p3HhXAY,Inland Tarp & Liner showcases Fast & Easy Concrete Liner Installation,highlight,151,129,0,0.0,"Premiered May 28, 2025",False
wd424i8jLYM,https://www.youtube.com/watch?v=wd424i8jLYM,Inland Tarp & Liner Part 3: Revolutionizing Mine Erosion Control with RCR #308,episode,1892,87758,2,0.0023,"Premiered May 28, 2025",False
jBZFlxMFkF8,https://www.youtube.com/watch?v=jBZFlxMFkF8,Evercore Energy discuss Why Micro Reactors Are a Game-Changer,mid_clip,309,27,1,3.7037,"Premiered May 27, 2025",False
7mrrHX7O4S0,https://www.youtube.com/watch?v=7mrrHX7O4S0,Evercore Energy Explains The Energy Trilemma,highlight,103,19,0,0.0,"Premiered May 27, 2025",False
0znBr6mt1VA,https://www.youtube.com/watch?v=0znBr6mt1VA,Evercore Energy: The Micro Nuclear Revolution for Mining & Heavy Industry #307,episode,2136,57485,7,0.0122,"Premiered May 27, 2025",False
hovoXfUpceU,https://www.youtube.com/watch?v=hovoXfUpceU,Helping Canada’s Bravest Overcome PTSD,highlight,195,13,1,7.6923,"Premiered May 26, 2025",False
dpWoz7bDDRA,https://www.youtube.com/watch?v=dpWoz7bDDRA,Inside Canada’s Unique Veterans Village,highlight,247,37,1,2.7027,"Premiered May 26, 2025",False
Nqnqqzlpa8w,https://www.youtube.com/watch?v=Nqnqqzlpa8w,Why Community is the Key to Long-Term Success ft. Allan Degenova #14,episode,5200,28108,3,0.0107,"Premiered May 26, 2025",False
-p4H-fBmkZY,https://www.youtube.com/watch?v=-p4H-fBmkZY,The Color Branding Secret Crownsmen Partners Used to Attract Clients,highlight,179,14,0,0.0,"Premiered May 23, 2025",False
mjohAVbX01o,https://www.youtube.com/watch?v=mjohAVbX01o,Crownsmen Partners Talks About The Beer Name Dispute Shaking Barn Raiser & Quayle's,highlight,230,6,0,0.0,"Premiered May 23, 2025",False
IgIfquUAUp0,https://www.youtube.com/watch?v=IgIfquUAUp0,Why Is Texas Booming? Crownsmen Partners Break Down the $2.7 Trillion Truth,highlight,208,38,1,2.6316,"Premiered May 23, 2025",False
zQcUfJAjdjM,https://www.youtube.com/watch?v=zQcUfJAjdjM,"TCS 132: OHB The Barn Raiser + Color Psychology, Texas Economy, & Business Strategies",episode,4922,50210,2,0.004,"Premiered May 23, 2025",True
xdELbvAFLiU,https://www.youtube.com/watch?v=xdELbvAFLiU,Exyn Technologies introduces Advanced Mapping Tech for Mining,highlight,64,51,0,0.0,"Premiered May 22, 2025",False
kmqAjdghNjk,https://www.youtube.com/watch?v=kmqAjdghNjk,Exyn Technologies: Autonomous Mapping Drones for Underground Mining #306,episode,699,27180,10,0.0368,"Premiered May 22, 2025",False
_-jE1axiNCU,https://www.youtube.com/watch?v=_-jE1axiNCU,HOLMS PH Sweeper - The Smart Way to Clean Job Sites,highlight,134,47,0,0.0,"Premiered May 21, 2025",False
2uj7Jl4Ge-U,https://www.youtube.com/watch?v=2uj7Jl4Ge-U,HOLMS: The Ultimate Pick-Up Sweeper for Construction and Road Maintenance #39,episode,522,25677,4,0.0156,"Premiered May 21, 2025",False
NWR2Q8A0gTA,https://www.youtube.com/watch?v=NWR2Q8A0gTA,SMS Equipment discuss Reducing Silica Exposure in Construction,highlight,131,33,1,3.0303,"Premiered May 20, 2025",False
Q7WlaVe9AJY,https://www.youtube.com/watch?v=Q7WlaVe9AJY,SMS Equipment on the Tech Behind BOMAG’s Ion Dust Shield,highlight,146,54,1,1.8519,"Premiered May 20, 2025",False
H2hLpgsunBY,https://www.youtube.com/watch?v=H2hLpgsunBY,SMS Equipment Part 4: How BOMAG’s Ion Dust Shield is Changing Road Construction Safety #38,episode,2943,49697,10,0.0201,"Premiered May 20, 2025",False
0gtJXtPSyLc,https://www.youtube.com/watch?v=0gtJXtPSyLc,Crownsmen Partners Questions If the Mining Industry Can Survive Without Regulations,highlight,218,23,1,4.3478,"Premiered May 16, 2025",False
2A7GIA1m4Dc,https://www.youtube.com/watch?v=2A7GIA1m4Dc,Crownsmen Partners Breaks Down the Pine Beetle Crisis and Impacts of Poor Forestry Management,highlight,219,21,0,0.0,"Premiered May 16, 2025",False
uF_Mh_FaJW4,https://www.youtube.com/watch?v=uF_Mh_FaJW4,Crownsmen Partners Reveals the Numbers on Why YouTube on TV Changes Everything,highlight,176,6,0,0.0,"Premiered May 16, 2025",False
1rJ2pE71NPQ,https://www.youtube.com/watch?v=1rJ2pE71NPQ,"TCS 131: SCB's Twin Pines + YouTube Trends, Mining Regulations, Invasive Species",episode,3802,18912,6,0.0317,"Premiered May 16, 2025",True
guhgc4tGMEw,https://www.youtube.com/watch?v=guhgc4tGMEw,InnoDredge talks about Choosing the Right Dredging Equipment,highlight,193,5148,1,0.0194,"Premiered May 14, 2025",False
P33-RpVtHEo,https://www.youtube.com/watch?v=P33-RpVtHEo,InnoDredge showcase High-Tech Revolution in Dredging,highlight,265,3230,0,0.0,"Premiered May 14, 2025",False
_xh0s6vNUzU,https://www.youtube.com/watch?v=_xh0s6vNUzU,InnoDredge: Precision Dredging Solutions for Mining & Construction #37,episode,2720,52804,12,0.0227,"Premiered May 14, 2025",False
a5_y85Xgka0,https://www.youtube.com/watch?v=a5_y85Xgka0,Crownsmen Partners Break Down the Bud Light Marketing Blunder,highlight,165,15,0,0.0,"Premiered May 9, 2025",False
KM2Bw8fcLWA,https://www.youtube.com/watch?v=KM2Bw8fcLWA,Top 5 Precious Metal Mines to Watch Out For Shared by Crownsmen Partners,highlight,253,74,1,1.3514,"Premiered May 9, 2025",False
IzM4uIXeFoY,https://www.youtube.com/watch?v=IzM4uIXeFoY,Crownsmen Partners Shares How to Turn Business Chaos into Long-Term Success,highlight,252,7,0,0.0,"Premiered May 9, 2025",False
MvXLP76-wDk,https://www.youtube.com/watch?v=MvXLP76-wDk,"TCS 130: BBC's Lug Tread + Business Success, Marketing Blunders, and Billion Dollar Mines",episode,3931,26557,1,0.0038,"Premiered May 9, 2025",True
KFy9c3H9J_k,https://www.youtube.com/watch?v=KFy9c3H9J_k,Cranky Old Men 2025: Unofficial CIM Convention Wrap and Tap from Mining NOW,episode,1705,26198,1,0.0038,"Premiered May 7, 2025",False
Kp8QZ4FopXw,https://www.youtube.com/watch?v=Kp8QZ4FopXw,Kenco Engineering's Game-Changing Blades that Last 5x Longer,highlight,87,63,0,0.0,"Premiered May 7, 2025",False
MO1XLeXXRcw,https://www.youtube.com/watch?v=MO1XLeXXRcw,Kenco Engineering Part 2: Boosting Construction Efficiency & Safety with Smarter Asphalt Tech #36,episode,795,27627,2,0.0072,"Premiered May 7, 2025",False
l_rKy6lFSbc,https://www.youtube.com/watch?v=l_rKy6lFSbc,Fleet Space Technologies Unlocks Real-Time Mineral Exploration for Majors,highlight,199,2339,0,0.0,"Premiered May 6, 2025",False
zRLM8O28yXg,https://www.youtube.com/watch?v=zRLM8O28yXg,Fleet Space Technologies Maps 3D Earth Structures with Real-Time Multiphysics,highlight,192,5660,0,0.0,"Premiered May 6, 2025",False
apSKosxA198,https://www.youtube.com/watch?v=apSKosxA198,Fleet Space Technologies Part 1: Driving a Data Revolution in Mining with Satellite Sensor Tech #305,episode,2014,111040,14,0.0126,"Premiered May 6, 2025",False
Dnh_7Amoufc,https://www.youtube.com/watch?v=Dnh_7Amoufc,Crownsmen Partners Shares The Networking Playbook Nobody Teaches,highlight,271,17,0,0.0,"Premiered May 2, 2025",False
lQqO8WvsxUI,https://www.youtube.com/watch?v=lQqO8WvsxUI,Crownsmen Partners Explains Market Chaos Amid the Trump Tariff War,highlight,214,37,1,2.7027,"Premiered May 2, 2025",False
Gkm6V50KWv0,https://www.youtube.com/watch?v=Gkm6V50KWv0,Crownsmen Partners Reveals The #1 Negotiation Mistake You’re Probably Making,highlight,235,11,0,0.0,"Premiered May 2, 2025",False
qPLhh2jbEgM,https://www.youtube.com/watch?v=qPLhh2jbEgM,TCS 129: SB's Hazy Pale Ale + Cementation’s Viral Moment & Rio Tinto Pre-Show,episode,3543,51959,1,0.0019,"Premiered May 2, 2025",True
RK4NcoUQrCU,https://www.youtube.com/watch?v=RK4NcoUQrCU,Surestrike shares the Pillars of a Successful Mining Operation,highlight,198,1004,0,0.0,"Premiered Apr 30, 2025",False
zrKZZZL4eWQ,https://www.youtube.com/watch?v=zrKZZZL4eWQ,Surestrike is Breaking Oversized Rocks with Ease,highlight,162,1408,2,0.142,"Premiered Apr 30, 2025",False
xPS4VosEBeE,https://www.youtube.com/watch?v=xPS4VosEBeE,Surestrike Part 2: Hammers that Outperform Conventional Hydraulic Breakers #35,episode,2183,31845,6,0.0188,"Premiered Apr 30, 2025",False
WndXeLGw7Ac,https://www.youtube.com/watch?v=WndXeLGw7Ac,L&H Industrial showcases their Largest Mining Vertical Lathe,highlight,155,2892,1,0.0346,"Premiered Apr 29, 2025",False
DGidtrdbPwU,https://www.youtube.com/watch?v=DGidtrdbPwU,L&H Industrial discusses Field Service on Giant Mining Shovels,highlight,231,6044,1,0.0165,"Premiered Apr 29, 2025",False
2Sl0a_WNTxE,https://www.youtube.com/watch?v=2Sl0a_WNTxE,L&H Industrial Part 6: Inside one of the Largest Vertical Turning Lathes #304,episode,2196,57404,10,0.0174,"Premiered Apr 29, 2025",False
uX3DRmRe_z8,https://www.youtube.com/watch?v=uX3DRmRe_z8,Crownsmen Partners Reveals Content Strategies for Success in Heavy Industry,highlight,127,13,0,0.0,"Premiered Apr 25, 2025",False
GJ8Fy9hE_CE,https://www.youtube.com/watch?v=GJ8Fy9hE_CE,Crownsmen Partners Weigh In on How Netflix Scaled Smartly and How You Can Too,highlight,211,11,0,0.0,"Premiered Apr 25, 2025",False
kVNj-draHHM,https://www.youtube.com/watch?v=kVNj-draHHM,Crownsmen Partners Discussing How to Scale Your Business the Right Way,highlight,209,7,0,0.0,"Premiered Apr 25, 2025",False
XxRL7_2WPvo,https://www.youtube.com/watch?v=XxRL7_2WPvo,TCS 128: RFB's Hazy Roy: A Hazy Boy + Leadership Lessons & Short-Form Content Impact,episode,3222,51388,1,0.0019,"Premiered Apr 25, 2025",True
2Q21XeDiMDE,https://www.youtube.com/watch?v=2Q21XeDiMDE,VOSKER Talks Cellular + Solar Power Camera Solutions for Construction,highlight,93,68,1,1.4706,"Premiered Apr 24, 2025",False
QIT4MDBm-ds,https://www.youtube.com/watch?v=QIT4MDBm-ds,VOSKER: The Ultimate Security Camera for Construction Sites #34,episode,678,28240,19,0.0673,"Premiered Apr 24, 2025",False
5BdTKgbB370,https://www.youtube.com/watch?v=5BdTKgbB370,Glencore Technology: Proven Game-Changing Flotation Tech with Jameson Concentrator #303,episode,1669,33668,4,0.0119,"Premiered Apr 22, 2025",False
6QUnJF8gNoM,https://www.youtube.com/watch?v=6QUnJF8gNoM,"Glencore Technology's Smarter Flotation, Smaller Footprint",mid_clip,321,38,0,0.0,"Premiered Apr 22, 2025",False
LgO0NUIMc3g,https://www.youtube.com/watch?v=LgO0NUIMc3g,Glencore Technology's Secret to Innovation in a Risky Global Market,highlight,207,96,0,0.0,"Premiered Apr 22, 2025",False
LMn_LLN4cR8,https://www.youtube.com/watch?v=LMn_LLN4cR8,Pedrollo Group's Innovative Pump Solutions that Deliver,highlight,281,113,0,0.0,"Premiered Apr 17, 2025",False
mEyLPwuZk9k,https://www.youtube.com/watch?v=mEyLPwuZk9k,Pedrollo Group's DG PED Full Demo,highlight,283,3003,12,0.3996,"Premiered Apr 17, 2025",False
G9xqMN39CqU,https://www.youtube.com/watch?v=G9xqMN39CqU,Pedrollo Group: Solving Water Pressure Challenges with the DG PED #33,episode,1474,31614,10,0.0316,"Premiered Apr 17, 2025",False
1YcPtYmLxV4,https://www.youtube.com/watch?v=1YcPtYmLxV4,Weir is Saving Energy in Communition,highlight,158,62,1,1.6129,"Premiered Apr 15, 2025",False
uQWS-_rKrAA,https://www.youtube.com/watch?v=uQWS-_rKrAA,Weir is Using AI to Reduce Waste and Maximize Output,highlight,169,155,3,1.9355,"Premiered Apr 15, 2025",False
mFQKQgOKgro,https://www.youtube.com/watch?v=mFQKQgOKgro,Weir: Revolutionizing Sustainable Mining with Smarter Solutions #302,episode,1990,30709,4,0.013,"Premiered Apr 15, 2025",False
hcRUAJCV9r8,https://www.youtube.com/watch?v=hcRUAJCV9r8,What Chris Cuomo Gets Right About Hosting—Crownsmen Partners Explain Why It Works,highlight,146,60,0,0.0,"Premiered Apr 11, 2025",False
-alWo8RNOSA,https://www.youtube.com/watch?v=-alWo8RNOSA,Crownsmen Partners Talks Why Energy Projects Are Dominating While Mining Falls Behind,highlight,185,20,0,0.0,"Premiered Apr 11, 2025",False
BxwqoAeff5Q,https://www.youtube.com/watch?v=BxwqoAeff5Q,Crownsmen Partners on the Rise of Spineless Content & Lost Curiosity,highlight,179,19,1,5.2632,"Premiered Apr 11, 2025",False
gfAslkzemHg,https://www.youtube.com/watch?v=gfAslkzemHg,TCS 127: HHB’s Honey Brown Ale Review + The Power of Networking & Sustainability in Mining,episode,3693,24005,11,0.0458,"Premiered Apr 11, 2025",True
s3htdplVE6U,https://www.youtube.com/watch?v=s3htdplVE6U,Paterson & Cooke are Using Tech to Plan for Smarter Mines,highlight,173,8506,0,0.0,"Premiered Apr 9, 2025",False
AD-JAJNaiQ0,https://www.youtube.com/watch?v=AD-JAJNaiQ0,Paterson & Cooke shares Innovations in Tailings & Water Recovery,highlight,128,1627,1,0.0615,"Premiered Apr 9, 2025",False
RcPIAHWZUqM,https://www.youtube.com/watch?v=RcPIAHWZUqM,Paterson & Cooke: Enhancing Mine Planning Efficiency with Client Collaboration #301,episode,2476,53210,6,0.0113,"Premiered Apr 9, 2025",False
nWPk0fiU-gI,https://www.youtube.com/watch?v=nWPk0fiU-gI,Cementation is Balancing Safety and Technology in Mining,highlight,237,10501,1,0.0095,"Premiered Apr 7, 2025",False
bk84uz7Hobg,https://www.youtube.com/watch?v=bk84uz7Hobg,Cementation & LoopX are making Mining Safer with Smart Sensors & AI,highlight,257,3316,2,0.0603,"Premiered Apr 7, 2025",False
XpNp1XDpHPQ,https://www.youtube.com/watch?v=XpNp1XDpHPQ,Cementation: Underground Mining Safety Meets Technology #300,episode,2319,50884,10,0.0197,"Premiered Apr 7, 2025",False
i_bUNUmRdm4,https://www.youtube.com/watch?v=i_bUNUmRdm4,Crownsmen Partners Unveil Secrets to Overcoming Business Tax Hurdles,highlight,165,18,1,5.5556,"Premiered Apr 4, 2025",False
-u1Q1k-Kupo,https://www.youtube.com/watch?v=-u1Q1k-Kupo,Crownsmen Partners Discuss the Future of Corporate Tax Policies,highlight,218,12,0,0.0,"Premiered Apr 4, 2025",False
a67BoX0IDIs,https://www.youtube.com/watch?v=a67BoX0IDIs,Crownsmen Partners Break Down ETFs: How to Maximize Your Portfolio,highlight,155,26,0,0.0,"Premiered Apr 4, 2025",False
rsdSfPP4LOs,https://www.youtube.com/watch?v=rsdSfPP4LOs,TCS 126: FBC's What The Huck® Berry Ale + Business Finance & Smart Money Tips You Need Now,episode,3168,50651,2,0.0039,"Apr 4, 2025",True
QnKZbvOW2Wo,https://www.youtube.com/watch?v=QnKZbvOW2Wo,ProChile highlights Business Opportunities in Chile’s Mining Sector,highlight,217,81,4,4.9383,"Premiered Apr 2, 2025",False
wpsiZHVnbsQ,https://www.youtube.com/watch?v=wpsiZHVnbsQ,ProChile: How Chile is Shaping the Future of Mining #299,episode,751,27027,6,0.0222,"Premiered Apr 2, 2025",False
lXnZu39Zpt4,https://www.youtube.com/watch?v=lXnZu39Zpt4,Panoramic Doors™ showcases Unique Glass Doors for Modern Spaces,highlight,134,145,0,0.0,"Premiered Mar 31, 2025",False
xL6ZC97IuEk,https://www.youtube.com/watch?v=xL6ZC97IuEk,Panoramic Doors™: Redefining Home Design with High-End Door Systems #32,episode,802,27104,7,0.0258,"Premiered Mar 31, 2025",False
LWi5NMzBDtk,https://www.youtube.com/watch?v=LWi5NMzBDtk,Crownsmen Partners Talk About The Sales Strategy That Never Fails,highlight,159,24,0,0.0,"Premiered Mar 28, 2025",False
KNM6Ci5vEcU,https://www.youtube.com/watch?v=KNM6Ci5vEcU,Crownsmen Partners Explains The Power of Relationships in Business,highlight,206,24,0,0.0,"Premiered Mar 28, 2025",False
oOTTXxQDAKU,https://www.youtube.com/watch?v=oOTTXxQDAKU,Brand Positioning Secrets with Crownsmen Partners,highlight,148,14,0,0.0,"Premiered Mar 28, 2025",False
l970SS9cdf0,https://www.youtube.com/watch?v=l970SS9cdf0,"TCS 125: PB's Mocha Stout + Build a Strong Brand, Grow Your Business & Master Mining Innovation",episode,3332,51303,3,0.0058,"Premiered Mar 28, 2025",True
7sRSpCh37sE,https://www.youtube.com/watch?v=7sRSpCh37sE,Rain For Rent’s Global Liquid Handling Solutions,highlight,121,5561,6,0.1079,"Premiered Mar 26, 2025",False
JfT1Fo19E70,https://www.youtube.com/watch?v=JfT1Fo19E70,Rain For Rent’s 90-Year Success in Liquid Handling,highlight,82,1974,0,0.0,"Premiered Mar 26, 2025",False
sJVZ74upaE0,https://www.youtube.com/watch?v=sJVZ74upaE0,Rain For Rent: Innovative Temporary Liquid Handling Solutions #298,episode,2076,50781,16,0.0315,"Premiered Mar 26, 2025",False
UGvpFsi3kuo,https://www.youtube.com/watch?v=UGvpFsi3kuo,Lumon's Innovative Retractable Glass Solutions,highlight,105,328,0,0.0,"Premiered Mar 24, 2025",False
0vhr8UQ6i18,https://www.youtube.com/watch?v=0vhr8UQ6i18,Lumon: Stunning Retractable Glazing for Homes & High-Rises #31,episode,756,27319,7,0.0256,"Premiered Mar 24, 2025",False
ocdtUMkGMQU,https://www.youtube.com/watch?v=ocdtUMkGMQU,Crownsmen Partners Share The Secret to Stronger Negotiations and Know Where You Stand,highlight,155,13,0,0.0,"Premiered Mar 21, 2025",False
OIOBowQvAcw,https://www.youtube.com/watch?v=OIOBowQvAcw,Crownsmen Partners Talk Why 80% of Projects Go Over Budget,highlight,208,24,1,4.1667,"Premiered Mar 21, 2025",False
X21OshSveRk,https://www.youtube.com/watch?v=X21OshSveRk,Crownsmen Partners Discuss The Ring of Fire: A Billion-Dollar Opportunity Stuck in Negotiation,highlight,219,375,0,0.0,"Premiered Mar 21, 2025",False
pbLirhOtOvY,https://www.youtube.com/watch?v=pbLirhOtOvY,"TCS 124: MB's Mad Tom West Coast IPA + Negotiation, Ring of Fire Agreement & Business Valuation",episode,3796,50302,3,0.006,"Premiered Mar 21, 2025",True
ehLRkuJZlcI,https://www.youtube.com/watch?v=ehLRkuJZlcI,STRYDE showcases The World's Smallest Seismic Node,highlight,155,717,5,0.6974,"Premiered Mar 19, 2025",False
EMXp4MX5yoE,https://www.youtube.com/watch?v=EMXp4MX5yoE,STRYDE: Transforming Mineral Exploration with Seismic Technology #297,mid_clip,463,26878,11,0.0409,"Premiered Mar 19, 2025",False
auoqHvK9G98,https://www.youtube.com/watch?v=auoqHvK9G98,Crownsmen Partners Talk About How San Miguel Became the Philippines' Billion-Dollar Empire,mid_clip,315,30,0,0.0,"Premiered Mar 14, 2025",False
ZOWmFWdTUOo,https://www.youtube.com/watch?v=ZOWmFWdTUOo,Crownsmen Partners Discuss How to Win Any Negotiation—The Secret to Getting to Yes!,mid_clip,405,10,0,0.0,"Premiered Mar 14, 2025",False
KmBOyondCyk,https://www.youtube.com/watch?v=KmBOyondCyk,Crownsmen Partners Reveal The #1 Mistake in Negotiation—And How to Fix It,highlight,249,14,0,0.0,"Premiered Mar 14, 2025",False
d-AwnuFwD2o,https://www.youtube.com/watch?v=d-AwnuFwD2o,"TCS 123: SWB's Steam Whistle Pilsner + Inside a Filipino Giant’s Success, Mastering Negotiation",episode,4103,50337,0,0.0,"Premiered Mar 14, 2025",True
dxiNNPO9q-w,https://www.youtube.com/watch?v=dxiNNPO9q-w,Mining4Beer and Abitibi Geophysics Bridging Mineral Exploration to Growing Connections,highlight,137,27,0,0.0,"Premiered Mar 7, 2025",False
S7YfRoGBV1k,https://www.youtube.com/watch?v=S7YfRoGBV1k,From One Pint to a Global Phenomenon – Mining4Beer’s Unbelievable Growth,highlight,168,26,0,0.0,"Premiered Mar 7, 2025",False
SMQu1ylqC88,https://www.youtube.com/watch?v=SMQu1ylqC88,How CIM Toronto & Mining4Beer Are Strengthening Mining Networks,highlight,176,36,0,0.0,"Premiered Mar 7, 2025",False
FlIJ3e7BcuU,https://www.youtube.com/watch?v=FlIJ3e7BcuU,Mining4Beer: Building Mining Connections Over Beer ft. CIM & Abitibi Geophysics #122,episode,2245,30269,3,0.0099,"Premiered Mar 7, 2025",False
oiX9Nyd2czQ,https://www.youtube.com/watch?v=oiX9Nyd2czQ,DMC Mining: Building a Robust Engineering Division,mid_clip,333,59,1,1.6949,"Premiered Mar 5, 2025",False
LQnQPOxafG0,https://www.youtube.com/watch?v=LQnQPOxafG0,DMC Mining Services Talks About Developing a Mining Project,highlight,123,141,1,0.7092,"Premiered Mar 5, 2025",False
clbJ4FN4gG0,https://www.youtube.com/watch?v=clbJ4FN4gG0,DMC Mining Services: Transforming Underground Mine Construction #296,episode,3050,31930,9,0.0282,"Premiered Mar 5, 2025",False
SSz7pbZcdS0,https://www.youtube.com/watch?v=SSz7pbZcdS0,Glencore Technology discuss How the Jameson Cell Is Changing the Game,highlight,131,50,0,0.0,"Premiered Mar 4, 2025",False
69447Sswi5Y,https://www.youtube.com/watch?v=69447Sswi5Y,Glencore Technology compares The Jameson Cell vs. Traditional Methods,highlight,192,145,1,0.6897,"Premiered Mar 4, 2025",False
FW96c4WdV0w,https://www.youtube.com/watch?v=FW96c4WdV0w,Glencore Technology: Showcasing The Jameson Cell Advantage #295,episode,2678,30575,3,0.0098,"Premiered Mar 4, 2025",False
oK6-VIguC9c,https://www.youtube.com/watch?v=oK6-VIguC9c,Crownsmen Partners Shares How to Think Like a Billionaire,highlight,122,15,0,0.0,"Premiered Feb 28, 2025",False
ZlGNHh7gYM4,https://www.youtube.com/watch?v=ZlGNHh7gYM4,Crownsmen Partners Shares How to Identify Business Risks Before It’s Too Late,highlight,157,13,0,0.0,"Premiered Feb 28, 2025",False
_tnP-QQNZKM,https://www.youtube.com/watch?v=_tnP-QQNZKM,Crownsmen Partners on Finding Business Opportunities Amazon Misses,highlight,144,11,0,0.0,"Premiered Feb 28, 2025",False
rhZtgIztn1Q,https://www.youtube.com/watch?v=rhZtgIztn1Q,"TCS 121: NBBC's Naughty Neighbor Pale Ale + Terex’s Pay Strategy, Energy Breakthroughs, & Branding",episode,3619,50486,10,0.0198,"Premiered Feb 28, 2025",True
E4B8Ut0Cf8M,https://www.youtube.com/watch?v=E4B8Ut0Cf8M,Geotek talks about Hyperspectral Imaging in Mining,highlight,119,243,3,1.2346,"Premiered Feb 26, 2025",False
Dxuv75AmLTo,https://www.youtube.com/watch?v=Dxuv75AmLTo,Geotek showcases BoxScan’s Advanced Core Logging System,highlight,136,126,0,0.0,"Premiered Feb 26, 2025",False
mpjFI5AEZos,https://www.youtube.com/watch?v=mpjFI5AEZos,Geotek: High-Tech Core Analysis with BoxScan #294,episode,1928,30948,4,0.0129,"Premiered Feb 26, 2025",False
EDOMXpjD_gA,https://www.youtube.com/watch?v=EDOMXpjD_gA,Propeller Part 2: Cutting-Edge Drone Mapping – From Surveying to Hydrology #293,episode,2863,30801,2,0.0065,"Premiered Feb 25, 2025",False
PSE0UYchjpI,https://www.youtube.com/watch?v=PSE0UYchjpI,Krucker Hardfacing are Engineering Piping Systems to Last,highlight,91,21,0,0.0,"Premiered Feb 24, 2025",False
bh6VWL4g49Y,https://www.youtube.com/watch?v=bh6VWL4g49Y,Krucker Hardfacing shares How Welding Skills Led to Business Success,highlight,107,28,1,3.5714,"Premiered Feb 24, 2025",False
rpSAYe49Lh4,https://www.youtube.com/watch?v=rpSAYe49Lh4,Krucker Hardfacing: Innovative Piping Solutions for Heavy Industry #06,episode,897,26145,5,0.0191,"Premiered Feb 24, 2025",False
0xckgd8q5uE,https://www.youtube.com/watch?v=0xckgd8q5uE,Crownsmen Partners Breaks Down the 5 Rules for a Winning Slogan,highlight,229,7,0,0.0,"Premiered Feb 21, 2025",False
6v3wTh6CeZE,https://www.youtube.com/watch?v=6v3wTh6CeZE,Crownsmen Partners Examines Legal Troubles in the Mining Sector,highlight,270,12,0,0.0,"Premiered Feb 21, 2025",False
GiWkbei_xvo,https://www.youtube.com/watch?v=GiWkbei_xvo,Crownsmen Partners Makes Heavy Industry Content Impossible to Ignore,highlight,153,8,0,0.0,"Premiered Feb 21, 2025",False
yRYpXyxna8I,https://www.youtube.com/watch?v=yRYpXyxna8I,"TCS 120: LSB's Port Side Pilsner + Branding, Investment Insights, and Mining Legal Disputes",episode,3735,51668,10,0.0194,"Premiered Feb 21, 2025",True
D7t-ATEfH1c,https://www.youtube.com/watch?v=D7t-ATEfH1c,SSAB discuss Fixing the Steel industry’s Carbon Problem,highlight,225,77,0,0.0,"Premiered Feb 20, 2025",False
eObUKZHj3Io,https://www.youtube.com/watch?v=eObUKZHj3Io,SSAB on the Future of Fossil-Free Steel Production,mid_clip,336,178,2,1.1236,"Premiered Feb 20, 2025",False
4wcfeYoeM7M,https://www.youtube.com/watch?v=4wcfeYoeM7M,SSAB: Decarbonizing Mining with Fossil-Free™ Steel & SSAB Zero™ #292,episode,2451,32718,3,0.0092,"Premiered Feb 20, 2025",False
0H4AHjLOiJo,https://www.youtube.com/watch?v=0H4AHjLOiJo,maxgeo's Mining Innovation Success with Datashed,highlight,146,50,0,0.0,"Premiered Feb 19, 2025",False
G3yO2IfFObY,https://www.youtube.com/watch?v=G3yO2IfFObY,maxgeo delivers Smarter Data Solutions for Mining,highlight,239,56,0,0.0,"Premiered Feb 19, 2025",False
CG035B7DRN4,https://www.youtube.com/watch?v=CG035B7DRN4,maxgeo: Transforming Data Management in Mining with DataShed5 #291,episode,2084,32753,7,0.0214,"Premiered Feb 19, 2025",False
lepTb0hLjX8,https://www.youtube.com/watch?v=lepTb0hLjX8,PHNXX showcases Modular Solar Power for Remote Areas,highlight,179,82,2,2.439,"Feb 19, 2025",False
Mlt2WAY-43o,https://www.youtube.com/watch?v=Mlt2WAY-43o,PHNXX's Mobile and Scalable Solar Power Solutions,highlight,137,122,1,0.8197,"Feb 19, 2025",False
tdmfpkT9ywI,https://www.youtube.com/watch?v=tdmfpkT9ywI,PHNXX: The Future of Off-Grid Renewable Energy for Mining #290,episode,2143,30587,5,0.0163,"Premiered Feb 18, 2025",False
QpMC_bMPOFM,https://www.youtube.com/watch?v=QpMC_bMPOFM,Crownsmen Partners Exposes the Biggest Economic Mistake We Keep Making,highlight,183,36,0,0.0,"Premiered Feb 14, 2025",False
iQIb3uW-iuQ,https://www.youtube.com/watch?v=iQIb3uW-iuQ,Crownsmen Partners Tackle the Nuclear Waste Storage Problem,highlight,177,10,0,0.0,"Premiered Feb 14, 2025",False
u1BwrDs9oKA,https://www.youtube.com/watch?v=u1BwrDs9oKA,Crownsmen Partners on Renewable Fuel’s Role in Canada’s Energy Mix,highlight,166,35,0,0.0,"Premiered Feb 14, 2025",False
bTc9AINm2MI,https://www.youtube.com/watch?v=bTc9AINm2MI,TCS 119: SBC's The Black Lager + Breaking Up the Biggest Strategies and Building the Future,episode,3921,50897,7,0.0138,"Premiered Feb 14, 2025",True
vTG2CMXVAHU,https://www.youtube.com/watch?v=vTG2CMXVAHU,ADERCO's B Corp Certified Sustainability Efforts,highlight,293,12,2,16.6667,"Premiered Feb 13, 2025",False
VyBhGBvKEbs,https://www.youtube.com/watch?v=VyBhGBvKEbs,ADERCO explains The Science Behind Cleaner Combustion,highlight,184,29,1,3.4483,"Premiered Feb 13, 2025",False
BS9s6UMjquE,https://www.youtube.com/watch?v=BS9s6UMjquE,ADERCO: Saving Millions through Fuel Efficiency in Mining #289,episode,2079,30857,5,0.0162,"Premiered Feb 13, 2025",False
Tar3NuynNKQ,https://www.youtube.com/watch?v=Tar3NuynNKQ,RBC Bearings showcase their High-Performance Bearings for Mining,highlight,283,479,2,0.4175,"Premiered Feb 12, 2025",False
TcSgQZEciAM,https://www.youtube.com/watch?v=TcSgQZEciAM,RBC Bearings features the Future of Grease-Free Bearings,highlight,247,319,2,0.627,"Premiered Feb 12, 2025",False
iBpcP18yDDE,https://www.youtube.com/watch?v=iBpcP18yDDE,RBC Bearings Part 2: Innovative Bearing Solutions for Mining #288,episode,1223,31119,7,0.0225,"Premiered Feb 12, 2025",False
g8qO50QjdoA,https://www.youtube.com/watch?v=g8qO50QjdoA,IPI Packers are Manufacturing New Packer Designs Quickly,highlight,181,31,0,0.0,"Premiered Feb 11, 2025",False
soFUbQACWC8,https://www.youtube.com/watch?v=soFUbQACWC8,IPI Packers Solved an Impossible Custom Packer Request,highlight,252,28,0,0.0,"Premiered Feb 11, 2025",False
nQ2imnEs95g,https://www.youtube.com/watch?v=nQ2imnEs95g,IPI Packers Part 3: High-Quality Custom Packer Equipment Solutions for Mining #287,episode,2544,30932,3,0.0097,"Premiered Feb 11, 2025",False
IXrutdEzvwU,https://www.youtube.com/watch?v=IXrutdEzvwU,How does Dorado Drilling Adapt to Client Challenges?,highlight,197,1304,2,0.1534,"Premiered Feb 10, 2025",False
-MQoDMok-m8,https://www.youtube.com/watch?v=-MQoDMok-m8,Dorado Drilling Increasing Operations in the USA,mid_clip,400,4509,3,0.0665,"Premiered Feb 10, 2025",False
rqaSr7WMzAM,https://www.youtube.com/watch?v=rqaSr7WMzAM,"Dorado Drilling: Diamond Drilling with Helicopters, Harsh Climates & Heavy Machinery #286",episode,3088,51523,10,0.0194,"Premiered Feb 10, 2025",False
UuCAE2jpxdk,https://www.youtube.com/watch?v=UuCAE2jpxdk,Redwave Solutions: Clasificación óptica en los procesos mineros - México y LATAM,highlight,233,21197,3,0.0142,"Feb 10, 2025",False
gh8_JxWg6Q8,https://www.youtube.com/watch?v=gh8_JxWg6Q8,AUSA shares the Advantages of Compact Dumpsters,highlight,253,33,0,0.0,"Premiered Feb 7, 2025",False
z6pC9kDPZTg,https://www.youtube.com/watch?v=z6pC9kDPZTg,AUSA showcases Compact yet Powerful Telehandlers,highlight,131,160,0,0.0,"Premiered Feb 7, 2025",False
wKUKRXQTZc0,https://www.youtube.com/watch?v=wKUKRXQTZc0,AUSA: The Future of Compact All-Terrain Industrial Vehicles #118,episode,3581,33501,3,0.009,"Premiered Feb 7, 2025",False
QR6ycNHxOwU,https://www.youtube.com/watch?v=QR6ycNHxOwU,Molycop Ensures Mining Operations Keep Running,highlight,218,106,0,0.0,"Premiered Feb 6, 2025",False
NPqnKX2WJSE,https://www.youtube.com/watch?v=NPqnKX2WJSE,Molycop is Cutting Shutdowns by 25% & Improving Production,highlight,209,81,0,0.0,"Premiered Feb 6, 2025",False
ByWzafK9rpQ,https://www.youtube.com/watch?v=ByWzafK9rpQ,Molycop: Powering Full-Scale Mining Solutions Worldwide #285,episode,2540,30556,5,0.0164,"Premiered Feb 6, 2025",False
T4LmOBBYde0,https://www.youtube.com/watch?v=T4LmOBBYde0,BCR Environmental talks about Odor Control in Wastewater Plants,highlight,186,47,0,0.0,"Premiered Feb 5, 2025",False
obKH9wG_cEc,https://www.youtube.com/watch?v=obKH9wG_cEc,BCR Environmental discuss replacing Anaerobic Wastewater Digestors with CleanB®,highlight,147,52,1,1.9231,"Premiered Feb 5, 2025",False
I_paNppBZV8,https://www.youtube.com/watch?v=I_paNppBZV8,BCR Environmental: Transforming Wastewater Treatment with CleanB® and BIO-SCRU® Technology #30,episode,2472,30813,5,0.0162,"Premiered Feb 5, 2025",False
BT63p16FLJU,https://www.youtube.com/watch?v=BT63p16FLJU,Petro-Canada Lubricants talks about The Shift to Ultra-Low Zinc Lubricants,mid_clip,349,144,2,1.3889,"Premiered Feb 4, 2025",False
lIEhhTjUv4o,https://www.youtube.com/watch?v=lIEhhTjUv4o,Petro-Canada Lubricants showcases their Smart Lubrication for Mining,highlight,201,151,4,2.649,"Premiered Feb 4, 2025",False
2xnzDY2Jde4,https://www.youtube.com/watch?v=2xnzDY2Jde4,Petro-Canada Lubricants: Revolutionizing Mining Maintenance with Smart Lubrication #284,episode,2919,30552,4,0.0131,"Premiered Feb 4, 2025",False
s1m_FzxctoE,https://www.youtube.com/watch?v=s1m_FzxctoE,TOMCO Systems Compare Water Treatment Methods,highlight,270,38,1,2.6316,"Premiered Jan 29, 2025",False
OHHpD1soqsU,https://www.youtube.com/watch?v=OHHpD1soqsU,TOMCO Systems discuss the Advantages of CO2 Water Treatment,mid_clip,419,104,2,1.9231,"Premiered Jan 29, 2025",False
1951DBrIt7s,https://www.youtube.com/watch?v=1951DBrIt7s,TOMCO Systems: CO2-Based Industrial Water Treatment Systems #29,episode,3025,30849,6,0.0194,"Premiered Jan 29, 2025",False
bUjWvPXj3no,https://www.youtube.com/watch?v=bUjWvPXj3no,Glencore Technology discuss Transitions from Lab Tests to Full Production,highlight,87,88,0,0.0,"Premiered Jan 28, 2025",False
KuEbS1DPo8I,https://www.youtube.com/watch?v=KuEbS1DPo8I,Glencore Technology are Optimizing Flotation with Jameson Cell,highlight,225,1202,2,0.1664,"Premiered Jan 28, 2025",False
B7BnPfR6lNM,https://www.youtube.com/watch?v=B7BnPfR6lNM,Glencore Technology: Advanced Flotation Technology Simplified with Jameson Cell #283,episode,1778,30855,13,0.0421,"Premiered Jan 28, 2025",False
aDPX9PGcQZA,https://www.youtube.com/watch?v=aDPX9PGcQZA,Hubbard-Hall is Transforming Hazardous Waste to Copper,highlight,160,22,0,0.0,"Premiered Jan 24, 2025",False
MWPSELOUz-M,https://www.youtube.com/watch?v=MWPSELOUz-M,Hubbard-Hall talks about Smarter Wastewater Management,highlight,154,10,0,0.0,"Premiered Jan 24, 2025",False
9I1bbkJmd0Y,https://www.youtube.com/watch?v=9I1bbkJmd0Y,Hubbard-Hall: Legacy of Industry Wastewater Treatment Solutions #117,episode,2814,30602,8,0.0261,"Premiered Jan 24, 2025",False
_ttrIwgkCBM,https://www.youtube.com/watch?v=_ttrIwgkCBM,Wingtra & Freeport-McMoRan on Precision Drone Surveying Made Easy,mid_clip,323,88,1,1.1364,"Premiered Jan 22, 2025",False
SEoS5n6jwCU,https://www.youtube.com/watch?v=SEoS5n6jwCU,Wingtra & Freeport-McMoRan are Mining with Advanced Drone Systems,highlight,206,83,1,1.2048,"Premiered Jan 22, 2025",False
M3d3ACvX-2Y,https://www.youtube.com/watch?v=M3d3ACvX-2Y,Wingtra & Freeport-McMoRan: How Advanced Drone Mapping is Transforming Mining Operations #282,episode,3573,31041,3,0.0097,"Premiered Jan 22, 2025",False
mI6dEjc0VqU,https://www.youtube.com/watch?v=mI6dEjc0VqU,Blacoh is Protecting Construction Pump Systems Worldwide,highlight,110,20,0,0.0,"Premiered Jan 21, 2025",False
kwn5g8vg3q8,https://www.youtube.com/watch?v=kwn5g8vg3q8,Blacoh Explains Metering Pump Systems for Construction,highlight,213,23,0,0.0,"Premiered Jan 21, 2025",False
yjkfBnfQHzM,https://www.youtube.com/watch?v=yjkfBnfQHzM,Blacoh Industries: Advanced Pump System Solutions for Construction #28,episode,2287,30417,2,0.0066,"Premiered Jan 21, 2025",False
T7Gmfudf3Vg,https://www.youtube.com/watch?v=T7Gmfudf3Vg,Crownsmen Partners Breaks Down Canada’s Nuclear Power Potential,highlight,148,54,0,0.0,"Premiered Jan 17, 2025",False
8wOrk39Xgy8,https://www.youtube.com/watch?v=8wOrk39Xgy8,Crownsmen Partners Explores New Ways to Speed Up Mining Project Approvals,highlight,171,25,0,0.0,"Premiered Jan 17, 2025",False
LT7NnCRTGl0,https://www.youtube.com/watch?v=LT7NnCRTGl0,Crownsmen Partners Talks Critical Minerals and Global Dependency,highlight,217,11,0,0.0,"Premiered Jan 17, 2025",False
01JPfkADVbo,https://www.youtube.com/watch?v=01JPfkADVbo,"TCS 116: FBC's Straight Line White Witbier + Mining  Tech Focus, & Adidas' Oktoberfest Sneaker",episode,3194,50481,5,0.0099,"Premiered Jan 17, 2025",True
3ZQiGYmSTBQ,https://www.youtube.com/watch?v=3ZQiGYmSTBQ,SafeGauge on Developing Safety Products for Mining,highlight,299,27,0,0.0,"Premiered Jan 15, 2025",False
_M8CLKwty-E,https://www.youtube.com/watch?v=_M8CLKwty-E,SafeGauge showcases Safe & Reliable Mining Data with MultiTool Pro,highlight,156,27,0,0.0,"Premiered Jan 15, 2025",False
I5fwcERCHrk,https://www.youtube.com/watch?v=I5fwcERCHrk,SafeGauge Part 4: Pioneering Safe Testing Technology with the MultiTool Pro #281,episode,2206,30993,5,0.0161,"Premiered Jan 15, 2025",False
55VQ0bVyzwE,https://www.youtube.com/watch?v=55VQ0bVyzwE,FASING Group Delivers Global Mining Expertise and Solutions,highlight,264,48,0,0.0,"Premiered Jan 13, 2025",False
LRduP1SIGHs,https://www.youtube.com/watch?v=LRduP1SIGHs,FASING Group showcases the Power of Custom Product Solutions for Mining,highlight,205,42,0,0.0,"Premiered Jan 13, 2025",False
ecWTeg1R4Dk,https://www.youtube.com/watch?v=ecWTeg1R4Dk,FASING Group: Transforming Mining with Durable Chain Solutions #280,episode,1287,32678,4,0.0122,"Premiered Jan 13, 2025",False
mpwAGDcF2ts,https://www.youtube.com/watch?v=mpwAGDcF2ts,Crownsmen Partners Discuss L&H Industrial's Massive Machine That’s Changing Industrial Manufacturing,highlight,192,55,0,0.0,"Premiered Jan 10, 2025",False
1Jwyh7pxMck,https://www.youtube.com/watch?v=1Jwyh7pxMck,Crownsmen Partners Shares The Hidden Strategy Behind Amazon’s Massive Growth,highlight,198,12,0,0.0,"Premiered Jan 10, 2025",False
ktWorTuq3hs,https://www.youtube.com/watch?v=ktWorTuq3hs,Crownsmen Partners Talks About The Power of Adding Value,highlight,103,4,0,0.0,"Premiered Jan 10, 2025",False
jCKQc51t4Yk,https://www.youtube.com/watch?v=jCKQc51t4Yk,TCS 115: FMCB's Juicy Ass IPA + Unlocking Value in Today's World,episode,3488,53247,2,0.0038,"Premiered Jan 10, 2025",True
963hs1prbN0,https://www.youtube.com/watch?v=963hs1prbN0,Deswik: Empowering Mining Operations with Advanced Software Solutions #279,episode,1261,31034,11,0.0354,"Premiered Jan 9, 2025",False
qNSmFhn1KPc,https://www.youtube.com/watch?v=qNSmFhn1KPc,Deswik features their New Shift Planning App for Mining,highlight,176,860,7,0.814,"Premiered Jan 9, 2025",False
CYnBZo0gw8U,https://www.youtube.com/watch?v=CYnBZo0gw8U,Deswik is Transforming Mining Operations with Digital Tools,highlight,251,504,3,0.5952,"Premiered Jan 9, 2025",False
EmvOPMwUrCs,https://www.youtube.com/watch?v=EmvOPMwUrCs,Optis Engineering and Technosub are Building Smarter Pumps for Mining,highlight,203,61,0,0.0,"Premiered Jan 7, 2025",False
6h6z-RU4X3k,https://www.youtube.com/watch?v=6h6z-RU4X3k,Optis Engineering and Technosub discuss LIVEFLO® Monitoring and Autonomous Systems,highlight,184,28,0,0.0,"Premiered Jan 7, 2025",False
MkAvTavg3Vw,https://www.youtube.com/watch?v=MkAvTavg3Vw,Optis Engineering Part 3: Real-Time Data for Mining Pump Diagnostics with Technosub #278,episode,1383,30370,4,0.0132,"Premiered Jan 7, 2025",False
P9XYNdITnPg,https://www.youtube.com/watch?v=P9XYNdITnPg,OK Foreign Trade and Mining's Competitive Edge in the Global Chemical Industry,highlight,286,34,0,0.0,"Premiered Jan 1, 2025",False
yncBfopmZ0A,https://www.youtube.com/watch?v=yncBfopmZ0A,OK Foreign Trade & Mining: Cutting-Edge Chemical Safety Solutions for Mining #277,episode,1774,30353,10,0.0329,"Premiered Jan 1, 2025",False
yYAari5wq78,https://www.youtube.com/watch?v=yYAari5wq78,OK Foreign Trade and Mining showcases Chemical Solutions Protecting Miners,highlight,236,30,0,0.0,"Premiered Jan 1, 2025",False
OE5d-cmEe_4,https://www.youtube.com/watch?v=OE5d-cmEe_4,Excel Fluid Group shows Why HDPE Wet Wells Outshines Concrete,highlight,262,679,6,0.8837,"Premiered Dec 30, 2024",False
4kQazkNhqP0,https://www.youtube.com/watch?v=4kQazkNhqP0,Excel Fluid Group showcases their NoVault Pump Stations,highlight,139,51,1,1.9608,"Premiered Dec 30, 2024",False
evV-zojA_-I,https://www.youtube.com/watch?v=evV-zojA_-I,Excel Fluid Group: Advanced Pumping Solutions for Construction #27,episode,2575,30963,6,0.0194,"Premiered Dec 30, 2024",False
KolVLxdBeE0,https://www.youtube.com/watch?v=KolVLxdBeE0,Crownsmen Partners on The Strategic Power of Marketing in Downturns,mid_clip,343,14,0,0.0,"Premiered Dec 20, 2024",False
E_YnFr1ilwE,https://www.youtube.com/watch?v=E_YnFr1ilwE,Crownsmen Partners Breaks Down How Wrigley’s Gum Chewed Its Way to the Top,highlight,198,20,0,0.0,"Premiered Dec 20, 2024",False
5F2Tai8IR-U,https://www.youtube.com/watch?v=5F2Tai8IR-U,"Crownsmen Partners Talk About Investing in Trends | The Highs, the Risks, and the Opportunities",mid_clip,396,19,0,0.0,"Premiered Dec 20, 2024",False
ois7ZTm8QBY,https://www.youtube.com/watch?v=ois7ZTm8QBY,"TCS 114: SB's Kölsch Lagered Ale + Investment Strategies, Business Growth, and Bold Moves",episode,3443,50680,3,0.0059,"Premiered Dec 20, 2024",True
ibKG1MVn5bw,https://www.youtube.com/watch?v=ibKG1MVn5bw,Redwave Solutions unveils Sorting Tech That Boosts Mining Productivity,highlight,159,26,0,0.0,"Premiered Dec 18, 2024",False
kUmgM-8ljDo,https://www.youtube.com/watch?v=kUmgM-8ljDo,Redwave Solutions showcases the Advantage of REDWAVE ROX‘s Sorting Tech,highlight,97,51,0,0.0,"Premiered Dec 18, 2024",False
QPFDMbWNRjU,https://www.youtube.com/watch?v=QPFDMbWNRjU,Redwave Solutions: REDWAVE ROX's Advanced Sensor-Based Sorting Tech for Mining #276,episode,2278,55835,7,0.0125,"Premiered Dec 18, 2024",False
VaWGSsht78g,https://www.youtube.com/watch?v=VaWGSsht78g,Kal Tire shares How Operators Benefit from Tire Recycling,highlight,230,26,0,0.0,"Premiered Dec 17, 2024",False
YMGz9t4Jsbo,https://www.youtube.com/watch?v=YMGz9t4Jsbo,Kal Tire Turns Old Mining Tires Into Valuable Resources,highlight,168,177,3,1.6949,"Premiered Dec 17, 2024",False
Uz3F7Cf00rc,https://www.youtube.com/watch?v=Uz3F7Cf00rc,Kal Tire Mining Part 9: Transforming Mining Waste with Tire Recycling #275,episode,1037,30668,5,0.0163,"Premiered Dec 17, 2024",False
nlcLJIrLpzg,https://www.youtube.com/watch?v=nlcLJIrLpzg,Wingtra and Propeller: Optimizing Mining with Drone Mapping & Advanced Analytics #274,episode,3586,30721,1,0.0033,"Premiered Dec 16, 2024",False
cxcvUEmtuUY,https://www.youtube.com/watch?v=cxcvUEmtuUY,Wingtra and Propeller explore The Future of Drone Mapping and Monitoring Solutions,highlight,225,49,2,4.0816,"Premiered Dec 16, 2024",False
hZ9X1ZyJydw,https://www.youtube.com/watch?v=hZ9X1ZyJydw,Wingtra and Propeller discuss How Drone Data Is Transforming Mining,mid_clip,321,81,0,0.0,"Premiered Dec 16, 2024",False
-JTZeumXbxI,https://www.youtube.com/watch?v=-JTZeumXbxI,Crownsmen Partners Reveal The Power of Benjamin Graham’s Investment Approach,highlight,197,31,0,0.0,"Premiered Dec 13, 2024",False
p43w2vZQMiw,https://www.youtube.com/watch?v=p43w2vZQMiw,Crownsmen Partners Talks about How One Business Decision Redefined Everything,highlight,153,13,1,7.6923,"Premiered Dec 13, 2024",False
3xIEr4IsMpw,https://www.youtube.com/watch?v=3xIEr4IsMpw,How to turn Plans to Business Triumphs with Crownsmen Partners,highlight,150,18,0,0.0,"Premiered Dec 13, 2024",False
Sq7qoab2mY4,https://www.youtube.com/watch?v=Sq7qoab2mY4,TCS 113: FBC's Headwall Hazy Pale Ale + Ford’s Lessons and Finance’s Secrets,episode,3630,52719,3,0.0057,"Premiered Dec 13, 2024",True
aqVxDNFQvLU,https://www.youtube.com/watch?v=aqVxDNFQvLU,Austin Powder showcases the Blasting Tech Evolution of Paradigm,highlight,153,132,3,2.2727,"Premiered Dec 12, 2024",False
GAgos69kXRo,https://www.youtube.com/watch?v=GAgos69kXRo,Austin Powder are Optimizing Rock Blasting for Mining,highlight,216,306,3,0.9804,"Premiered Dec 12, 2024",False
3eBixthy0Xo,https://www.youtube.com/watch?v=3eBixthy0Xo,Austin Powder: Precision Mine Blasting Technology with Paradigm #273,episode,1793,34429,8,0.0232,"Premiered Dec 12, 2024",False
JkfBF8gHKxk,https://www.youtube.com/watch?v=JkfBF8gHKxk,L&H Industrial's Custom Sensors for Industrial Machinery Monitoring,mid_clip,365,22,0,0.0,"Premiered Dec 10, 2024",False
chZeKFaFbfk,https://www.youtube.com/watch?v=chZeKFaFbfk,L&H Industrial is Redefining Industrial Equipment Standards,highlight,229,62,0,0.0,"Premiered Dec 10, 2024",False
jGc0dEkARUM,https://www.youtube.com/watch?v=jGc0dEkARUM,L&H Industrial: Showcasing Ops IQ’s Advanced Machine Monitoring Tech for Mining #272,episode,1317,30252,6,0.0198,"Premiered Dec 10, 2024",False
epwB5hnl0dw,https://www.youtube.com/watch?v=epwB5hnl0dw,Advanced Navigation is Revolutionizing Inertial Navigation Systems with Boreas,highlight,149,106,0,0.0,"Premiered Dec 5, 2024",False
froYAmfFdqI,https://www.youtube.com/watch?v=froYAmfFdqI,Advanced Navigation is Solving Navigation Problems with Certus Mini Series,highlight,231,151,0,0.0,"Premiered Dec 5, 2024",False
ZbSfL6ALX2s,https://www.youtube.com/watch?v=ZbSfL6ALX2s,Advanced Navigation: Certus Mini Series is The Next Big Thing in Inertial Navigation Systems #271,episode,3926,30468,2,0.0066,"Premiered Dec 5, 2024",False
EqT3khW8ayE,https://www.youtube.com/watch?v=EqT3khW8ayE,DAVCO showcases their Innovative Filtration Technology for Mining,highlight,126,28,0,0.0,"Premiered Dec 3, 2024",False
qqPNZoq71Ms,https://www.youtube.com/watch?v=qqPNZoq71Ms,DAVCO helps Avoid Fuel-Related Downtime with Mining Filtration Tech,highlight,142,22,0,0.0,"Premiered Dec 3, 2024",False
WDIuC4FzeNY,https://www.youtube.com/watch?v=WDIuC4FzeNY,DAVCO: Advanced Fuel Filtration Solutions for Mining #270,episode,1650,30122,0,0.0,"Premiered Dec 3, 2024",False
uibaLiHE1cw,https://www.youtube.com/watch?v=uibaLiHE1cw,Fogmaker showcases The Future of Fire Protection,highlight,98,158,1,0.6329,"Premiered Dec 2, 2024",False
qwez5lQ2dfk,https://www.youtube.com/watch?v=qwez5lQ2dfk,Fogmaker explains The Science Behind Fog Maker’s Success,highlight,98,34,0,0.0,"Premiered Dec 2, 2024",False
JGfs9qGKIvI,https://www.youtube.com/watch?v=JGfs9qGKIvI,Fogmaker: Redefining Fire Safety in Mining and Heavy Equipment #269,episode,1129,30663,2,0.0065,"Premiered Dec 2, 2024",False
S6tHu38BTvI,https://www.youtube.com/watch?v=S6tHu38BTvI,Crownsmen Partners Talk About Marketing Failures and What They Learned,highlight,185,15,0,0.0,"Premiered Nov 29, 2024",False
GMDt-ixtPEE,https://www.youtube.com/watch?v=GMDt-ixtPEE,Crownsmen Partners Discuss British Columbia's Hydro Energy Future,highlight,187,49,0,0.0,"Premiered Nov 29, 2024",False
_I68v3NLyaI,https://www.youtube.com/watch?v=_I68v3NLyaI,Crownsmen Partners dives into Henry Ford’s Impact on Manufacturing and Business,highlight,149,17,1,5.8824,"Premiered Nov 29, 2024",False
5P1Ews-pk1c,https://www.youtube.com/watch?v=5P1Ews-pk1c,TCS 112: SB's Lions Gate Lager + Henry Ford's Legacy and Canadian Energy Insights,episode,2582,50166,5,0.01,"Premiered Nov 29, 2024",True
jVTZ3D5VGe0,https://www.youtube.com/watch?v=jVTZ3D5VGe0,Poynting showcases their Circular Polarized Antennas for Mining,highlight,184,70,1,1.4286,"Premiered Nov 28, 2024",False
V4PJEvm2uo8,https://www.youtube.com/watch?v=V4PJEvm2uo8,Poynting is Revolutionizing Underground Connectivity,mid_clip,359,34,1,2.9412,"Premiered Nov 28, 2024",False
yeatofEuu8Y,https://www.youtube.com/watch?v=yeatofEuu8Y,Poynting Antennas: Groundbreaking Antenna Tech for Mining #268,episode,1392,30119,6,0.0199,"Premiered Nov 28, 2024",False
V3h1lav2Em4,https://www.youtube.com/watch?v=V3h1lav2Em4,Wingtra's Drone Solutions for Mining Challenges,mid_clip,395,96,0,0.0,"Premiered Nov 27, 2024",False
hjSXr8yvdl0,https://www.youtube.com/watch?v=hjSXr8yvdl0,Wingtra showcases The Future of Drone Automation,highlight,130,190,2,1.0526,"Premiered Nov 27, 2024",False
GhCpxpLPG7o,https://www.youtube.com/watch?v=GhCpxpLPG7o,Wingtra: Mapping Mines with Advanced Automated Drones #267,episode,2922,30130,3,0.01,"Premiered Nov 27, 2024",False
XpHHuyxoxPk,https://www.youtube.com/watch?v=XpHHuyxoxPk,Wenco Mine are Future-Proofing Mines with Electrification feat. Scania,highlight,231,48,1,2.0833,"Premiered Nov 26, 2024",False
OEv-WmN51GE,https://www.youtube.com/watch?v=OEv-WmN51GE,Wenco Mine explores The Future of Tailored Trucking Solutions with Scania,mid_clip,323,56,0,0.0,"Premiered Nov 26, 2024",False
o6KTW4cHpqg,https://www.youtube.com/watch?v=o6KTW4cHpqg,Wenco Mine Part 3: Collaborative Innovations in Autonomous Mining with Scania #266,episode,1590,30510,5,0.0164,"Premiered Nov 26, 2024",False
auLF6H_lN-c,https://www.youtube.com/watch?v=auLF6H_lN-c,How the STM Screen of General Kinematics Changes Everything in Mining,highlight,230,57,0,0.0,"Premiered Nov 25, 2024",False
j0RTabvkhIM,https://www.youtube.com/watch?v=j0RTabvkhIM,General Kinematics' STM Screen is Built for Unstoppable Performance,highlight,279,24,0,0.0,"Premiered Nov 25, 2024",False
flC5QS_Z7nM,https://www.youtube.com/watch?v=flC5QS_Z7nM,General Kinematics Part 4: STM Screen and Two-Mass Systems Explained #265,episode,1265,30256,3,0.0099,"Premiered Nov 25, 2024",False
M7Y9MspfA_Y,https://www.youtube.com/watch?v=M7Y9MspfA_Y,Superbolt Tensioning Solutions by Nord-Lock Group,mid_clip,358,353,1,0.2833,"Premiered Nov 21, 2024",False
hoAC32CK1j0,https://www.youtube.com/watch?v=hoAC32CK1j0,Protecting Mining Workers with Advanced Bolting Systems with Nord-Lock Group,mid_clip,306,79,3,3.7975,"Premiered Nov 21, 2024",False
yozjA1op6cw,https://www.youtube.com/watch?v=yozjA1op6cw,Nord-Lock Group: Advanced Bolting Technology for Safer Mining #264,episode,1316,30325,7,0.0231,"Premiered Nov 21, 2024",False
jZLLIzahGGY,https://www.youtube.com/watch?v=jZLLIzahGGY,Eijkelkamp's Complete Training & Service for Mining Equipment,highlight,78,40,1,2.5,"Premiered Nov 20, 2024",False
IaJTMzvgNUY,https://www.youtube.com/watch?v=IaJTMzvgNUY,Eijkelkamp advances Safer Mining with Hands-Free Drilling,highlight,91,45,0,0.0,"Premiered Nov 20, 2024",False
-nVEqAYc4Yk,https://www.youtube.com/watch?v=-nVEqAYc4Yk,Eijkelkamp: Smarter and Safer Sonic Drilling for Mining #263,episode,1479,30507,11,0.0361,"Premiered Nov 20, 2024",False
9sbCPMN7p7E,https://www.youtube.com/watch?v=9sbCPMN7p7E,Hardox® Showcases Hardox® and Strenx® Steel,highlight,90,94,1,1.0638,"Premiered Nov 19, 2024",False
ZIi3CYe9sqY,https://www.youtube.com/watch?v=ZIi3CYe9sqY,Hardox® - Better Performing Steel for Agriculture,highlight,102,44,0,0.0,"Premiered Nov 19, 2024",False
DaBb65DgOl4,https://www.youtube.com/watch?v=DaBb65DgOl4,Hardox® Part 2: Steel Innovation in Agriculture Equipment #12,episode,1349,31068,4,0.0129,"Premiered Nov 19, 2024",False
qTVvQOflTbU,https://www.youtube.com/watch?v=qTVvQOflTbU,Surestrike Showcases their SS Series Impact Hammers,highlight,175,20,0,0.0,"Premiered Nov 18, 2024",False
1OWdq-4hOl0,https://www.youtube.com/watch?v=1OWdq-4hOl0,Surestrike offers the Smarter Heavy Industry Hammer Solution,highlight,78,46,0,0.0,"Premiered Nov 18, 2024",False
gxm18oKKULA,https://www.youtube.com/watch?v=gxm18oKKULA,Surestrike: Breaking Through Mining Challenges with Hydraulic Impact Hammers #262,episode,1207,31008,2,0.0064,"Premiered Nov 18, 2024",False
0SiTWy8ir-o,https://www.youtube.com/watch?v=0SiTWy8ir-o,Snowbird's Mobile Additive Manufacturing for Mining,highlight,127,71,0,0.0,"Premiered Nov 14, 2024",False
rgHPBiURj6A,https://www.youtube.com/watch?v=rgHPBiURj6A,Snowbird's Innovative Air-to-Water Generators,highlight,124,44,0,0.0,"Premiered Nov 14, 2024",False
md-kLh1BxLg,https://www.youtube.com/watch?v=md-kLh1BxLg,Snowbird Technologies: Advanced Mobile Manufacturing Tech for Mining #261,episode,1664,35999,3,0.0083,"Premiered Nov 14, 2024",False
tk6MJ8THSH8,https://www.youtube.com/watch?v=tk6MJ8THSH8,SafeGauge is Making Mining Equipment Safer and Smarter,highlight,275,107,1,0.9346,"Premiered Nov 13, 2024",False
RLNsWZoW81A,https://www.youtube.com/watch?v=RLNsWZoW81A,SafeGauge showcases The Power of Wireless Safety Tools,mid_clip,371,53,0,0.0,"Nov 13, 2024",False
4AgUDdQww2g,https://www.youtube.com/watch?v=4AgUDdQww2g,SafeGauge Part 3: Game-Changing Safety Tools Keeping Miners Safe #260,episode,1588,30332,1,0.0033,"Premiered Nov 13, 2024",False
narbLe9e_jU,https://www.youtube.com/watch?v=narbLe9e_jU,SMS Equipment - Exploring Komatsu’s Latest Tech at MINExpo 2024,highlight,128,179,1,0.5587,"Premiered Nov 12, 2024",False
4Wn9dmFgIKo,https://www.youtube.com/watch?v=4Wn9dmFgIKo,SMS Equipment on Preparing Mines for Autonomous Systems,highlight,164,102,2,1.9608,"Premiered Nov 12, 2024",False
hjlJI-MzHwk,https://www.youtube.com/watch?v=hjlJI-MzHwk,SMS Equipment Part 3 - Unveiling the Future with Komatsu’s Autonomous Haul Systems #259,episode,1889,50962,10,0.0196,"Premiered Nov 12, 2024",False
XqyGR4yJv1I,https://www.youtube.com/watch?v=XqyGR4yJv1I,Orica Digital Solutions Part 4: Latest Innovations in Blasting & Mining Technology #258,episode,2008,45463,11,0.0242,"Nov 7, 2024",False
rwBhGBCPp_c,https://www.youtube.com/watch?v=rwBhGBCPp_c,Orica Digital Solutions is Building Tech for Real Mining Problems,highlight,126,74,0,0.0,"Premiered Nov 7, 2024",False
GHNUg1dvrjs,https://www.youtube.com/watch?v=GHNUg1dvrjs,Orica Digital Solutions' Next Gen SHOTPlus™ Redefines Blast Optimization,highlight,231,560,2,0.3571,"Premiered Nov 7, 2024",False
hDVG3tzGVNw,https://www.youtube.com/watch?v=hDVG3tzGVNw,"Norda Stelo: Deep Expertise, Broader Impact",mid_clip,342,30,0,0.0,"Premiered Nov 6, 2024",False
dD02oXOl45c,https://www.youtube.com/watch?v=dD02oXOl45c,Norda Stelo is Increasing Safety & Efficiency with Robotics,highlight,187,37,0,0.0,"Premiered Nov 6, 2024",False
rC9RVaSs610,https://www.youtube.com/watch?v=rC9RVaSs610,Norda Stelo: Strategic Acquisitions for Sustainable Mining Solutions #257,episode,1877,30389,6,0.0197,"Premiered Nov 6, 2024",False
gQC5qU0dtII,https://www.youtube.com/watch?v=gQC5qU0dtII,IPI Packers are Solving Critical Problems with Portable Tech,highlight,103,84,1,1.1905,"Premiered Oct 30, 2024",False
OKUtVIjfFF8,https://www.youtube.com/watch?v=OKUtVIjfFF8,IPI Packers are Improving Borehole Safety & Efficiency,highlight,158,112,0,0.0,"Premiered Oct 30, 2024",False
Rmlnxfs1dss,https://www.youtube.com/watch?v=Rmlnxfs1dss,IPI Packers Part 2: Changing the Game in Borehole Safety #256,episode,1408,30191,3,0.0099,"Premiered Oct 30, 2024",False
XJzAqxUmUzE,https://www.youtube.com/watch?v=XJzAqxUmUzE,Dassault Systèmes shares How Data-Driven Sustainability is Shaping the Future,highlight,251,18,0,0.0,"Premiered Oct 29, 2024",False
ff-fKN7Y-KU,https://www.youtube.com/watch?v=ff-fKN7Y-KU,Dassault Systèmes showcases Cutting-Edge Simulations & Automation,highlight,268,58,0,0.0,"Premiered Oct 29, 2024",False
Xpb282dS1qs,https://www.youtube.com/watch?v=Xpb282dS1qs,Dassault Systèmes Part 4: Bridging Innovation & Sustainability with GEOVIA #255,episode,1436,31671,4,0.0126,"Premiered Oct 29, 2024",False
98BTQPYrnk4,https://www.youtube.com/watch?v=98BTQPYrnk4,Crownsmen Partners on The Power of Streamlined Team Reporting,highlight,163,7,0,0.0,"Premiered Oct 25, 2024",False
8FrOZVnEeOc,https://www.youtube.com/watch?v=8FrOZVnEeOc,Crownsmen Partners' Insights on Canada’s New Floating LNG Facility,highlight,138,79,0,0.0,"Premiered Oct 25, 2024",False
MaQHcalXR04,https://www.youtube.com/watch?v=MaQHcalXR04,Crownsmen Partners discuss What AI Could Mean for Your Industry,highlight,151,11,0,0.0,"Premiered Oct 25, 2024",False
pto7KJV6b7c,https://www.youtube.com/watch?v=pto7KJV6b7c,"TCS 111: LCA's El Valle Salado Salted Lime Lager + Unpacking AI, Energy & Management",episode,2619,53083,19,0.0358,"Premiered Oct 25, 2024",True
R_SgwWYM5jk,https://www.youtube.com/watch?v=R_SgwWYM5jk,Dodge Industrial Showcases Dodge OPTIFY and Intelli-Lube™,highlight,157,291,0,0.0,"Premiered Oct 24, 2024",False
H50OtNrNrSM,https://www.youtube.com/watch?v=H50OtNrNrSM,Dodge Industrial's Innovative Gearbox Solutions,highlight,287,177,1,0.565,"Premiered Oct 24, 2024",False
4lZzPf3CsFk,https://www.youtube.com/watch?v=4lZzPf3CsFk,Dodge Industrial: The Future of Bearings in Mining #254,episode,1372,30495,2,0.0066,"Premiered Oct 24, 2024",False
rOt8DCjVF64,https://www.youtube.com/watch?v=rOt8DCjVF64,Ed Lingel's Journey of Business Growth,highlight,270,20,0,0.0,"Premiered Oct 23, 2024",False
pxf8hriklpU,https://www.youtube.com/watch?v=pxf8hriklpU,How Ed Lingel Turned Passion into a Thriving Business,highlight,141,105,1,0.9524,"Premiered Oct 23, 2024",False
YkFHRxljaHE,https://www.youtube.com/watch?v=YkFHRxljaHE,Navigating Business Growth & Acquisition with Ed Lingel #13,episode,3124,25352,4,0.0158,"Premiered Oct 23, 2024",False
4bDNlvRaLt8,https://www.youtube.com/watch?v=4bDNlvRaLt8,Hardox is Improving Efficiency with Hardox 500 Tuf,highlight,127,124,1,0.8065,"Premiered Oct 22, 2024",False
B-SZOK0abEk,https://www.youtube.com/watch?v=B-SZOK0abEk,Hardox is Maximizing Wear Life with Hardness Calculators,highlight,137,40,0,0.0,"Premiered Oct 22, 2024",False
kjr52sXYeog,https://www.youtube.com/watch?v=kjr52sXYeog,Hardox®: Showcasing the Power of Hardox® Wear Plate in Mining #253,episode,1273,30620,2,0.0065,"Premiered Oct 22, 2024",False
xDntF71hzdM,https://www.youtube.com/watch?v=xDntF71hzdM,"TCS 110: BB's Sneaky Weasel + Visionary Thinking, Critical Resources, and Cashflow Strategies",episode,3400,31340,2,0.0064,"Oct 18, 2024",True
tMrx67BKfwI,https://www.youtube.com/watch?v=tMrx67BKfwI,Do Companies Truly Believe Their Vision?,highlight,194,15,1,6.6667,"Premiered Oct 17, 2024",False
CING8AcONgg,https://www.youtube.com/watch?v=CING8AcONgg,The Global Race for Critical Minerals,highlight,108,46,0,0.0,"Premiered Oct 17, 2024",False
WOR35FFf1p0,https://www.youtube.com/watch?v=WOR35FFf1p0,Using Intrinsic Value to Make Better Decisions,highlight,187,13,0,0.0,"Premiered Oct 17, 2024",False
5tKIAtUy9I0,https://www.youtube.com/watch?v=5tKIAtUy9I0,Inside the Sugarrays Boxing Experience with Bob Mcadam #12,episode,3629,25740,15,0.0583,"Premiered Oct 15, 2024",False
YqDvnqGlxPI,https://www.youtube.com/watch?v=YqDvnqGlxPI,Graymont's 2025 Vision: Expansion Plans & Strategies,mid_clip,352,363,2,0.551,"Premiered Oct 9, 2024",False
J-UgySAPcyg,https://www.youtube.com/watch?v=J-UgySAPcyg,Graymont's GRAYBOND™ - Sustainable & Cost-Effective Alternative to Cement,mid_clip,439,183,2,1.0929,"Premiered Oct 9, 2024",False
-77Usfdq5Bk,https://www.youtube.com/watch?v=-77Usfdq5Bk,Graymont Part 4: Shaping the Future of Mining with GRAYBOND™ #252,episode,2989,30974,3,0.0097,"Premiered Oct 9, 2024",False
c3COmfME5io,https://www.youtube.com/watch?v=c3COmfME5io,Join CIM Health and Safety Conference 2024,mid_clip,436,27,0,0.0,"Premiered Oct 3, 2024",False
GJKE1aVJk1g,https://www.youtube.com/watch?v=GJKE1aVJk1g,Hawk Measurement's Real-Time Conveyor Belt Monitoring,mid_clip,304,92,0,0.0,"Premiered Oct 3, 2024",False
-7RteQmWjt4,https://www.youtube.com/watch?v=-7RteQmWjt4,Iottag discuss Leveraging Cloud Technology for Success,highlight,255,33,0,0.0,"Premiered Oct 3, 2024",False
eg4p30Gpb_0,https://www.youtube.com/watch?v=eg4p30Gpb_0,Global Victoria Part 5 - Showcasing Mining Technology with Hawk Measurement and Iottag #251,episode,2263,30257,3,0.0099,"Premiered Oct 3, 2024",False
LCVssrzBYqo,https://www.youtube.com/watch?v=LCVssrzBYqo,Graymont is Revolutionizing Mine Backfill with Cement Innovations,mid_clip,309,503,6,1.1928,"Oct 3, 2024",False
KftuBNHg-zE,https://www.youtube.com/watch?v=KftuBNHg-zE,Graymont's Soil Stabilization Solutions: GRAYBOND™ vs. Traditional Cement,mid_clip,321,73,0,0.0,"Oct 3, 2024",False
FuBf2CbA4uw,https://www.youtube.com/watch?v=FuBf2CbA4uw,Graymont Part 3: Why GRAYBOND™ is the Sustainable Future of Cement Replacement #26,episode,2377,30703,3,0.0098,"Premiered Oct 2, 2024",False
0-Gop92Mn-k,https://www.youtube.com/watch?v=0-Gop92Mn-k,Technica Mining & Sofvie are Trusting Automation for Better Results,highlight,140,9,0,0.0,"Premiered Oct 2, 2024",False
I-KjTAxAwxY,https://www.youtube.com/watch?v=I-KjTAxAwxY,Technica Mining & Sofvie: Resetting Your Course - Aligning Teams with a New Vision #33,episode,1573,15152,2,0.0132,"Premiered Oct 2, 2024",False
0lumCZ3uRsU,https://www.youtube.com/watch?v=0lumCZ3uRsU,Technica Mining & Sofvie discuss The Long Journey to Achieving Your Vision,highlight,152,4,0,0.0,"Premiered Oct 2, 2024",False
fLvEAr4RyNU,https://www.youtube.com/watch?v=fLvEAr4RyNU,RBC and Dodge's Optify Sensors are Redefining Machine Care,highlight,181,201,1,0.4975,"Premiered Sep 26, 2024",False
6dtygnwjOl0,https://www.youtube.com/watch?v=6dtygnwjOl0,RBC and Dodge are Maximizing Bearing Lifespan,highlight,257,92,0,0.0,"Premiered Sep 26, 2024",False
gDwU35oL0lo,https://www.youtube.com/watch?v=gDwU35oL0lo,RBC Bearings and Dodge Industrial: High-Tech Bearings and Maintenance Solutions #250,episode,2663,30532,7,0.0229,"Premiered Sep 26, 2024",False
Dh-jcPl6-ig,https://www.youtube.com/watch?v=Dh-jcPl6-ig,Savona Equipment - The Legendary Trio Behind Savona,highlight,119,16,0,0.0,"Premiered Sep 25, 2024",False
28vx1sIwRug,https://www.youtube.com/watch?v=28vx1sIwRug,Savona Equipment is Refurbishing Major Mining Equipment,highlight,108,16,0,0.0,"Premiered Sep 25, 2024",False
5ABqU9DU3CM,https://www.youtube.com/watch?v=5ABqU9DU3CM,Savona Equipment Part 6: Inside 36 Years of Mining Equipment Mastery #249,episode,2457,68710,6,0.0087,"Premiered Sep 25, 2024",False
D8movlbZM84,https://www.youtube.com/watch?v=D8movlbZM84,Tecweigh highlights Small-Scale Systems with Big Results,highlight,84,38,0,0.0,"Premiered Sep 25, 2024",False
DE7h-KGwWj0,https://www.youtube.com/watch?v=DE7h-KGwWj0,Tecweigh's Efficient Belt Scale Calibration with HD-S Belt Scales,highlight,154,668,5,0.7485,"Premiered Sep 25, 2024",False
Z_J5pouVA-Q,https://www.youtube.com/watch?v=Z_J5pouVA-Q,Tecweigh Part 4: New HD-S Belt Scale Innovations #248,episode,1536,30497,2,0.0066,"Premiered Sep 25, 2024",False
nzEERDk4Rx4,https://www.youtube.com/watch?v=nzEERDk4Rx4,SKF Lincoln’s New SL-6 Injector Features,highlight,168,555,5,0.9009,"Premiered Sep 24, 2024",False
iLIcnrGRGBU,https://www.youtube.com/watch?v=iLIcnrGRGBU,SKF Lincoln is Reducing Downtime in Cement Plants,highlight,124,78,0,0.0,"Premiered Sep 24, 2024",False
ngQfcknSqnI,https://www.youtube.com/watch?v=ngQfcknSqnI,SKF Lincoln: New Product Launch! SL-6 Injector #247,episode,2186,30250,4,0.0132,"Premiered Sep 24, 2024",False
Z1gUL2D_K7M,https://www.youtube.com/watch?v=Z1gUL2D_K7M,Claudia Tornquist explains Mineral Exploration,highlight,264,64,1,1.5625,"Premiered Sep 23, 2024",False
CacP1TWqFuU,https://www.youtube.com/watch?v=CacP1TWqFuU,Claudia Tornquist explores How Copper Mines are Structured,highlight,279,61,2,3.2787,"Premiered Sep 23, 2024",False
noKa7CbspR4,https://www.youtube.com/watch?v=noKa7CbspR4,"Kodiak Copper: Copper, AI, and the Future of Mining with Claudia Tornquist #11",episode,2463,25393,7,0.0276,"Premiered Sep 23, 2024",False
MZu90_N24Yc,https://www.youtube.com/watch?v=MZu90_N24Yc,Wally & Christie Buono shares the Heartwarming Power of Giving Back,highlight,159,17,0,0.0,"Premiered Sep 17, 2024",False
zlZ8DcFdH3M,https://www.youtube.com/watch?v=zlZ8DcFdH3M,Wally & Christie Buono on Building Communities Through Wins and Losses,mid_clip,382,27,1,3.7037,"Premiered Sep 17, 2024",False
2gjpzby33Q8,https://www.youtube.com/watch?v=2gjpzby33Q8,"CFL Legend Wally Buono and Christie Buono - Life, Football, and Helping Others #10",episode,3165,25530,5,0.0196,"Premiered Sep 17, 2024",False
lRLDly9dyUQ,https://www.youtube.com/watch?v=lRLDly9dyUQ,Optis Engineering is Saving Time and Preventing Failures with Hyperflo,highlight,256,24,0,0.0,"Premiered Sep 12, 2024",False
6xPMCewXGdg,https://www.youtube.com/watch?v=6xPMCewXGdg,Optis Engineering's Advanced Monitoring and IoT Solutions with Technosub,highlight,269,17,0,0.0,"Premiered Sep 12, 2024",False
AS8VXgCq9iw,https://www.youtube.com/watch?v=AS8VXgCq9iw,Optis Engineering Part 2: Expanding Ventilation Tech for Underground Mines #246,episode,1443,31349,4,0.0128,"Premiered Sep 12, 2024",False
QGUgX01ZzBY,https://www.youtube.com/watch?v=QGUgX01ZzBY,TASSTA showcases their Powerful Communication Solutions,highlight,139,38,0,0.0,"Premiered Sep 11, 2024",False
sYQqnCntAnQ,https://www.youtube.com/watch?v=sYQqnCntAnQ,TASSTA is Simplifying 4G/5G Deployment,highlight,118,25,0,0.0,"Premiered Sep 11, 2024",False
bmzsvmj1jFY,https://www.youtube.com/watch?v=bmzsvmj1jFY,TASSTA: Enhancing Mining Communication with 4G/5G Networks #245,episode,2579,45117,6,0.0133,"Premiered Sep 11, 2024",False
H98Zadw9c5A,https://www.youtube.com/watch?v=H98Zadw9c5A,Coldblock Technologies are Transforming Mining and Lab Sites,highlight,106,62,2,3.2258,"Premiered Sep 10, 2024",False
TMXbmFO65-Q,https://www.youtube.com/watch?v=TMXbmFO65-Q,Coldblock Technologies are Cutting Lab Time with Infrared Heating,highlight,176,70,0,0.0,"Premiered Sep 10, 2024",False
US10WFEuC18,https://www.youtube.com/watch?v=US10WFEuC18,ColdBlock Technologies: Revolutionizing Mining with Rapid Digestion Technology #244,episode,2711,30591,7,0.0229,"Premiered Sep 10, 2024",False
yj8dAFRps8c,https://www.youtube.com/watch?v=yj8dAFRps8c,Falkirk Consultants are Protecting Water Resources in Mining,mid_clip,306,22,0,0.0,"Sep 9, 2024",False
8XHeBP7GhRQ,https://www.youtube.com/watch?v=8XHeBP7GhRQ,Falkirk Consultants discuss How Expertise Turns Vision into Reality,highlight,286,30,0,0.0,"Sep 9, 2024",False
kBzTXo7CUrw,https://www.youtube.com/watch?v=kBzTXo7CUrw,Falkirk Consultants Part 3: Water Stewardship and the Future of Mining #243,episode,3243,30321,4,0.0132,"Sep 9, 2024",False
daLkmeUWg4g,https://www.youtube.com/watch?v=daLkmeUWg4g,Fenner Dunlop is Reducing Conveyor Belt Costs,highlight,88,35,0,0.0,"Premiered Sep 5, 2024",False
MSMlcfPZ8Yo,https://www.youtube.com/watch?v=MSMlcfPZ8Yo,Fenner Dunlop's Advanced Conveyor Belt Manufacturing,highlight,146,149,3,2.0134,"Premiered Sep 5, 2024",False
AXH-9n3YB58,https://www.youtube.com/watch?v=AXH-9n3YB58,Fenner Dunlop Part 6: Optimizing Conveyor Belt Performance #25,episode,2051,30263,4,0.0132,"Premiered Sep 5, 2024",False
QCyuWxZwxRc,https://www.youtube.com/watch?v=QCyuWxZwxRc,Corporate Traveller Overcomes Delays and Cancellations,highlight,171,12,0,0.0,"Premiered Sep 4, 2024",False
U51kL8dMua0,https://www.youtube.com/watch?v=U51kL8dMua0,Corporate Traveller is Optimizing Business Travel with Melon,highlight,127,113,0,0.0,"Premiered Sep 4, 2024",False
iywSj5RIVTc,https://www.youtube.com/watch?v=iywSj5RIVTc,Corporate Traveller: Expert Travel Solutions for the Energy Sector #50,episode,3015,45362,7,0.0154,"Premiered Sep 4, 2024",False
m1HTTybZNbc,https://www.youtube.com/watch?v=m1HTTybZNbc,H-E Parts International insights on Client-Focused Growth Strategies,mid_clip,362,13,0,0.0,"Premiered Sep 3, 2024",False
QAGsFCyUODQ,https://www.youtube.com/watch?v=QAGsFCyUODQ,H-E Parts International Part 4 - Engineering Custom Mining Solutions #242,episode,1900,30629,0,0.0,"Premiered Sep 3, 2024",False
y36u2o9gi8A,https://www.youtube.com/watch?v=y36u2o9gi8A,H-E Parts International are Adapting Mining Solutions Worldwide,highlight,175,100,0,0.0,"Premiered Sep 3, 2024",False
E0__oLR5h4Q,https://www.youtube.com/watch?v=E0__oLR5h4Q,BBA insights on Shortening the Mining Cycle,highlight,83,51,1,1.9608,"Premiered Aug 28, 2024",False
fyARKdo3CzI,https://www.youtube.com/watch?v=fyARKdo3CzI,BBA talks about the Impact of Trolley Assist Technology,highlight,123,75,3,4.0,"Premiered Aug 28, 2024",False
mtSDDvczW1Q,https://www.youtube.com/watch?v=mtSDDvczW1Q,BBA: Expert Insights on Modern Mining Challenges #241,episode,1568,30295,5,0.0165,"Premiered Aug 28, 2024",False
CmXxwjiVnvA,https://www.youtube.com/watch?v=CmXxwjiVnvA,Technica Mining & Sofvie insights on When Change Becomes the New Standard,highlight,91,3,0,0.0,"Premiered Aug 28, 2024",False
Z6TyAsXibMg,https://www.youtube.com/watch?v=Z6TyAsXibMg,Technica Mining & Sofvie talks about Embracing Change as a Constant in Business,highlight,91,2,0,0.0,"Premiered Aug 28, 2024",False
pyUj4klQa14,https://www.youtube.com/watch?v=pyUj4klQa14,Technica Mining & Sofvie: Transforming Change Initiatives into Standard Practices #32,episode,1136,15570,2,0.0128,"Premiered Aug 28, 2024",False
tuIDBGKwYT0,https://www.youtube.com/watch?v=tuIDBGKwYT0,DRA Global is Avoiding Mining Project Failures with Advisory Services,highlight,197,85,0,0.0,"Premiered Aug 27, 2024",False
WbHoO0UGLW4,https://www.youtube.com/watch?v=WbHoO0UGLW4,DRA Global insights on Hidden Challenges in Operations Readiness,highlight,216,58,1,1.7241,"Premiered Aug 27, 2024",False
D_CNk5-8k1U,https://www.youtube.com/watch?v=D_CNk5-8k1U,DRA Global Part 2: Holistic Approach to Mining Operational Readiness #240,episode,2717,30823,4,0.013,"Premiered Aug 27, 2024",False
03RCJzL7fnQ,https://www.youtube.com/watch?v=03RCJzL7fnQ,Elevāt's Leadership is Built on Trust and Tough Conversations,highlight,192,6,0,0.0,"Premiered Aug 26, 2024",False
nsLSoajFGJI,https://www.youtube.com/watch?v=nsLSoajFGJI,Elevāt is Powering the Future of Heavy Machinery,mid_clip,333,59,0,0.0,"Premiered Aug 26, 2024",False
Y-4vYrGQuVk,https://www.youtube.com/watch?v=Y-4vYrGQuVk,Elevāt: Advanced IoT Solutions for Heavy Equipment #24,episode,3363,30274,10,0.033,"Premiered Aug 26, 2024",False
DW14e6z-bno,https://www.youtube.com/watch?v=DW14e6z-bno,Lithodat's Interactive Dashboards and 3D Mapping for Mining,highlight,92,58,1,1.7241,"Premiered Aug 22, 2024",False
fR555GD4ebI,https://www.youtube.com/watch?v=fR555GD4ebI,Lithodat on The Future of Mining Data Management,highlight,74,25,0,0.0,"Premiered Aug 22, 2024",False
0-tkfRH5kCE,https://www.youtube.com/watch?v=0-tkfRH5kCE,Global Victoria Part 4 - Streamlining Data for Mining Operations with Lithodat #239,episode,785,34953,3,0.0086,"Premiered Aug 22, 2024",False
iKpGqPEGWaM,https://www.youtube.com/watch?v=iKpGqPEGWaM,PMAP & Baymag: Transforming Mining Wastewater with Advanced Technology #238,episode,3635,30237,7,0.0232,"Premiered Aug 21, 2024",False
SHh6lNNtPTQ,https://www.youtube.com/watch?v=SHh6lNNtPTQ,PMAP & Baymag are Solving Challenges in Mine Water Management,highlight,237,48,1,2.0833,"Premiered Aug 21, 2024",False
Y1xcD3Tp58Q,https://www.youtube.com/watch?v=Y1xcD3Tp58Q,PMAP & Baymag Offer Tailored Water Treatment Solutions,mid_clip,318,47,2,4.2553,"Premiered Aug 21, 2024",False
loNkih1npYI,https://www.youtube.com/watch?v=loNkih1npYI,The Art of Balancing Creativity and Business with Charles Zuckermann #09,episode,4103,25440,2,0.0079,"Premiered Aug 20, 2024",False
jo5CQhUhVjI,https://www.youtube.com/watch?v=jo5CQhUhVjI,Insights on Expanding as a Photographer from Charles Zuckermann,mid_clip,371,12,0,0.0,"Premiered Aug 20, 2024",False
lHHjcAkiLBE,https://www.youtube.com/watch?v=lHHjcAkiLBE,How Restaurant Skills Shaped a Photography Career feat. Charles Zuckermann,highlight,210,61,0,0.0,"Premiered Aug 20, 2024",False
boC4uqrtCdU,https://www.youtube.com/watch?v=boC4uqrtCdU,Propeller's Advanced Drone Solutions for Mining,highlight,101,13,0,0.0,"Premiered Aug 19, 2024",False
16QzMw4aExc,https://www.youtube.com/watch?v=16QzMw4aExc,Propeller's DirtMate Enhances Real-Time Equipment Monitoring,highlight,165,657,1,0.1522,"Premiered Aug 19, 2024",False
8Sfk0FDcA54,https://www.youtube.com/watch?v=8Sfk0FDcA54,Propeller: Advanced Drone Mapping Technology for Mining #237,episode,1298,30222,12,0.0397,"Premiered Aug 19, 2024",False
IjoAtX_6ctw,https://www.youtube.com/watch?v=IjoAtX_6ctw,Equinox Gold highlights the Historic Gold Pour at Greenstone,highlight,205,206,5,2.4272,"Premiered Aug 15, 2024",False
TuSEVjJlCBQ,https://www.youtube.com/watch?v=TuSEVjJlCBQ,Equinox Gold are Elevating Safety Standards Across Sites,mid_clip,301,35,0,0.0,"Premiered Aug 15, 2024",False
XyA1jyNAWns,https://www.youtube.com/watch?v=XyA1jyNAWns,Equinox Gold: Strategic Growth and ESG Commitment #236,episode,3181,30473,40,0.1313,"Premiered Aug 15, 2024",False
OC5uil8yoVg,https://www.youtube.com/watch?v=OC5uil8yoVg,Falkirk Consultants Part 2: Shaping the Future of Indigenous Engagement #235,episode,2034,30248,4,0.0132,"Premiered Aug 14, 2024",False
DR7wfmsm8k0,https://www.youtube.com/watch?v=DR7wfmsm8k0,Falkirk Consultants share How Shared Values Lead to Better Partnerships,highlight,177,22,1,4.5455,"Premiered Aug 14, 2024",False
kYqzvBYVFGU,https://www.youtube.com/watch?v=kYqzvBYVFGU,Falkirk Consultants talk about Community Engagement and Capacity Building,mid_clip,324,22,2,9.0909,"Premiered Aug 14, 2024",False
bokRnUxfw-0,https://www.youtube.com/watch?v=bokRnUxfw-0,CMCO: NEW Product Launch! BatteryStar™ Battery Powered Chain Hoist #109,episode,1460,30376,10,0.0329,"Premiered Aug 13, 2024",False
G7b8xuPWAQM,https://www.youtube.com/watch?v=G7b8xuPWAQM,CMCO is Enhancing Safety with New Hoist Technology,highlight,155,27,1,3.7037,"Premiered Aug 13, 2024",False
BOuXYcMdOF0,https://www.youtube.com/watch?v=BOuXYcMdOF0,"CMCO's Portable, Powerful, and Efficient Chain Hoist",highlight,177,96,5,5.2083,"Premiered Aug 13, 2024",False
wxrZ51MaVV4,https://www.youtube.com/watch?v=wxrZ51MaVV4,Global Victoria Part 3: Advanced Mining Solutions from Southern Innovation and Lithodat #234,episode,1851,30769,4,0.013,"Premiered Aug 12, 2024",False
YNFOUgA8XKE,https://www.youtube.com/watch?v=YNFOUgA8XKE,Southern Innovation's Real-Time Ore Sorting Technology,highlight,129,88,2,2.2727,"Premiered Aug 12, 2024",False
UONRM9yHd-E,https://www.youtube.com/watch?v=UONRM9yHd-E,Lithodat’s Cloud-Based Data Solutions for Mining,highlight,169,51,2,3.9216,"Premiered Aug 12, 2024",False
GdWrwcaYmEM,https://www.youtube.com/watch?v=GdWrwcaYmEM,Kal Tire Mining's Sustainable Tire Management Solutions,highlight,169,72,1,1.3889,"Premiered Aug 8, 2024",False
YvTj06otoAk,https://www.youtube.com/watch?v=YvTj06otoAk,Kal Tire Mining is Revolutionizing Mining Safety with AI,mid_clip,372,93,2,2.1505,"Premiered Aug 8, 2024",False
Bq8VH6pXqdI,https://www.youtube.com/watch?v=Bq8VH6pXqdI,Kal Tire Mining Part 8: Advanced Tire Solutions for Mining #233,episode,1935,30166,3,0.0099,"Premiered Aug 8, 2024",False
1clzErjXa6w,https://www.youtube.com/watch?v=1clzErjXa6w,Overcoming Personal & Professional Hurdles with Jason Zanatta,highlight,263,53,2,3.7736,"Premiered Aug 7, 2024",False
yFt7HFUxJX0,https://www.youtube.com/watch?v=yFt7HFUxJX0,Ensuring Mask Quality and Availability with Jason Zanatta,highlight,214,35,2,5.7143,"Premiered Aug 7, 2024",False
bSNcjSUyUj8,https://www.youtube.com/watch?v=bSNcjSUyUj8,Novoshield: Innovating Canadian PPE Manufacturing with Jason Zanatta #08,episode,1693,25236,2,0.0079,"Premiered Aug 7, 2024",False
NpeerWvXqso,https://www.youtube.com/watch?v=NpeerWvXqso,Cementation Americas' Commitment to Workplace Safety,highlight,206,42,0,0.0,"Premiered Aug 6, 2024",False
eVcF-_fKFp8,https://www.youtube.com/watch?v=eVcF-_fKFp8,Cementation Americas are Implementing Safety Technology in Mining,highlight,196,85,1,1.1765,"Premiered Aug 6, 2024",False
R8cFTaGSkMA,https://www.youtube.com/watch?v=R8cFTaGSkMA,Cementation Americas: Ensuring Zero Harm on Mining Projects #232,episode,1649,30288,6,0.0198,"Premiered Aug 6, 2024",False
eh-1gLhtz2Y,https://www.youtube.com/watch?v=eh-1gLhtz2Y,Crownsmen Partners Talk About Graymont's Cement Solutions,highlight,106,42,0,0.0,"Premiered Aug 2, 2024",False
EjTqDNLThy0,https://www.youtube.com/watch?v=EjTqDNLThy0,Mastering Asset Depreciation and Growth with Crownsmen Partners,highlight,130,8,0,0.0,"Premiered Aug 2, 2024",False
447U6RadArc,https://www.youtube.com/watch?v=447U6RadArc,Anton Paar Part 3 - Brewing Tradition Meets Innovation with Red Truck Beer #107,episode,2533,30229,3,0.0099,"Aug 1, 2024",False
EPXAKGbHfjo,https://www.youtube.com/watch?v=EPXAKGbHfjo,Capital Limited talks about Embracing Innovation and Automation,mid_clip,301,48,0,0.0,"Premiered Aug 1, 2024",False
rJiANOezDnU,https://www.youtube.com/watch?v=rJiANOezDnU,Capital Limited insights on Ensuring Success in Global Markets,highlight,225,42,1,2.381,"Premiered Aug 1, 2024",False
750ZP3eODmU,https://www.youtube.com/watch?v=750ZP3eODmU,Capital Limited: Expanding Mining Operations through Innovation #231,episode,1680,30136,6,0.0199,"Premiered Aug 1, 2024",False
taar1zXAeok,https://www.youtube.com/watch?v=taar1zXAeok,Hawk Measurement's Conveyor Systems for Power Plants,highlight,219,42,0,0.0,"Premiered Jul 31, 2024",False
f3au8eP001U,https://www.youtube.com/watch?v=f3au8eP001U,Hawk Measurement's insights on Monitoring Fire Risks in Mining,highlight,147,62,1,1.6129,"Premiered Jul 31, 2024",False
HogIRTaHEJU,https://www.youtube.com/watch?v=HogIRTaHEJU,Global Victoria Part 2: Revolutionizing Conveyor Health Monitoring with Hawk Measurement #230,episode,1101,30318,3,0.0099,"Premiered Jul 31, 2024",False
c5i_3rXLKxs,https://www.youtube.com/watch?v=c5i_3rXLKxs,Technica Mining and Sofvie explores The Pitfalls of Overplanning in Business,highlight,219,20,1,5.0,"Premiered Jul 31, 2024",False
5YvnUseFls4,https://www.youtube.com/watch?v=5YvnUseFls4,Technica Mining and Sofvie on Data Driven Decisions: The Assumption Trap,highlight,126,7,0,0.0,"Premiered Jul 31, 2024",False
eA2VjY3r2aQ,https://www.youtube.com/watch?v=eA2VjY3r2aQ,Technica Mining & Sofvie: Making Progress - Turning Motion into Meaningful Action #31,episode,1632,15244,1,0.0066,"Premiered Jul 31, 2024",False
6xsSAH7ub9g,https://www.youtube.com/watch?v=6xsSAH7ub9g,Anton Paar and Red Truck Beer are Enhancing Beer Production with Advanced Tech,mid_clip,320,20,0,0.0,"Premiered Jul 30, 2024",False
f9oUcAl-954,https://www.youtube.com/watch?v=f9oUcAl-954,Anton Paar and Red Truck Beer are Brewing Craft Beer with Precision,mid_clip,305,57,1,1.7544,"Premiered Jul 30, 2024",False
HTRrEu6hx5g,https://www.youtube.com/watch?v=HTRrEu6hx5g,How Coolon's Digital Mesh Networks are Changing Mining Operations,mid_clip,331,74,1,1.3514,"Premiered Jul 29, 2024",False
X49rJTD36ec,https://www.youtube.com/watch?v=X49rJTD36ec,How Optalert is Preventing Drowsy Driving in Mining Operations,mid_clip,342,76,2,2.6316,"Premiered Jul 29, 2024",False
neQKSwhqR4c,https://www.youtube.com/watch?v=neQKSwhqR4c,Global Victoria Part 1: Innovations of Optalert and Coolon in Mining #229,episode,2022,30194,9,0.0298,"Premiered Jul 29, 2024",False
b9YEG_Wd4U8,https://www.youtube.com/watch?v=b9YEG_Wd4U8,Falkirk Consultants are Collaborating with Indigenous Communities,mid_clip,333,84,0,0.0,"Premiered Jul 26, 2024",False
AY42kr7XdZs,https://www.youtube.com/watch?v=AY42kr7XdZs,Falkirk Consultants' Unique Approach to Mining Consulting,mid_clip,330,98,0,0.0,"Premiered Jul 26, 2024",False
7wXsM0RgHlE,https://www.youtube.com/watch?v=7wXsM0RgHlE,Falkirk Consultants Part 1: Environmental and Regulatory Expertise in Mining #228,episode,3621,30221,6,0.0199,"Premiered Jul 26, 2024",False
dBDKgSAce0Y,https://www.youtube.com/watch?v=dBDKgSAce0Y,SFC Energy's Innovative Remote Energy Solutions,highlight,264,60,1,1.6667,"Premiered Jul 25, 2024",False
Bk0aYSI6bxE,https://www.youtube.com/watch?v=Bk0aYSI6bxE,SFC Energy is Lowering Costs with Fuel Cell Technology,mid_clip,326,244,3,1.2295,"Premiered Jul 25, 2024",False
Cw-vXXawCjE,https://www.youtube.com/watch?v=Cw-vXXawCjE,SFC Energy: Groundbreaking Clean Energy for Mining #227,episode,1325,30703,6,0.0195,"Premiered Jul 25, 2024",False
0EYgbfq7fxE,https://www.youtube.com/watch?v=0EYgbfq7fxE,Tailoring Crushers for Global Mining Needs with H-E Parts International,highlight,241,51,1,1.9608,"Premiered Jul 24, 2024",False
bHfE0FoRO0o,https://www.youtube.com/watch?v=bHfE0FoRO0o,How H-E Parts International Boosted Liner Capacity and Efficiency by 50%,highlight,273,53,0,0.0,"Premiered Jul 24, 2024",False
eXZoOe0wkF4,https://www.youtube.com/watch?v=eXZoOe0wkF4,H-E Parts International Part 3: Optimizing Crusher Performance Globally #226,episode,2865,30381,1,0.0033,"Premiered Jul 24, 2024",False
uj_-BOGPpHk,https://www.youtube.com/watch?v=uj_-BOGPpHk,Minetek’s Advanced Noise Reduction Strategies for Mining,highlight,136,45,1,2.2222,"Premiered Jul 23, 2024",False
4KLus1Gi_p8,https://www.youtube.com/watch?v=4KLus1Gi_p8,Minetek is Transforming Mine Operations in New Acland,highlight,202,78,2,2.5641,"Premiered Jul 23, 2024",False
PjgozArNY-A,https://www.youtube.com/watch?v=PjgozArNY-A,Minetek Part 3: Cutting-Edge Noise Control in Mining #225,episode,2305,30311,4,0.0132,"Premiered Jul 23, 2024",False
riPboyBdmAY,https://www.youtube.com/watch?v=riPboyBdmAY,L&H Industrial are Overcoming Mining Equipment Challenges,mid_clip,317,63,0,0.0,"Premiered Jul 22, 2024",False
ZGJ-q9X_dag,https://www.youtube.com/watch?v=ZGJ-q9X_dag,L&H Industrial: 60 Years of Mining Technology Innovation #224,episode,1563,31128,6,0.0193,"Premiered Jul 22, 2024",False
UU0xg1Eh5qU,https://www.youtube.com/watch?v=UU0xg1Eh5qU,L&H Industrial shares Insights on the Rapid Growth in Mineral Processing,highlight,182,39,0,0.0,"Premiered Jul 22, 2024",False
QnMwyBM7xkQ,https://www.youtube.com/watch?v=QnMwyBM7xkQ,Crownsmen Partners Tells Us Why You Shouldn't Give Up on Sour Beers,highlight,109,8,0,0.0,"Premiered Jul 19, 2024",False
jB415b4jyIk,https://www.youtube.com/watch?v=jB415b4jyIk,The Risks of Expanding Before Your Business Is Ready with Crownsmen Partners,highlight,172,13,0,0.0,"Premiered Jul 19, 2024",False
pbJRCQfdgD4,https://www.youtube.com/watch?v=pbJRCQfdgD4,Propulsa Innovations Introduces their Energy Efficient Self-Cleaning Filtration System,highlight,153,49,0,0.0,"Premiered Jul 18, 2024",False
gWaARzH4qdc,https://www.youtube.com/watch?v=gWaARzH4qdc,Propulsa Innovations are Cutting Engine Downtime with Advanced Filters,highlight,108,36,0,0.0,"Premiered Jul 18, 2024",False
7ALwTQR5JIw,https://www.youtube.com/watch?v=7ALwTQR5JIw,Propulsa Innovations: Showcasing Epura's Advanced Self-Cleaning Air Filter #223,episode,1526,30427,8,0.0263,"Premiered Jul 18, 2024",False
PtfNATqsg_Y,https://www.youtube.com/watch?v=PtfNATqsg_Y,Weber Mining's Advanced Product Lines for Mining Applications,highlight,130,43,0,0.0,"Premiered Jul 17, 2024",False
InXvQJfHWUs,https://www.youtube.com/watch?v=InXvQJfHWUs,Weber Mining is Ensuring Safer Mining with Resin Technology,highlight,84,41,0,0.0,"Premiered Jul 17, 2024",False
vLBC0f6Adyw,https://www.youtube.com/watch?v=vLBC0f6Adyw,Weber Mining: Innovative Resin Solutions for Underground Operations #222,episode,2520,30234,8,0.0265,"Premiered Jul 17, 2024",False
jycOC2_5gMk,https://www.youtube.com/watch?v=jycOC2_5gMk,Graymont Creates Custom Solutions for Different Soil Types with GRAYBOND™,highlight,102,50,0,0.0,"Premiered Jul 16, 2024",False
od1Zal31seQ,https://www.youtube.com/watch?v=od1Zal31seQ,Graymont's Soil Stabilization and Concrete innovations with GRAYBOND™,highlight,148,81,1,1.2346,"Premiered Jul 16, 2024",False
g5EVW52knu4,https://www.youtube.com/watch?v=g5EVW52knu4,Graymont Part 2: Pioneering Low-Carbon Cement Solutions with GRAYBOND™ #23,episode,1433,30128,2,0.0066,"Premiered Jul 16, 2024",False
eloAY9P4UM4,https://www.youtube.com/watch?v=eloAY9P4UM4,Technica Mining's Competitive Edge in Shutdown Maintenance,highlight,73,26,1,3.8462,"Premiered Jul 15, 2024",False
uG-BGoWnNDE,https://www.youtube.com/watch?v=uG-BGoWnNDE,Technica Mining is Harnessing Technology to Improve Safety,highlight,104,29,0,0.0,"Premiered Jul 15, 2024",False
DmyQ8gCRuP4,https://www.youtube.com/watch?v=DmyQ8gCRuP4,Technica Mining: Mining Maintenance Excellence #221,episode,2353,30644,8,0.0261,"Premiered Jul 15, 2024",False
J6yVGM9OL7o,https://www.youtube.com/watch?v=J6yVGM9OL7o,Crownsmen Partners Give Leadership Lessons for Scaling Businesses,highlight,133,7,1,14.2857,"Premiered Jul 12, 2024",False
Ka4CV1ZvAM0,https://www.youtube.com/watch?v=Ka4CV1ZvAM0,Crownsmen Partners Dive Deep on the Challenges in Mining Regulations Across Jurisdictions,highlight,196,14,0,0.0,"Premiered Jul 12, 2024",False
zjqlR1oPSfA,https://www.youtube.com/watch?v=zjqlR1oPSfA,Crownsmen Partners talk about How Companies Bounce Back After Setbacks,highlight,135,2,0,0.0,"Premiered Jul 12, 2024",False
UnOvZe3_hV0,https://www.youtube.com/watch?v=UnOvZe3_hV0,Wajax and Hitachi are Innovating Through Collaboration,highlight,288,56,1,1.7857,"Premiered Jul 11, 2024",False
O866KNzOfIQ,https://www.youtube.com/watch?v=O866KNzOfIQ,Wajax and Hitachi are Ensuring Long-Term Mining Success,highlight,183,45,0,0.0,"Premiered Jul 11, 2024",False
Eqx6s7nSYPk,https://www.youtube.com/watch?v=Eqx6s7nSYPk,Wajax and Hitachi: Advanced Mining Equipment and Reliable Support #220,episode,1618,30331,7,0.0231,"Premiered Jul 11, 2024",False
lSfhfiz00KA,https://www.youtube.com/watch?v=lSfhfiz00KA,Orica Digital Solutions Part 3: Revolutionizing Drill and Blast Operations with BlastIQ™ #219,episode,1957,45361,10,0.022,"Premiered Jul 10, 2024",False
QxuCV28BLz0,https://www.youtube.com/watch?v=QxuCV28BLz0,Orica Digital Solutions Talks About Improving Safety and Efficiency in Blasting,highlight,273,64,0,0.0,"Premiered Jul 10, 2024",False
LZ9MqpuwzLQ,https://www.youtube.com/watch?v=LZ9MqpuwzLQ,Discover BlastIQ™ and Advanced Vibration Management with Orica Digital Solutions,highlight,211,74,0,0.0,"Premiered Jul 10, 2024",False
I73WwmvHRv0,https://www.youtube.com/watch?v=I73WwmvHRv0,dss+ Consulting: Transforming Safety and Operational Efficiency in Mining #218,episode,2785,31308,6,0.0192,"Premiered Jul 9, 2024",False
jI0lBEsXmTM,https://www.youtube.com/watch?v=jI0lBEsXmTM,dss+ Consulting are Diagnosing and Solving Mine Problems,highlight,133,54,0,0.0,"Premiered Jul 9, 2024",False
cR8N1i9iCD4,https://www.youtube.com/watch?v=cR8N1i9iCD4,dss+ Consulting are Supporting Clients at Ground Level,highlight,140,108,2,1.8519,"Premiered Jul 9, 2024",False
nPYhVn-w7vs,https://www.youtube.com/watch?v=nPYhVn-w7vs,SRK Consulting on Promoting Geology and Mining Education,highlight,178,58,5,8.6207,"Premiered Jul 8, 2024",False
EkRtOjo-cKE,https://www.youtube.com/watch?v=EkRtOjo-cKE,SRK Consulting's Technological Milestones in the Mining Industry,highlight,106,46,0,0.0,"Premiered Jul 8, 2024",False
q5VamugL6PU,https://www.youtube.com/watch?v=q5VamugL6PU,SRK Consulting: 50 Years of Mining Consulting Excellence #217,episode,1444,30328,10,0.033,"Premiered Jul 8, 2024",False
rdO5vm4dEak,https://www.youtube.com/watch?v=rdO5vm4dEak,Wenco Mine's Real-Time Data: Turning Insights into Actions,highlight,231,109,2,1.8349,"Premiered Jul 5, 2024",False
MpRqnfCogII,https://www.youtube.com/watch?v=MpRqnfCogII,Wenco Mine Part 2: Innovative Approach to Industry Challenges and Trends in Mining #216,episode,2122,30664,2,0.0065,"Premiered Jul 5, 2024",False
4XeZPMz1ABo,https://www.youtube.com/watch?v=4XeZPMz1ABo,Wenco Mine discuss Understanding Goals & Delivering Solutions,mid_clip,324,23,2,8.6957,"Premiered Jul 5, 2024",False
YXOySHxVFEI,https://www.youtube.com/watch?v=YXOySHxVFEI,Minetek’s Water Solutions That Keep Mines Running,highlight,133,61,0,0.0,"Premiered Jul 3, 2024",False
xK4E8ruzE4c,https://www.youtube.com/watch?v=xK4E8ruzE4c,Minetek’s Engineering Excellence in Water Solutions,highlight,128,270,0,0.0,"Premiered Jul 3, 2024",False
VX6pMTDMvlw,https://www.youtube.com/watch?v=VX6pMTDMvlw,Minetek Part 2: Innovative Water Management Solutions for Mines #215,episode,2647,31059,6,0.0193,"Premiered Jul 3, 2024",False
Sy7CCZRu5Io,https://www.youtube.com/watch?v=Sy7CCZRu5Io,TALPA’s Impact on GHH's Mining Operations,highlight,149,301,1,0.3322,"Premiered Jul 2, 2024",False
9AiG3lNvEqE,https://www.youtube.com/watch?v=9AiG3lNvEqE,TALPA: Optimizing Mining with Data-Driven Solutions #214,episode,2185,30429,5,0.0164,"Premiered Jul 2, 2024",False
06DVl_k27ok,https://www.youtube.com/watch?v=06DVl_k27ok,TALPA analyzes High-Resolution Data in Heavy Machinery,highlight,96,110,1,0.9091,"Premiered Jul 2, 2024",False
7e0NoU6xTD8,https://www.youtube.com/watch?v=7e0NoU6xTD8,Crownsmen Partners Talks About Turning Negativity into Innovation,highlight,125,11,0,0.0,"Premiered Jul 1, 2024",False
dT47HStRYCY,https://www.youtube.com/watch?v=dT47HStRYCY,Crownsmen Partners Highlights Movex Innovation’s Specialized Solutions for the Heavy Industry,highlight,113,17,0,0.0,"Premiered Jul 1, 2024",False
9DuKSR-Fguk,https://www.youtube.com/watch?v=9DuKSR-Fguk,Crownsmen Partners Discuss Revolutionary Shifts in Heavy Industry,highlight,106,9,0,0.0,"Premiered Jul 1, 2024",False
pmCoislyTso,https://www.youtube.com/watch?v=pmCoislyTso,SMS Equipment Part 2: Komatsu’s Next Generation of Advanced Bulldozers #213,episode,2065,30271,5,0.0165,"Premiered Jun 28, 2024",False
KcpR5h2UWfE,https://www.youtube.com/watch?v=KcpR5h2UWfE,SMS Equipment discuss How Operator Feedback Leads to Safer Equipment,highlight,131,32,1,3.125,"Premiered Jun 28, 2024",False
35QCqQG5bpY,https://www.youtube.com/watch?v=35QCqQG5bpY,SMS Equipment showcases New Komatsu Dozers Advanced Technology,highlight,179,355,1,0.2817,"Premiered Jun 28, 2024",False
P3ZEzD94d0I,https://www.youtube.com/watch?v=P3ZEzD94d0I,Tecweigh is Optimizing Aggregate Plants with Control Gates,highlight,102,27,0,0.0,"Premiered Jun 27, 2024",False
o-wOQS7ojZQ,https://www.youtube.com/watch?v=o-wOQS7ojZQ,Tecweigh's Precision Weighing with Conveyor Belt Scales,highlight,125,449,2,0.4454,"Premiered Jun 27, 2024",False
1Wnlrl-t3Eo,https://www.youtube.com/watch?v=1Wnlrl-t3Eo,Tecweigh Part 3: Advanced Belt Scale Systems for Construction #22,episode,2142,30395,6,0.0197,"Premiered Jun 27, 2024",False
vtNMtdpekfM,https://www.youtube.com/watch?v=vtNMtdpekfM,Sourcing Mining Equipment Globally with H-E Parts International,highlight,238,132,1,0.7576,"Premiered Jun 26, 2024",False
HLq5dKfrbso,https://www.youtube.com/watch?v=HLq5dKfrbso,The Role of H-E Parts International in Future-Proofing Mining Operations,highlight,262,58,1,1.7241,"Premiered Jun 26, 2024",False
qkAPd1pFS8Q,https://www.youtube.com/watch?v=qkAPd1pFS8Q,H-E Parts International Part 2: Redefining Mining Equipment Solutions #212,episode,2169,32079,3,0.0094,"Premiered Jun 26, 2024",False
iJ7RFjYXiXg,https://www.youtube.com/watch?v=iJ7RFjYXiXg,Managing Narratives and Challenging Regulations,highlight,162,3,0,0.0,"Premiered Jun 25, 2024",False
5JScOHo7cIw,https://www.youtube.com/watch?v=5JScOHo7cIw,inside CRH's Building Materials Empire,highlight,145,688,5,0.7267,"Premiered Jun 25, 2024",False
_lJ1YcBLkhA,https://www.youtube.com/watch?v=_lJ1YcBLkhA,Floats and Moats: Exploring Business Survival Tactics,highlight,154,16,1,6.25,"Premiered Jun 25, 2024",False
sYkTQPcW0jI,https://www.youtube.com/watch?v=sYkTQPcW0jI,Risk and Reward of New Technology in Mining,highlight,160,36,0,0.0,"Premiered Jun 25, 2024",False
AnfnFg9paRw,https://www.youtube.com/watch?v=AnfnFg9paRw,Graymont is Reducing Carbon Footprints with GRAYBOND™,highlight,123,76,0,0.0,"Premiered Jun 25, 2024",False
a0HfORJpL2E,https://www.youtube.com/watch?v=a0HfORJpL2E,Graymont talks about the Competitive Edge of GRAYBOND™ in Mining,highlight,112,110,1,0.9091,"Premiered Jun 25, 2024",False
h6P1VJPQXo4,https://www.youtube.com/watch?v=h6P1VJPQXo4,Graymont: Leading the Charge in Decarbonization with GRAYBOND™ #211,episode,2175,30215,11,0.0364,"Premiered Jun 25, 2024",False
dL9C0AwyYVc,https://www.youtube.com/watch?v=dL9C0AwyYVc,pH7 Technologies insights on Adopting New Mining Technology,highlight,156,75,2,2.6667,"Premiered Jun 24, 2024",False
UOjGuUw7bNs,https://www.youtube.com/watch?v=UOjGuUw7bNs,pH7 Technologies' Innovative Copper Leaching Process,highlight,199,1461,20,1.3689,"Premiered Jun 24, 2024",False
CHpM63sic_8,https://www.youtube.com/watch?v=CHpM63sic_8,pH7 Technologies: Unlocking Critical Metals for Net Zero Goals #210,episode,2136,30379,7,0.023,"Premiered Jun 24, 2024",False
jN4T6AlRsYw,https://www.youtube.com/watch?v=jN4T6AlRsYw,Wheaton Precious Metals Assists Partners in Developing Projects,highlight,128,30,0,0.0,"Premiered Jun 21, 2024",False
eDzk-XzIM-k,https://www.youtube.com/watch?v=eDzk-XzIM-k,Wheaton Precious Metals Explains Balance Sheet Repair,highlight,148,66,0,0.0,"Premiered Jun 21, 2024",False
SsaYoX9CDxo,https://www.youtube.com/watch?v=SsaYoX9CDxo,Wheaton Precious Metals: Navigating Financial Markets in Mining #209,episode,2011,30273,13,0.0429,"Premiered Jun 21, 2024",False
QcCMNKut4SU,https://www.youtube.com/watch?v=QcCMNKut4SU,Minetek showcases their Australian-Made Air Ventilation Systems,highlight,178,160,1,0.625,"Premiered Jun 19, 2024",False
hpk_dDWdQcc,https://www.youtube.com/watch?v=hpk_dDWdQcc,Minetek: Transforming Mining with Smart Ventilation Solutions #208,episode,2280,30385,4,0.0132,"Premiered Jun 19, 2024",False
waq6uAMXyNY,https://www.youtube.com/watch?v=waq6uAMXyNY,Minetek's Unmatched Speed in Fan Installation,highlight,119,74,0,0.0,"Premiered Jun 19, 2024",False
80awFbYWVls,https://www.youtube.com/watch?v=80awFbYWVls,Envirosuite Tailors Environmental Solutions,highlight,140,25,1,4.0,"Premiered Jun 18, 2024",False
4cvtixbUsu8,https://www.youtube.com/watch?v=4cvtixbUsu8,Envirosuite is Revolutionizing Air Quality Management,mid_clip,377,103,3,2.9126,"Premiered Jun 18, 2024",False
OeFuIBhlQEE,https://www.youtube.com/watch?v=OeFuIBhlQEE,Envirosuite: Innovations in Air Quality and Noise Management for Mining #207,episode,3716,30402,10,0.0329,"Premiered Jun 18, 2024",False
RyhCDhcJHRU,https://www.youtube.com/watch?v=RyhCDhcJHRU,Understanding BHP’s Copper Strategy,highlight,117,52,0,0.0,"Premiered Jun 17, 2024",False
Hqc7HbFpxKk,https://www.youtube.com/watch?v=Hqc7HbFpxKk,Copper Investments and Market Trends,highlight,131,49,0,0.0,"Premiered Jun 17, 2024",False
mvCoXYZI4PA,https://www.youtube.com/watch?v=mvCoXYZI4PA,Genuine Communication in Leadership,highlight,199,8,1,12.5,"Premiered Jun 17, 2024",False
7cE_076OKqY,https://www.youtube.com/watch?v=7cE_076OKqY,Polydeck Transforms Screening with Custom Solutions,highlight,146,41,1,2.439,"Premiered Jun 13, 2024",False
rXKgNvPvbD4,https://www.youtube.com/watch?v=rXKgNvPvbD4,Polydeck Ensures Quick and Accurate Installations,highlight,269,78,2,2.5641,"Premiered Jun 13, 2024",False
E95G2dSO92s,https://www.youtube.com/watch?v=E95G2dSO92s,Polydeck Part 2: Unmatched Innovation in Screen Media #21,episode,1806,30147,2,0.0066,"Premiered Jun 13, 2024",False
QnGtbnuxlis,https://www.youtube.com/watch?v=QnGtbnuxlis,Discover the Power of Reinforced Concrete Roll with Inland Tarp & Liner,highlight,153,92,1,1.087,"Premiered Jun 11, 2024",False
jmTMuX7niDE,https://www.youtube.com/watch?v=jmTMuX7niDE,Inland Tarp & Liner's Tailings Pond Transformation,highlight,266,58,0,0.0,"Premiered Jun 11, 2024",False
VVs5-uWWCYU,https://www.youtube.com/watch?v=VVs5-uWWCYU,Inland Tarp & Liner Part 2: Mining Applications for ITL Reinforced Concrete Rolls #206,episode,1387,30100,4,0.0133,"Premiered Jun 11, 2024",False
egj0s-8bTng,https://www.youtube.com/watch?v=egj0s-8bTng,Staying Unique in a Crowded Marketplace,highlight,162,8,0,0.0,"Premiered Jun 10, 2024",False
16ZwEN8D_x4,https://www.youtube.com/watch?v=16ZwEN8D_x4,The Misleading Nature of EBITDA,highlight,243,36,0,0.0,"Premiered Jun 10, 2024",False
judPux6mD0Y,https://www.youtube.com/watch?v=judPux6mD0Y,The Coolest Way to Travel in Las Vegas,highlight,229,22,0,0.0,"Premiered Jun 10, 2024",False
XLaK66WeRh8,https://www.youtube.com/watch?v=XLaK66WeRh8,"Crownsmen Partners: Insights on EBITDA, Expensive Infrastructure, and Market Competition #101",episode,3230,11177,6,0.0537,"Premiered Jun 10, 2024",False
vhfA-hbkt4c,https://www.youtube.com/watch?v=vhfA-hbkt4c,B2Gold CFO Shares Mining Investment Strategies,highlight,143,252,4,1.5873,"Premiered Jun 7, 2024",False
i-QZoLGwlQI,https://www.youtube.com/watch?v=i-QZoLGwlQI,B2Gold Unveils Top Mining Challenges and Solutions,highlight,174,158,3,1.8987,"Premiered Jun 7, 2024",False
s9h9Zqt-DPU,https://www.youtube.com/watch?v=s9h9Zqt-DPU,Descartes Labs are Leveraging Geospatial Technologies,highlight,282,21,0,0.0,"Jun 7, 2024",False
jmnH4ef2uqw,https://www.youtube.com/watch?v=jmnH4ef2uqw,B2Gold: Guide to Gold Mining Success #205,episode,1967,30971,81,0.2615,"Premiered Jun 7, 2024",False
DbY5-_y2axU,https://www.youtube.com/watch?v=DbY5-_y2axU,Descartes Labs unveils Game-Changing Remote Sensing Tech,highlight,224,48,0,0.0,"Jun 7, 2024",False
Zq1zU61uNVM,https://www.youtube.com/watch?v=Zq1zU61uNVM,Story Environmental discuss Navigating Demand and Regulation in Mining,highlight,197,48,0,0.0,"Premiered Jun 5, 2024",False
M4BT3clhSk0,https://www.youtube.com/watch?v=M4BT3clhSk0,Story Environmental are Supporting Mining from Start to Finish,mid_clip,318,75,0,0.0,"Premiered Jun 5, 2024",False
_EbGW7GbFiA,https://www.youtube.com/watch?v=_EbGW7GbFiA,Descartes Labs: Advanced Geospatial Data Analysis for Mining #201,episode,2051,30717,9,0.0293,"Jun 5, 2024",False
wStnPb5rLpM,https://www.youtube.com/watch?v=wStnPb5rLpM,Story Environmental: Balancing Mining and Environmental Stewardship #204,episode,3415,30621,2,0.0065,"Premiered Jun 5, 2024",False
vOkHpE8MRdM,https://www.youtube.com/watch?v=vOkHpE8MRdM,Geopyörä’s next goal: Real-Time Hardness Measurement on Mines,highlight,181,149,3,2.0134,"Premiered Jun 4, 2024",False
hJRJw7RzqPw,https://www.youtube.com/watch?v=hJRJw7RzqPw,Geopyörä’s Bicycle-Inspired Rock Breakage Machine,highlight,206,121,1,0.8264,"Premiered Jun 4, 2024",False
qAaucC5bGN4,https://www.youtube.com/watch?v=qAaucC5bGN4,Geopyörä: Innovative and Cost-Effective Rock Breakage Testing #203,episode,2825,30328,3,0.0099,"Premiered Jun 4, 2024",False
jTZQutmMto0,https://www.youtube.com/watch?v=jTZQutmMto0,Revealing Behind the Scenes of Heavy Industry Filming,highlight,157,10,0,0.0,"Premiered Jun 3, 2024",False
U8oMMXAEcUA,https://www.youtube.com/watch?v=U8oMMXAEcUA,Unveiling Filming and Production Secrets,highlight,157,9,0,0.0,"Premiered Jun 3, 2024",False
Todwsp7VBOI,https://www.youtube.com/watch?v=Todwsp7VBOI,Take an Inside Look at Heavy Industry Giants Komatsu and SMS Equipment,highlight,142,35,0,0.0,"Premiered Jun 3, 2024",False
LhuQF8S1AMA,https://www.youtube.com/watch?v=LhuQF8S1AMA,Crownsmen Partners Expert Tips on Producing a Live Show at CIM CONNECT 2024 #100,episode,3033,9310,4,0.043,"Premiered Jun 3, 2024",False
bS70KZ_Vtwg,https://www.youtube.com/watch?v=bS70KZ_Vtwg,Tunnel Radio Shares Mining Project Onboarding Success Strategies,highlight,131,51,0,0.0,"Premiered May 31, 2024",False
1JJQiwtQcWY,https://www.youtube.com/watch?v=1JJQiwtQcWY,Tunnel Radio Explains Why the Leaky Feeder System is Essential for Miners,highlight,201,1342,8,0.5961,"Premiered May 31, 2024",False
b6XUk0cfpic,https://www.youtube.com/watch?v=b6XUk0cfpic,Tunnel Radio: Advanced Communication Systems for Modern Mines #202,episode,1267,30715,8,0.026,"Premiered May 31, 2024",False
P0opSk-74K4,https://www.youtube.com/watch?v=P0opSk-74K4,Descartes Labs unveils Game-Changing Remote Sensing Tech,highlight,224,107,2,1.8692,"Premiered May 30, 2024",False
T_Wr5B-wiM4,https://www.youtube.com/watch?v=T_Wr5B-wiM4,Descartes Labs are Leveraging Geospatial Technologies,highlight,283,123,1,0.813,"Premiered May 30, 2024",False
69POOT0lHyQ,https://www.youtube.com/watch?v=69POOT0lHyQ,Wenco Mine talks about Achieving Success in Autonomous Fleet Integration,highlight,259,91,2,2.1978,"Premiered May 29, 2024",False
ZYbG_uGTBQg,https://www.youtube.com/watch?v=ZYbG_uGTBQg,Wenco Mine insights on How Open Autonomy is Changing Mining,mid_clip,356,124,2,1.6129,"Premiered May 29, 2024",False
WbdJZiLvVjg,https://www.youtube.com/watch?v=WbdJZiLvVjg,Wenco Mine Part 1: Revolutionizing Mining with Open Autonomy #200,episode,2225,30675,10,0.0326,"Premiered May 29, 2024",False
X4wbOhCp7Q4,https://www.youtube.com/watch?v=X4wbOhCp7Q4,Savona Equipment Talks Mining Projects & Equipment,highlight,146,30,1,3.3333,"Premiered May 28, 2024",False
UGBTbiPI-y4,https://www.youtube.com/watch?v=UGBTbiPI-y4,How Savona Equipment Rebuilds Mining Machinery,highlight,181,42,1,2.381,"Premiered May 28, 2024",False
c_WKmH9BeFM,https://www.youtube.com/watch?v=c_WKmH9BeFM,Savona Equipment Part 5: Selling and Sourcing Mining Equipment Worldwide #199,episode,1448,30620,6,0.0196,"Premiered May 28, 2024",False
6FrMM87PD-4,https://www.youtube.com/watch?v=6FrMM87PD-4,How to Pivot Based on Customer Demand,highlight,206,18,0,0.0,"Premiered May 27, 2024",False
yZ3DiUuvnQA,https://www.youtube.com/watch?v=yZ3DiUuvnQA,Secrets of High-Performing Companies as shared,highlight,268,49,0,0.0,"Premiered May 27, 2024",False
17KgOLgXPXU,https://www.youtube.com/watch?v=17KgOLgXPXU,Exploring Mining Innovation: Hype vs. Reality,highlight,187,57,0,0.0,"Premiered May 27, 2024",False
jcwm2VOCYxM,https://www.youtube.com/watch?v=jcwm2VOCYxM,"Strategic Business Pivots, Investment Challenges, and Mining Innovations #99",episode,3288,9219,1,0.0108,"Premiered May 27, 2024",False
5WDb7eQuEcw,https://www.youtube.com/watch?v=5WDb7eQuEcw,Polydeck Part 1: The Future of Screening Technology #20,episode,1984,30926,4,0.0129,"Premiered May 24, 2024",False
XVBQppCORzk,https://www.youtube.com/watch?v=XVBQppCORzk,Polydeck showcases The Advantages of Modular Synthetic Media Panels,highlight,167,74,0,0.0,"Premiered May 24, 2024",False
moAqYRriDe4,https://www.youtube.com/watch?v=moAqYRriDe4,Polydeck discuss Choosing the Right Screening Media,highlight,150,88,1,1.1364,"Premiered May 24, 2024",False
xDIXT8qBrtU,https://www.youtube.com/watch?v=xDIXT8qBrtU,PCI shares their Secret to Keeping Employees Motivated,highlight,293,37,1,2.7027,"Premiered May 23, 2024",False
OYNFwNz-2tI,https://www.youtube.com/watch?v=OYNFwNz-2tI,PCI insights on Connecting Through Innovation,highlight,127,27,0,0.0,"Premiered May 23, 2024",False
Lfa4aKX6ETU,https://www.youtube.com/watch?v=Lfa4aKX6ETU,PCI: Solving Industry Problems with Innovation #19,episode,2986,30953,7,0.0226,"Premiered May 23, 2024",False
mgBHFOgENdM,https://www.youtube.com/watch?v=mgBHFOgENdM,Expert Geophysics explains the Science Behind Electromagnetic Surveys,highlight,188,756,4,0.5291,"Premiered May 22, 2024",False
_fqgu_OL75M,https://www.youtube.com/watch?v=_fqgu_OL75M,Expert Geophysics showcases Innovative Tools for Geophysical Surveys,highlight,249,127,0,0.0,"Premiered May 22, 2024",False
KYiqkjvcRGQ,https://www.youtube.com/watch?v=KYiqkjvcRGQ,Expert Geophysics: The Power of Airborne Geophysical Surveys #198,episode,1917,30465,12,0.0394,"Premiered May 22, 2024",False
_j9esJaK60Q,https://www.youtube.com/watch?v=_j9esJaK60Q,Orica’s Data-Driven Design for Outcome,highlight,217,45,0,0.0,"Premiered May 21, 2024",False
Zw7GyJsnb2g,https://www.youtube.com/watch?v=Zw7GyJsnb2g,Orica talks about 150-Year Legacy: Pioneering Digital Solutions in Mining,highlight,214,153,2,1.3072,"Premiered May 21, 2024",False
eI5o4F3udBA,https://www.youtube.com/watch?v=eI5o4F3udBA,Orica Digital Solutions Part 2: Breakthrough Mining Technologies Explained #197,episode,4062,35194,16,0.0455,"Premiered May 21, 2024",False
fWJL5ucTIu8,https://www.youtube.com/watch?v=fWJL5ucTIu8,Veracio is Pioneering the Next Era of Mining Technology,highlight,114,43,1,2.3256,"Premiered May 21, 2024",False
Tp3T0xskFeU,https://www.youtube.com/watch?v=Tp3T0xskFeU,Veracio Part 4: Transforming Mining with AI & Technology #196,episode,2409,30313,15,0.0495,"Premiered May 21, 2024",False
ZaXMJP3NHVo,https://www.youtube.com/watch?v=ZaXMJP3NHVo,Veracio shares insights on Integrating New AI Tech in Mining Operations,highlight,191,28,1,3.5714,"Premiered May 21, 2024",False
Ttkx58EohXs,https://www.youtube.com/watch?v=Ttkx58EohXs,Inertial Labs showcases RESEPI’s High-Resolution 3D Mapping,highlight,177,47,0,0.0,"Premiered May 17, 2024",False
4CKxZPFfEPE,https://www.youtube.com/watch?v=4CKxZPFfEPE,Inertial Labs: Remote Sensing Innovations for Dynamic 3D Mapping #18,episode,3166,30434,6,0.0197,"Premiered May 17, 2024",False
CcT_RjDLOeU,https://www.youtube.com/watch?v=CcT_RjDLOeU,Inertial Labs Dissects RESEPI's Revolutionary Tech,highlight,188,44,0,0.0,"Premiered May 17, 2024",False
KK2I7d-M2p8,https://www.youtube.com/watch?v=KK2I7d-M2p8,Cranky Old Men 2024: Unofficial CIM Convention Wrap and Tap from Mining Now - Day 3,episode,934,6111,1,0.0164,"Premiered May 15, 2024",False
Fl0580SRhkU,https://www.youtube.com/watch?v=Fl0580SRhkU,Technica Mining & Sofvie talks about Driving Alignment Through Consistent Messaging,highlight,163,12,0,0.0,"Premiered May 15, 2024",False
BwpWqiYVu3U,https://www.youtube.com/watch?v=BwpWqiYVu3U,Technica Mining & Sofvie discuss The Power of Multifaceted Change Communication,highlight,107,19,0,0.0,"Premiered May 15, 2024",False
9Vl24qMpGgg,https://www.youtube.com/watch?v=9Vl24qMpGgg,Technica Mining & Sofvie: Leading Through Change - Effective Communication Strategies #30,episode,1473,15051,0,0.0,"Premiered May 15, 2024",False
Nmxy_TUJjGQ,https://www.youtube.com/watch?v=Nmxy_TUJjGQ,Cranky Old Men 2024: Unofficial CIM Convention Wrap and Tap from Mining Now - Day 2,episode,863,6092,1,0.0164,"Premiered May 14, 2024",False
KUeYfQYjxTM,https://www.youtube.com/watch?v=KUeYfQYjxTM,Kenco Engineering are Crafting Parts That Outlast Generations,highlight,242,94,1,1.0638,"Premiered May 14, 2024",False
_Sw4BEL_5mY,https://www.youtube.com/watch?v=_Sw4BEL_5mY,Kenco Engineering: Enhancing Equipment Longevity for Decades #17,episode,2106,45361,6,0.0132,"Premiered May 14, 2024",False
f5BwLdiZgTc,https://www.youtube.com/watch?v=f5BwLdiZgTc,Kenco Engineering explains Tungsten Carbide Impregnation,highlight,229,198,0,0.0,"Premiered May 14, 2024",False
NwjHWTA6WR8,https://www.youtube.com/watch?v=NwjHWTA6WR8,Exploring the Evolution of Engineering in Mining,highlight,234,23,0,0.0,"Premiered May 13, 2024",False
c2oOAJF-XX8,https://www.youtube.com/watch?v=c2oOAJF-XX8,Rethinking GE's Bottom 10% Cut Policy,mid_clip,375,59,0,0.0,"Premiered May 13, 2024",False
jZ_S1-3csA4,https://www.youtube.com/watch?v=jZ_S1-3csA4,Risks of Overly Optimistic Projections,highlight,221,17,0,0.0,"Premiered May 13, 2024",False
KTaQrhjL4OM,https://www.youtube.com/watch?v=KTaQrhjL4OM,"Insights on Finance, Leadership, and Industry Trends #98",episode,3120,15610,13,0.0833,"Premiered May 13, 2024",False
11liwxY3Gj0,https://www.youtube.com/watch?v=11liwxY3Gj0,Cranky Old Men 2024: Unofficial CIM Convention Wrap and Tap from Mining Now - Day 1,episode,742,8652,2,0.0231,"Premiered May 13, 2024",False
zOKr007Obu0,https://www.youtube.com/watch?v=zOKr007Obu0,NSS Canada and Komatsu are providing Safer and Smarter Operations for Every Client,highlight,159,15,0,0.0,"Premiered May 10, 2024",False
WME4W47AHpE,https://www.youtube.com/watch?v=WME4W47AHpE,NSS Canada and Komatsu: Optimizing Mining Operations through Collaboration #195,episode,1372,31544,8,0.0254,"Premiered May 10, 2024",False
CYy1vy3Xipk,https://www.youtube.com/watch?v=CYy1vy3Xipk,NSS Canada and Komatsu are Enhancing Operator Performance,highlight,143,29,0,0.0,"Premiered May 10, 2024",False
UzNNs0MFPxI,https://www.youtube.com/watch?v=UzNNs0MFPxI,Nolinor Aviation showcases their Diverse and Tailored Aircraft Services,highlight,220,36,0,0.0,"Premiered May 9, 2024",False
JDBHgZZ9ghY,https://www.youtube.com/watch?v=JDBHgZZ9ghY,Nolinor Aviation's Blueprint for Success,mid_clip,384,33,1,3.0303,"Premiered May 9, 2024",False
YcJE7IJkfjc,https://www.youtube.com/watch?v=YcJE7IJkfjc,Nolinor Aviation: Premier Charter Flight Provider for Mining #194,episode,3115,31501,10,0.0317,"May 9, 2024",False
IOlF3_PmGYQ,https://www.youtube.com/watch?v=IOlF3_PmGYQ,SafeSight and Rogers talks about DeepTraxx and the Rise of Digital Solutions in Mining,highlight,192,41,0,0.0,"Premiered May 7, 2024",False
olheWjTeddE,https://www.youtube.com/watch?v=olheWjTeddE,SafeSight and Rogers Explores How 5G Revolutionizes Mine Emergency Response,highlight,260,32,2,6.25,"Premiered May 7, 2024",False
MEl1Vy8XYVo,https://www.youtube.com/watch?v=MEl1Vy8XYVo,SafeSight Exploration and Rogers Communications: Innovating with 5G Emergency Response Tech #193,episode,2673,30132,12,0.0398,"Premiered May 7, 2024",False
hKvPuoF7fKA,https://www.youtube.com/watch?v=hKvPuoF7fKA,Burns & McDonnell discuss ESG Integration for Sustainable Mining,highlight,140,26,0,0.0,"Premiered May 6, 2024",False
zsEM2_sHFo0,https://www.youtube.com/watch?v=zsEM2_sHFo0,Burns & McDonnell shares Solar Energy's Impact on Mining Operations,mid_clip,332,28,1,3.5714,"Premiered May 6, 2024",False
LM_jn_lAXYE,https://www.youtube.com/watch?v=LM_jn_lAXYE,Burns & McDonnell: Transforming Mines for a Sustainable Future #192,episode,3002,32282,14,0.0434,"Premiered May 6, 2024",False
GtojKBI6s94,https://www.youtube.com/watch?v=GtojKBI6s94,Herzig Engineering Decodes Electrical Safety Labels,highlight,295,60,1,1.6667,"Premiered May 1, 2024",False
p9ovh3knVZI,https://www.youtube.com/watch?v=p9ovh3knVZI,Herzig Engineering discuss Investing in Electrical Hazard Prevention,highlight,169,42,0,0.0,"Premiered May 1, 2024",False
HoVPpiD9WSM,https://www.youtube.com/watch?v=HoVPpiD9WSM,Herzig Engineering: Leading the Charge in Electrical Safety #97,episode,3270,30943,4,0.0129,"Premiered May 1, 2024",False
gSBLKugR6UY,https://www.youtube.com/watch?v=gSBLKugR6UY,Micromine: How Micromine Alastri Transformed AMPS’ Mine Operations #191,episode,1790,30367,5,0.0165,"Premiered Apr 30, 2024",False
FeSc41FWFI0,https://www.youtube.com/watch?v=FeSc41FWFI0,Micromine's Geological Reserving Tool Streamlines Mine Planning,highlight,268,55,0,0.0,"Premiered Apr 30, 2024",False
CH-BJz9KfJQ,https://www.youtube.com/watch?v=CH-BJz9KfJQ,Micromine and AMPS Train Clients for Long-Term Success,highlight,223,24,0,0.0,"Premiered Apr 30, 2024",False
wW71jIB102c,https://www.youtube.com/watch?v=wW71jIB102c,Ideon Technologies and The Impact of Advanced Technologies on Mining,highlight,230,67,0,0.0,"Premiered Apr 29, 2024",False
Mcihde2fWaE,https://www.youtube.com/watch?v=Mcihde2fWaE,Ideon Technologies Explores the Leinster Mine's Depths with Borehole Muon Detectors,highlight,172,184,3,1.6304,"Premiered Apr 29, 2024",False
18UXrxGD2k4,https://www.youtube.com/watch?v=18UXrxGD2k4,Ideon Technologies: Exploring Earth's Depths with Revolutionary Tech #190,episode,2728,30970,19,0.0613,"Premiered Apr 29, 2024",False
XHCPeLQTuJI,https://www.youtube.com/watch?v=XHCPeLQTuJI,Inertial Sensing talks about Advancements in Borehole Surveying Technology,mid_clip,426,57,2,3.5088,"Premiered Apr 25, 2024",False
X7o13Dnptpk,https://www.youtube.com/watch?v=X7o13Dnptpk,Exploring the Rosh Pinah Zinc Mine Case Study with Inertial Sensing,highlight,300,406,3,0.7389,"Premiered Apr 25, 2024",False
RE7MzT8ou9s,https://www.youtube.com/watch?v=RE7MzT8ou9s,Inertial Sensing: Exploring Gyro Survey Technology #189,episode,3601,30325,17,0.0561,"Premiered Apr 25, 2024",False
otfvIU35Bys,https://www.youtube.com/watch?v=otfvIU35Bys,Brookville Equipment Explains the Difference Between Good and Great Mining Trains,highlight,216,84,0,0.0,"Premiered Apr 25, 2024",False
j1qpiPf6AAk,https://www.youtube.com/watch?v=j1qpiPf6AAk,Brookville Equipment Showcases the Evolution of their Mining Vehicles,highlight,218,114,2,1.7544,"Premiered Apr 25, 2024",False
PgM7T3j9TuI,https://www.youtube.com/watch?v=PgM7T3j9TuI,Brookville Equipment: Rail Locomotive Solutions for Mining #188,episode,2093,30202,9,0.0298,"Premiered Apr 24, 2024",False
C0cn-elBymo,https://www.youtube.com/watch?v=C0cn-elBymo,Micromine's Tactical Scheduler: Bridging the Gap with Strategic Planning,mid_clip,338,113,1,0.885,"Premiered Apr 23, 2024",False
0p8hjaeYJIE,https://www.youtube.com/watch?v=0p8hjaeYJIE,Micromine’s Mining Sequences Strategy Decoded,mid_clip,317,51,1,1.9608,"Premiered Apr 23, 2024",False
FilpWkMNuM4,https://www.youtube.com/watch?v=FilpWkMNuM4,Micromine: Maximizing Mining Profits with Tactical Planning #187,episode,2751,30554,8,0.0262,"Premiered Apr 23, 2024",False
pYDOh_ZAW5s,https://www.youtube.com/watch?v=pYDOh_ZAW5s,Skyjack Engineering Excellence: Designing for Extreme Conditions,mid_clip,324,75,0,0.0,"Premiered Apr 18, 2024",False
c9ECpL3X48I,https://www.youtube.com/watch?v=c9ECpL3X48I,Skyjack Inside Scoop: Innovations in Construction Machinery,highlight,246,129,1,0.7752,"Premiered Apr 18, 2024",False
j92uMxn6unc,https://www.youtube.com/watch?v=j92uMxn6unc,Skyjack: Elevating Accessibility & Efficiency with Reliable Construction Lifts #16,episode,1658,30631,10,0.0326,"Premiered Apr 18, 2024",False
uLNPd4fYQkw,https://www.youtube.com/watch?v=uLNPd4fYQkw,Zero-Trip Innovations talks Onboarding: Maximizing the Potential of Drilling Technology,mid_clip,356,45,0,0.0,"Premiered Apr 17, 2024",False
HYgC1bk_rGQ,https://www.youtube.com/watch?v=HYgC1bk_rGQ,Zero-Trip Innovations: Transforming the Drilling Landscape #186,episode,2548,31116,13,0.0418,"Premiered Apr 17, 2024",False
AFE1M1K2F9s,https://www.youtube.com/watch?v=AFE1M1K2F9s,Zero-Trip Innovations Unravels The Future of Borehole Stability - Zero-Trip Wedge,mid_clip,382,105,0,0.0,"Premiered Apr 17, 2024",False
7ABwhU6NL2s,https://www.youtube.com/watch?v=7ABwhU6NL2s,How to Optimize Ore Blends: A Mine Planner’s View,mid_clip,316,384,4,1.0417,"Premiered Apr 16, 2024",False
8yG4yvMnACY,https://www.youtube.com/watch?v=8yG4yvMnACY,Micromine Showcases Key Products for Mining Operations,episode,484,148,0,0.0,"Premiered Apr 16, 2024",False
6Gx8UGClDhA,https://www.youtube.com/watch?v=6Gx8UGClDhA,Micromine: Elevating Mine Planning with Advanced Software #185,episode,2259,30885,12,0.0389,"Premiered Apr 16, 2024",False
t3ty9AY0-tM,https://www.youtube.com/watch?v=t3ty9AY0-tM,IPI Packers Explores the Power of DuraFRAC®,highlight,188,113,1,0.885,"Premiered Apr 11, 2024",False
YZdNQmQdZQw,https://www.youtube.com/watch?v=YZdNQmQdZQw,IPI Packers: The Impact of Inflatable Packers on Mining #184,episode,2441,30384,11,0.0362,"Premiered Apr 11, 2024",False
dO31H5M2FFI,https://www.youtube.com/watch?v=dO31H5M2FFI,IPI Packers Reveals How Standpipes Enhance Tunneling Efficiency,highlight,206,86,1,1.1628,"Premiered Apr 11, 2024",False
3Z0YfivKijE,https://www.youtube.com/watch?v=3Z0YfivKijE,Technica Mining and Sofvie Navigates the Complexity of Data Management,highlight,185,15,0,0.0,"Premiered Apr 10, 2024",False
kKBKbSK41-I,https://www.youtube.com/watch?v=kKBKbSK41-I,Technica Mining and Sofvie discuss Finding Efficiency in Safety Planning,highlight,152,17,0,0.0,"Premiered Apr 10, 2024",False
HGKHv1fYBEE,https://www.youtube.com/watch?v=HGKHv1fYBEE,Technica Mining & Sofvie: Evaluating Solutions and Keys to Finding the Best Approach #29,episode,1040,14907,1,0.0067,"Premiered Apr 10, 2024",False
eSvnhSLK-OA,https://www.youtube.com/watch?v=eSvnhSLK-OA,Veracio Explains Hyperspectral Mining Technology,highlight,229,147,0,0.0,"Premiered Apr 9, 2024",False
baONONDoN-E,https://www.youtube.com/watch?v=baONONDoN-E,Veracio Enhances Exploration with True Scan's Precision Analysis,highlight,289,32,0,0.0,"Premiered Apr 9, 2024",False
_WvhMsVQiyY,https://www.youtube.com/watch?v=_WvhMsVQiyY,Veracio Part 3: TruScan® 2 Takes Orebody Analysis to New Heights with HyperXRF™ #183,episode,2803,30158,7,0.0232,"Premiered Apr 9, 2024",False
CixS77rnejg,https://www.youtube.com/watch?v=CixS77rnejg,H-E Parts International talks about Radiator Solutions for Modern Mining,mid_clip,369,99,0,0.0,"Premiered Apr 4, 2024",False
kl96o29ToTE,https://www.youtube.com/watch?v=kl96o29ToTE,H-E Parts International solves Mining Challenges with Tailored Solutions,mid_clip,373,127,1,0.7874,"Premiered Apr 4, 2024",False
Y7zRRjoEcVo,https://www.youtube.com/watch?v=Y7zRRjoEcVo,H-E Parts International Part 1: Next-Level Cooling Solutions #182,episode,2461,30383,4,0.0132,"Premiered Apr 4, 2024",False
jeLRsNn8Ffg,https://www.youtube.com/watch?v=jeLRsNn8Ffg,AMPS Academy Amps Up Leadership: Developing Effective Communicators,highlight,191,42,1,2.381,"Premiered Apr 2, 2024",False
uXsQ4qPQhCw,https://www.youtube.com/watch?v=uXsQ4qPQhCw,AMPS Academy is Building Future Success through Mentorship in Mining,highlight,280,38,0,0.0,"Premiered Apr 2, 2024",False
s-udewp1lX0,https://www.youtube.com/watch?v=s-udewp1lX0,AMPS: The Power of Knowledge and AMPS Academy's Impact on Mining Education #181,episode,1518,30580,3,0.0098,"Premiered Apr 2, 2024",False
8at0L5Y4E7g,https://www.youtube.com/watch?v=8at0L5Y4E7g,Chilled to Perfection: John Coughlan's Recipe for Business Success #7,episode,4248,25505,12,0.047,"Premiered Apr 1, 2024",False
IEYLZAVj3QY,https://www.youtube.com/watch?v=IEYLZAVj3QY,The Power of Steel Sprayers with Chapin International,mid_clip,352,423,2,0.4728,"Premiered Mar 28, 2024",False
HL9cVmcs7l4,https://www.youtube.com/watch?v=HL9cVmcs7l4,Unlocking the Secrets of Market Dominance with Chapin International,highlight,202,26,1,3.8462,"Premiered Mar 28, 2024",False
_DVNV4CjDN0,https://www.youtube.com/watch?v=_DVNV4CjDN0,Chapin International: The Sprayer Specialists #15,episode,2190,30290,4,0.0132,"Premiered Mar 28, 2024",False
_LMrMup-o7w,https://www.youtube.com/watch?v=_LMrMup-o7w,Client insights: Onboarding Motive's Tech,mid_clip,429,65,0,0.0,"Premiered Mar 26, 2024",False
PDir8HEn_bY,https://www.youtube.com/watch?v=PDir8HEn_bY,Motive: Innovative Tech Solutions for Construction Management #14,episode,3172,30687,7,0.0228,"Premiered Mar 26, 2024",False
GQOlGtWUThc,https://www.youtube.com/watch?v=GQOlGtWUThc,Leveraging Technology for Client Success with Motive,highlight,271,20,0,0.0,"Premiered Mar 26, 2024",False
b9z3RLoRyBA,https://www.youtube.com/watch?v=b9z3RLoRyBA,Tecweigh's Insights & Strategies for Large Systems,highlight,274,13,0,0.0,"Premiered Mar 21, 2024",False
B5GbL6m_jYE,https://www.youtube.com/watch?v=B5GbL6m_jYE,Tecweigh's Essential Equipment for Material Handling,highlight,256,37,1,2.7027,"Premiered Mar 21, 2024",False
6JZfQm5U278,https://www.youtube.com/watch?v=6JZfQm5U278,TECWEIGH: Unveiling Cutting-Edge Industrial Solutions #180,episode,3321,30552,4,0.0131,"Premiered Mar 21, 2024",False
dJiLG2_7g-g,https://www.youtube.com/watch?v=dJiLG2_7g-g,Flowcharting: The Key to Seamless Project Execution,highlight,126,15,0,0.0,"Premiered Mar 20, 2024",False
ZXQwiYsl8tM,https://www.youtube.com/watch?v=ZXQwiYsl8tM,Change Done Right: Essential Tips for Implementation,highlight,195,14,0,0.0,"Premiered Mar 20, 2024",False
R5b4BeUdRIk,https://www.youtube.com/watch?v=R5b4BeUdRIk,Technica Mining & Sofvie: Driving Change Through Stakeholder Collaboration #28,episode,1289,9807,0,0.0,"Premiered Mar 20, 2024",False
ISCzmILH46g,https://www.youtube.com/watch?v=ISCzmILH46g,Veracio's Core Technology Landscape,highlight,229,60,2,3.3333,"Premiered Mar 19, 2024",False
ueSy5ZGVFa8,https://www.youtube.com/watch?v=ueSy5ZGVFa8,VERACIO Part 2: Minalyze Joins Veracio - The Ultimate Fusion in Core Scanning Excellence #179,episode,1976,30548,3,0.0098,"Premiered Mar 19, 2024",False
b_tPk9TGUKI,https://www.youtube.com/watch?v=b_tPk9TGUKI,Veracio and Minalyze’s Journey - Bringing Mining Innovation to Market,mid_clip,363,81,0,0.0,"Premiered Mar 19, 2024",False
QmJIi3WD9TI,https://www.youtube.com/watch?v=QmJIi3WD9TI,Orica goes Beyond Blasting: Innovations Redefining Mining,mid_clip,370,85,1,1.1765,"Premiered Mar 18, 2024",False
TuITfYCKT2E,https://www.youtube.com/watch?v=TuITfYCKT2E,Orica's Digital Revolution: From Blast to Bytes,highlight,178,95,4,4.2105,"Premiered Mar 18, 2024",False
WtYL1MgUwm0,https://www.youtube.com/watch?v=WtYL1MgUwm0,Orica: Blasting into the Future with Dynamic Digital Solutions #178,episode,2272,31471,19,0.0604,"Premiered Mar 18, 2024",False
2G0jCWKUuXA,https://www.youtube.com/watch?v=2G0jCWKUuXA,Building a High-Performance Team with Outliers Mining Solutions,highlight,148,61,0,0.0,"Premiered Mar 14, 2024",False
oT51lHLuZ_4,https://www.youtube.com/watch?v=oT51lHLuZ_4,Inside Outliers' Cutting-Edge Mining Services,mid_clip,312,44,1,2.2727,"Premiered Mar 14, 2024",False
fUrz0Go4Zqc,https://www.youtube.com/watch?v=fUrz0Go4Zqc,Outliers Mining Solutions: Redefining Mining Efficiency #177,episode,3024,30479,14,0.0459,"Premiered Mar 14, 2024",False
n9Fg0IHoGiE,https://www.youtube.com/watch?v=n9Fg0IHoGiE,Demystifying Underground Cabling: Expert Insights with ABB,highlight,224,36,0,0.0,"Premiered Mar 12, 2024",False
tskRgKrIGfY,https://www.youtube.com/watch?v=tskRgKrIGfY,ABB Part 3: Navigating Canada's Underground Cabling Solutions #49,episode,3050,31048,4,0.0129,"Premiered Mar 12, 2024",False
MoqNfdqTlp0,https://www.youtube.com/watch?v=MoqNfdqTlp0,Insights on Underground Utility Planning and Implementation with ABB,mid_clip,331,42,0,0.0,"Premiered Mar 12, 2024",False
5gq8KvePyOM,https://www.youtube.com/watch?v=5gq8KvePyOM,The Pub Perspective: Insider Conversations with Cory Wright,episode,694,31,3,9.6774,"Premiered Mar 5, 2024",False
ZqVUuNzsgWU,https://www.youtube.com/watch?v=ZqVUuNzsgWU,Maximizing Opportunities in Commercial Real Estate with Cory Wright #6,episode,3799,25600,3,0.0117,"Premiered Mar 5, 2024",False
Onj7-zig2Vo,https://www.youtube.com/watch?v=Onj7-zig2Vo,Integrating Advanced Camera Systems with AI feat. Velocitor Solutions,mid_clip,331,209,1,0.4785,"Premiered Feb 29, 2024",False
JjfSFWPYhVU,https://www.youtube.com/watch?v=JjfSFWPYhVU,Client-Centric Product Development Strategies with Velocitor Solutions,mid_clip,358,85,1,1.1765,"Premiered Feb 29, 2024",False
4YLBLMRNM-8,https://www.youtube.com/watch?v=4YLBLMRNM-8,Velocitor Solutions: Innovating Fleet Management Technology #13,episode,2465,30977,8,0.0258,"Premiered Feb 29, 2024",False
UTteEmIeWAI,https://www.youtube.com/watch?v=UTteEmIeWAI,Building Stronger Client Relationships with CCS,mid_clip,319,26,0,0.0,"Premiered Feb 28, 2024",False
M5jGgCv45EY,https://www.youtube.com/watch?v=M5jGgCv45EY,Elevating Inspections with Drone Tech feat. CCS,mid_clip,425,82,1,1.2195,"Premiered Feb 28, 2024",False
XB8NtAhL5lY,https://www.youtube.com/watch?v=XB8NtAhL5lY,CCS: Navigating Concrete Repair in Agriculture #11,episode,2791,30322,4,0.0132,"Premiered Feb 28, 2024",False
v3xwcS9cDtg,https://www.youtube.com/watch?v=v3xwcS9cDtg,MASPRO Turns Client Needs to Products,highlight,242,41,0,0.0,"Premiered Feb 22, 2024",False
BEhh1TMRT80,https://www.youtube.com/watch?v=BEhh1TMRT80,MASPRO Part 3: Inside MASPRO's Advanced Manufacturing Facility #176,episode,1584,45414,21,0.0462,"Premiered Feb 22, 2024",False
tLaSHdgdJMg,https://www.youtube.com/watch?v=tLaSHdgdJMg,MASPRO's Robotic Loading Machines: Precision Production,highlight,209,42,3,7.1429,"Premiered Feb 22, 2024",False
_g3NfCn_-LM,https://www.youtube.com/watch?v=_g3NfCn_-LM,Wajax Manages Heavy Machinery Transactions,highlight,284,191,3,1.5707,"Premiered Feb 21, 2024",False
ddM0AWfn8Gc,https://www.youtube.com/watch?v=ddM0AWfn8Gc,WAJAX: One-Stop Solution for Mining Services #175,episode,3473,45558,4,0.0088,"Premiered Feb 21, 2024",False
XqfCtwO6B_Q,https://www.youtube.com/watch?v=XqfCtwO6B_Q,Wajax shares Hitachi's Roadmap to Decarbonize Mining,highlight,187,55,0,0.0,"Premiered Feb 21, 2024",False
Xq_VPxN51_0,https://www.youtube.com/watch?v=Xq_VPxN51_0,Talisman Partners navigates ESG Integration in Diesel Fleets,highlight,230,56,0,0.0,"Premiered Feb 20, 2024",False
HDiaB2qNPMs,https://www.youtube.com/watch?v=HDiaB2qNPMs,Talisman Partners talks ESG Implementation: Tips and Common Questions,highlight,271,39,0,0.0,"Premiered Feb 20, 2024",False
bKCzECB8jBg,https://www.youtube.com/watch?v=bKCzECB8jBg,Talisman Partners: ESG Implementation Strategies #174,episode,2945,30350,13,0.0428,"Premiered Feb 20, 2024",False
pwtcYMRB-gQ,https://www.youtube.com/watch?v=pwtcYMRB-gQ,Fine-Tuning Material Flow with Gravimetric Feeders by Tecweigh,highlight,297,121,2,1.6529,"Premiered Feb 16, 2024",False
Oa9auC_CKPQ,https://www.youtube.com/watch?v=Oa9auC_CKPQ,Tecweigh: Precision Equipment for Construction #12,episode,3618,30263,16,0.0529,"Premiered Feb 16, 2024",False
RHUlviCMwjo,https://www.youtube.com/watch?v=RHUlviCMwjo,Belt Scale Precision: Single to Four Idler Scales with Tecweigh,highlight,225,488,3,0.6148,"Premiered Feb 16, 2024",False
MPQcr6wz6SY,https://www.youtube.com/watch?v=MPQcr6wz6SY,PX4 Software and NewRange Copper Nickel shares Expert Strategies for Onboarding Success,highlight,182,36,1,2.7778,"Premiered Feb 15, 2024",False
Zgcmtxq22-c,https://www.youtube.com/watch?v=Zgcmtxq22-c,PX4 Software and NewRange Copper Nickel Crafts Scalable Solutions for Every Client,highlight,245,34,1,2.9412,"Premiered Feb 15, 2024",False
MSy_j49e4yU,https://www.youtube.com/watch?v=MSy_j49e4yU,PX4 Software & NewRange Copper Nickel: Crafting Land Management Solutions for Every Client #173,episode,3040,31027,2,0.0064,"Premiered Feb 15, 2024",False
WEy5fJRW2S0,https://www.youtube.com/watch?v=WEy5fJRW2S0,Somerset and Centrisys' Mining Machine Mastery: Building for Reliability,highlight,204,73,2,2.7397,"Premiered Feb 13, 2024",False
JZbzQcJvtlo,https://www.youtube.com/watch?v=JZbzQcJvtlo,Somerset and Centrisys are ﻿Driving Sustainability in Mining Operations,highlight,248,48,0,0.0,"Premiered Feb 13, 2024",False
Uu0kArIwM7I,https://www.youtube.com/watch?v=Uu0kArIwM7I,Centrisys/CNP & Somerset International: Sustainable Mining Innovations #172,episode,3020,30663,15,0.0489,"Premiered Feb 13, 2024",False
gWHMlw6um9o,https://www.youtube.com/watch?v=gWHMlw6um9o,Kal Tire Mining Tire Group Part 7: Maximizing Tire Performance in Mining #171,episode,1953,30502,7,0.0229,"Premiered Feb 8, 2024",False
HidXapZPoxY,https://www.youtube.com/watch?v=HidXapZPoxY,Kal Tire's Data-Driven Tire Management Strategies,highlight,152,38,1,2.6316,"Premiered Feb 8, 2024",False
2Da805tQcao,https://www.youtube.com/watch?v=2Da805tQcao,Kal Tire's Tire Management Strategies: Impact on Profitability,highlight,218,93,1,1.0753,"Premiered Feb 8, 2024",False
zXcQPO0gV2w,https://www.youtube.com/watch?v=zXcQPO0gV2w,Oreflow Navigates Big Projects and Tough Negotiations,mid_clip,336,25,0,0.0,"Premiered Feb 7, 2024",False
ka1jaqZcFWU,https://www.youtube.com/watch?v=ka1jaqZcFWU,Oreflow talks about Competing Against Giants: Niche Market Tactics,highlight,174,22,0,0.0,"Premiered Feb 7, 2024",False
Rll2fYVeT3c,https://www.youtube.com/watch?v=Rll2fYVeT3c,Oreflow: Innovating Mineral Processing Solutions #170,episode,2800,30572,6,0.0196,"Premiered Feb 7, 2024",False
DJmwt1vgs04,https://www.youtube.com/watch?v=DJmwt1vgs04,Doran Manufacturing on Mastering OTR Tire Management,highlight,264,61,0,0.0,"Premiered Feb 6, 2024",False
6jvyoDaj9X4,https://www.youtube.com/watch?v=6jvyoDaj9X4,Doran Manufacturing Explains TPMS: Sensor Sizes & Configurations,highlight,294,62,0,0.0,"Premiered Feb 6, 2024",False
bpnk8h_Ir_8,https://www.youtube.com/watch?v=bpnk8h_Ir_8,Doran Manufacturing: Optimizing Off-Road Performance #169,episode,2764,30093,20,0.0665,"Premiered Feb 6, 2024",False
UjheuZVDv2A,https://www.youtube.com/watch?v=UjheuZVDv2A,PrecisionScreen's Vision for 2024 and Beyond: Innovating Tomorrow,highlight,174,34,0,0.0,"Premiered Feb 1, 2024",False
mZKEQEzQeLo,https://www.youtube.com/watch?v=mZKEQEzQeLo,PrecisionScreen: Shaping the Quarry Landscape with Innovative Equipment #168,episode,1696,30762,20,0.065,"Premiered Feb 1, 2024",False
9xR8mXM0Owg,https://www.youtube.com/watch?v=9xR8mXM0Owg,PrecisionScreen Exports Machinery: Australia's Global Reach,highlight,225,18,0,0.0,"Premiered Feb 1, 2024",False
6l9a5_d4LAg,https://www.youtube.com/watch?v=6l9a5_d4LAg,Innovation Unveiled: Electric Chain Hoists in Focus with OZ Lifting,highlight,206,138,2,1.4493,"Premiered Jan 31, 2024",False
rD2CKocaQ-s,https://www.youtube.com/watch?v=rD2CKocaQ-s,Solving Industry Challenges: The OZ Lifting Advantage,mid_clip,312,45,1,2.2222,"Premiered Jan 31, 2024",False
Nl44f9DJEr4,https://www.youtube.com/watch?v=Nl44f9DJEr4,OZ Lifting Products: Mastering Elevations with Professional Lifting Equipment #11,episode,3656,30296,4,0.0132,"Premiered Jan 31, 2024",False
t9hSI2wfR4Y,https://www.youtube.com/watch?v=t9hSI2wfR4Y,Mining Pro Navigates Change: Approaching Industry Shifts,highlight,188,61,0,0.0,"Premiered Jan 29, 2024",False
5aAh80RtXZY,https://www.youtube.com/watch?v=5aAh80RtXZY,Mining Pro explores Queensland's Steel-Making Coal Industry,highlight,277,146,0,0.0,"Premiered Jan 29, 2024",False
RUjvYeec1AM,https://www.youtube.com/watch?v=RUjvYeec1AM,Mining Pro: Elevating Mining Management through Partnerships #167,episode,1950,30428,11,0.0362,"Premiered Jan 29, 2024",False
h843sxQt0uE,https://www.youtube.com/watch?v=h843sxQt0uE,SMC Testing explains the Impact of Equipment Sizing on Mining Success,highlight,245,64,0,0.0,"Premiered Jan 25, 2024",False
ebJqPCgzrmU,https://www.youtube.com/watch?v=ebJqPCgzrmU,SMC: Optimizing Comminution with the Power of SMC Testing #166,episode,3431,30825,5,0.0162,"Premiered Jan 25, 2024",False
KLqa9V7_R7s,https://www.youtube.com/watch?v=KLqa9V7_R7s,SMC Testing’s Impact on Crusher Design: Crushing Efficiency,highlight,227,120,1,0.8333,"Jan 25, 2024",False
vEMIsjSta9k,https://www.youtube.com/watch?v=vEMIsjSta9k,B2Gold Drives Local Employment Success,highlight,182,83,1,1.2048,"Premiered Jan 24, 2024",False
TmsDOSFjZOo,https://www.youtube.com/watch?v=TmsDOSFjZOo,B2Gold Enhances Global Operations and Legacy Goals,highlight,298,191,5,2.6178,"Premiered Jan 24, 2024",False
-D2GDbbp3ug,https://www.youtube.com/watch?v=-D2GDbbp3ug,B2Gold: Unveiling B2Gold's Approach to Sustainable Mining #165,episode,1992,30498,30,0.0984,"Premiered Jan 24, 2024",False
CHTgHKiC1ks,https://www.youtube.com/watch?v=CHTgHKiC1ks,Glencore Technology Bridges the Gap for Mining's Next Gen,highlight,268,136,2,1.4706,"Premiered Jan 23, 2024",False
sHG_V9L1yrY,https://www.youtube.com/watch?v=sHG_V9L1yrY,Glencore Technology Decodes Project Viability,highlight,270,49,2,4.0816,"Premiered Jan 23, 2024",False
R-06tvPGIdA,https://www.youtube.com/watch?v=R-06tvPGIdA,Glencore Technology: Albion Process is a Mining Tech Revolution #164,episode,2790,30649,20,0.0653,"Premiered Jan 23, 2024",False
_tsV-HAzIlc,https://www.youtube.com/watch?v=_tsV-HAzIlc,MASPRO Navigates the Mining Industry's Tech Landscape,highlight,264,50,0,0.0,"Premiered Jan 18, 2024",False
Mwx8J-lJILw,https://www.youtube.com/watch?v=Mwx8J-lJILw,MASPRO talks Leadership Strategies in the Mining Sector,highlight,243,47,1,2.1277,"Premiered Jan 18, 2024",False
FJSpCaojAFI,https://www.youtube.com/watch?v=FJSpCaojAFI,MASPRO Part 2: Delivering Strong Leadership in Mining #163,episode,2595,45773,26,0.0568,"Premiered Jan 18, 2024",False
RtJGIfccJs0,https://www.youtube.com/watch?v=RtJGIfccJs0,"Madison Technologies and the Era of Industry 4.0: Connectivity, Machine Learning, and More",highlight,211,37,1,2.7027,"Premiered Jan 17, 2024",False
N9BSDgsZUtU,https://www.youtube.com/watch?v=N9BSDgsZUtU,Madison Technologies Explains Decentralization in Rail and Mining,highlight,292,58,2,3.4483,"Premiered Jan 17, 2024",False
j9nivQx1GTM,https://www.youtube.com/watch?v=j9nivQx1GTM,"Madison Technologies: Industry 4.0 Explained, Mining Tech Trends and Solutions #162",episode,3989,30243,18,0.0595,"Premiered Jan 17, 2024",False
l8AXqH0wAlw,https://www.youtube.com/watch?v=l8AXqH0wAlw,Datamine Explains Mine to Mill Optimization,highlight,185,248,3,1.2097,"Premiered Jan 16, 2024",False
vemPKJ_tD_M,https://www.youtube.com/watch?v=vemPKJ_tD_M,Datamine's Software Implementation Mastery,highlight,192,104,0,0.0,"Premiered Jan 16, 2024",False
P9kWKJbMix0,https://www.youtube.com/watch?v=P9kWKJbMix0,Datamine Part 2: Mine to Mill Optimization - Exploring African Mining Solutions #161,episode,1325,26076,16,0.0614,"Premiered Jan 16, 2024",False
zh6aZgv0xg8,https://www.youtube.com/watch?v=zh6aZgv0xg8,Decoding the Customer Experience Journey with Petro-Canada Lubricants,highlight,229,98,0,0.0,"Premiered Jan 11, 2024",False
oWG_wQXp5j4,https://www.youtube.com/watch?v=oWG_wQXp5j4,Solving Lubricant Challenges in Mining with Petro-Canada Lubricants,highlight,296,152,1,0.6579,"Premiered Jan 11, 2024",False
Ng2hWg1yxA4,https://www.youtube.com/watch?v=Ng2hWg1yxA4,Petro-Canada: How Specialized Lubricants Drive Mining Equipment Efficiency #96,episode,2951,30516,11,0.036,"Premiered Jan 11, 2024",False
j8JTmL9XrU4,https://www.youtube.com/watch?v=j8JTmL9XrU4,Technica Mining & Sofvie: Navigating Tech Adoption Dips & Strategies for Implementation Success #27,episode,2615,17135,10,0.0584,"Premiered Jan 10, 2024",False
V9s-Xc-xX08,https://www.youtube.com/watch?v=V9s-Xc-xX08,Bend-tech's Role in Advancing Mining Safety: Behind the Machinery,highlight,92,29,0,0.0,"Premiered Jan 9, 2024",False
kEXlmKvGaDA,https://www.youtube.com/watch?v=kEXlmKvGaDA,Bend-tech Group's Crucial Role in Mining Safety,highlight,123,54,1,1.8519,"Premiered Jan 9, 2024",False
wQ-hvG0fm8E,https://www.youtube.com/watch?v=wQ-hvG0fm8E,Bend-tech Group: Revolutionizing Replacement Solutions - ROX Mining Parts #160,episode,1921,45269,30,0.0663,"Premiered Jan 9, 2024",False
v71gibDaeqM,https://www.youtube.com/watch?v=v71gibDaeqM,Transformative Technologies in Water Management with Centrisys CNP,highlight,274,43,1,2.3256,"Premiered Jan 8, 2024",False
5-Kn3zngIJk,https://www.youtube.com/watch?v=5-Kn3zngIJk,Educating the Industry: Centrisys/CNP's Approach to Client Awareness,highlight,279,84,3,3.5714,"Premiered Jan 8, 2024",False
0f4WkXSYBAM,https://www.youtube.com/watch?v=0f4WkXSYBAM,Centrisys CNP: Sustainable Solutions in Centrifuge Technology #95,episode,2720,30921,6,0.0194,"Premiered Jan 8, 2024",False
8nYwOoL7RgU,https://www.youtube.com/watch?v=8nYwOoL7RgU,ASDR Canada's Innovative ECOMUD Technology Commercialization,highlight,202,121,0,0.0,"Premiered Jan 4, 2024",False
ycbAVrGaDxE,https://www.youtube.com/watch?v=ycbAVrGaDxE,ASDR Canada Inc. Explores Water Treatment Innovations in Mining,highlight,260,77,1,1.2987,"Premiered Jan 4, 2024",False
0wz3QffMZ6w,https://www.youtube.com/watch?v=0wz3QffMZ6w,ASDR Canada: Unveiling Growth Secrets in the Mining Sector #159,episode,1663,30329,6,0.0198,"Premiered Jan 4, 2024",False
0qPvClvCKb0,https://www.youtube.com/watch?v=0qPvClvCKb0,MEGA-Drain's Case Study on Dredging and Sand Operation,highlight,111,125,1,0.8,"Premiered Jan 3, 2024",False
c9FisisA4X8,https://www.youtube.com/watch?v=c9FisisA4X8,MEGA-Drain's Patented Moisture Control Driving ROI Success,highlight,178,59,0,0.0,"Premiered Jan 3, 2024",False
mQ1QSkNPUPk,https://www.youtube.com/watch?v=mQ1QSkNPUPk,EnviroCon Systems & MEGA-Drain: Collaboration for Water Stewardship in Mining #158,episode,1540,45204,6,0.0133,"Premiered Jan 3, 2024",False
fJAF9vqzJ68,https://www.youtube.com/watch?v=fJAF9vqzJ68,Geographe shares Content Creation Strategies for Success,highlight,207,17,0,0.0,"Premiered Jan 2, 2024",False
6DbJPdAt_eU,https://www.youtube.com/watch?v=6DbJPdAt_eU,Geographe Explores the Heart of Mining: From Trucks to Tech,highlight,171,79,1,1.2658,"Premiered Jan 2, 2024",False
luxwnCboxKQ,https://www.youtube.com/watch?v=luxwnCboxKQ,"Geographe: The State of Mining - Exploring Global Trends, Downturns, and Incremental Gains #157",episode,6569,30069,30,0.0998,"Premiered Jan 2, 2024",False
Qnumb-O2H54,https://www.youtube.com/watch?v=Qnumb-O2H54,Ziltek's Game-Changing Technology for Oil Spill Detection: Unveiling RemScan,highlight,183,72,0,0.0,"Premiered Dec 21, 2023",False
YP5-e7uShFs,https://www.youtube.com/watch?v=YP5-e7uShFs,Ziltek's Role in Environmental Engineering Education: Empowering the Next Generation,highlight,104,21,0,0.0,"Premiered Dec 21, 2023",False
B3xmZM6RcGs,https://www.youtube.com/watch?v=B3xmZM6RcGs,Ziltek: The Future of Soil Analysis with RemScan #156,episode,2818,30809,7,0.0227,"Premiered Dec 21, 2023",False
yEfTbgItPA0,https://www.youtube.com/watch?v=yEfTbgItPA0,Pioneering Oil Cleanup with Sustainable Energy Solutions,highlight,85,19,0,0.0,"Premiered Dec 20, 2023",False
5auDOYNEt-0,https://www.youtube.com/watch?v=5auDOYNEt-0,From Contamination to Conservation: Black Powder Solutions Unveiled,highlight,142,107,0,0.0,"Premiered Dec 20, 2023",False
ONTZT0vnbGg,https://www.youtube.com/watch?v=ONTZT0vnbGg,Black Powder Solutions: Magnetic Separation for Black Powder Contamination #48,episode,1622,31100,13,0.0418,"Premiered Dec 20, 2023",False
kgBJXh7Zr0U,https://www.youtube.com/watch?v=kgBJXh7Zr0U,Inside the Ring: Unmasking Boxing's Secrets with Sugarrays Professional Boxing Gym #5,episode,3971,25748,5,0.0194,"Premiered Dec 15, 2023",False
Lr8YnOHhupc,https://www.youtube.com/watch?v=Lr8YnOHhupc,WWT International's Case Studies in Energy Advancement,highlight,136,27,0,0.0,"Premiered Dec 14, 2023",False
5EG_3IVS6ps,https://www.youtube.com/watch?v=5EG_3IVS6ps,Trailblazing Tractors: A New Era for North American Energy with WWT International,highlight,189,36,1,2.7778,"Premiered Dec 14, 2023",False
NqO5eiLeQ4E,https://www.youtube.com/watch?v=NqO5eiLeQ4E,WWT International: Transforming the Energy Landscape #47,episode,1355,30684,7,0.0228,"Premiered Dec 14, 2023",False
53IuSytW-tQ,https://www.youtube.com/watch?v=53IuSytW-tQ,Veracio's Rise in Mineral Exploration Technology: From Rocks to AI,highlight,242,217,2,0.9217,"Premiered Dec 13, 2023",False
BPmOGdIrGF8,https://www.youtube.com/watch?v=BPmOGdIrGF8,Veracio Explores TruScan’s Accuracy and Calibration Techniques,highlight,185,110,0,0.0,"Premiered Dec 13, 2023",False
rSeLMLdYa1Y,https://www.youtube.com/watch?v=rSeLMLdYa1Y,VERACIO Part 1: The Pioneering Technology TruScan in Mineral Exploration #155,episode,2510,30630,22,0.0718,"Premiered Dec 13, 2023",False
oSedSd3Uy18,https://www.youtube.com/watch?v=oSedSd3Uy18,The Role of Open Charge Point Protocol in Energy Transformation with ABB,mid_clip,327,32,1,3.125,"Premiered Dec 12, 2023",False
SG9j_IfpejA,https://www.youtube.com/watch?v=SG9j_IfpejA,Decarbonizing Today for Tomorrow with ABB,highlight,174,14,0,0.0,"Premiered Dec 12, 2023",False
NA0QSV897jQ,https://www.youtube.com/watch?v=NA0QSV897jQ,ABB Part 2: Navigating the Power Grid Energy Evolution & The Rise of E-Mobility #46,episode,1904,30824,6,0.0195,"Premiered Dec 12, 2023",False
Wwog6yfr3Aw,https://www.youtube.com/watch?v=Wwog6yfr3Aw,MASPRO's Technological Advancements: Quality Assurance in Mining,highlight,211,48,0,0.0,"Premiered Dec 11, 2023",False
hKZhQLpQbsc,https://www.youtube.com/watch?v=hKZhQLpQbsc,MASPRO Navigates Remote Mining Environments,highlight,290,33,1,3.0303,"Premiered Dec 11, 2023",False
u6WppVJqvrQ,https://www.youtube.com/watch?v=u6WppVJqvrQ,MASPRO Part 1: In the Tunnels & Innovations in Mining Engineering #154,episode,1418,45696,17,0.0372,"Premiered Dec 11, 2023",False
aw467Fw1h5Q,https://www.youtube.com/watch?v=aw467Fw1h5Q,"The Tap and Barrel Story: Leadership, Cultures, and Pickleball with Daniel Frankel #4",episode,4110,25164,5,0.0199,"Premiered Dec 8, 2023",False
XnBHd8FTvMk,https://www.youtube.com/watch?v=XnBHd8FTvMk,Interlate Reveals the Key to Mining Industry Digital Transformation,highlight,244,87,1,1.1494,"Premiered Dec 8, 2023",False
Tg35BEFiRGE,https://www.youtube.com/watch?v=Tg35BEFiRGE,From Brisbane to Peru: Interlate's Global Mining Solutions,highlight,178,21,3,14.2857,"Premiered Dec 8, 2023",False
n6AYnMQSh7E,https://www.youtube.com/watch?v=n6AYnMQSh7E,Interlate: SaaS Solutions for Sustainable Mining #153,episode,2585,29877,7,0.0234,"Premiered Dec 7, 2023",False
xpodaAEEVns,https://www.youtube.com/watch?v=xpodaAEEVns,Unlocking Safety Secrets: ABB's Arc Flash Mitigation Breakthroughs,mid_clip,323,93,0,0.0,"Premiered Dec 6, 2023",False
BM0gHPLJy7A,https://www.youtube.com/watch?v=BM0gHPLJy7A,ABB's Arc Fault Protection: Ensuring Electrical System Resilience,mid_clip,319,109,0,0.0,"Premiered Dec 6, 2023",False
5g3_yfwCVI0,https://www.youtube.com/watch?v=5g3_yfwCVI0,ABB Part 1: Electrical Room Safety & Arc-Flash Mitigation Techniques and Best Practices #45,episode,2159,31541,18,0.0571,"Premiered Dec 6, 2023",False
_g5y3AP_ufk,https://www.youtube.com/watch?v=_g5y3AP_ufk,From Field to Silo: WAJAX's Comprehensive Agricultural Solutions,highlight,195,30,0,0.0,"Premiered Nov 30, 2023",False
0R_KgWjA7RQ,https://www.youtube.com/watch?v=0R_KgWjA7RQ,Securing Agriculture from Seed to Shelf with WAJAX,highlight,225,18,0,0.0,"Premiered Nov 30, 2023",False
E3DJ4n5pvkg,https://www.youtube.com/watch?v=E3DJ4n5pvkg,WAJAX: Unveiling the Future of Farm to Store Processes #10,episode,3053,30845,25,0.0811,"Premiered Nov 30, 2023",False
Xu0VkHQhWoM,https://www.youtube.com/watch?v=Xu0VkHQhWoM,Protecting the Builders: Redefining Safety Standards in Construction with STUDSON,highlight,231,84,0,0.0,"Premiered Nov 29, 2023",False
QPRLHRBuM3M,https://www.youtube.com/watch?v=QPRLHRBuM3M,Next-Level Safety: The STUDSON Helmet Tech Showcase,highlight,147,1179,4,0.3393,"Premiered Nov 29, 2023",False
N3ty9Xj6fkw,https://www.youtube.com/watch?v=N3ty9Xj6fkw,STUDSON: Transforming Safety Gear Beyond Hard Hats #94,episode,2019,31008,20,0.0645,"Premiered Nov 29, 2023",False
BFEoQpQAvB0,https://www.youtube.com/watch?v=BFEoQpQAvB0,Pioneering Electrification Technology in Construction with ZeroNox,highlight,178,36,0,0.0,"Premiered Nov 24, 2023",False
3y7KOU19u9Q,https://www.youtube.com/watch?v=3y7KOU19u9Q,From Floods to Fairways: How Inland Tarp & Liner is Reshaping Construction,highlight,177,85,1,1.1765,"Premiered Nov 23, 2023",False
wtI9GTGqm98,https://www.youtube.com/watch?v=wtI9GTGqm98,The Future of Infrastructure Repair with Inland Tarp & Liner,highlight,203,40,0,0.0,"Premiered Nov 23, 2023",False
9j2sOwhd_0k,https://www.youtube.com/watch?v=9j2sOwhd_0k,Inland Tarp & Liner: Breaking Ground & Exploring Construction Solutions #10,episode,2175,31918,8,0.0251,"Premiered Nov 23, 2023",False
MBa_JRCikR4,https://www.youtube.com/watch?v=MBa_JRCikR4,SafeSight Exploration Inc talks about AI's Impact on Mining Safety and Operations,highlight,169,35,0,0.0,"Premiered Nov 22, 2023",False
-fIPOWsSwfw,https://www.youtube.com/watch?v=-fIPOWsSwfw,SafeSight Exploration Inc Revolutionizes Mining through Digital Transformation,highlight,182,35,0,0.0,"Premiered Nov 22, 2023",False
eZvFL-fqPiM,https://www.youtube.com/watch?v=eZvFL-fqPiM,Toray Experts Unveil Specialized Solutions: Unraveling Tailings Ponds,highlight,198,25,1,4.0,"Premiered Nov 21, 2023",False
TLzu_BUetik,https://www.youtube.com/watch?v=TLzu_BUetik,Toray Decodes Challenges in Mining Membrane Systems,highlight,252,27,0,0.0,"Premiered Nov 21, 2023",False
I2wVw1BUACQ,https://www.youtube.com/watch?v=I2wVw1BUACQ,Toray: Membrane Mastery in the Mining Industry #152,episode,2607,30292,11,0.0363,"Premiered Nov 21, 2023",False
qGISWq5Y2Xs,https://www.youtube.com/watch?v=qGISWq5Y2Xs,Mining and Circular Economy: Anton Paar's Impact on Canada's Battery Industry,highlight,260,26,1,3.8462,"Premiered Nov 20, 2023",False
Gh69Sjok1VE,https://www.youtube.com/watch?v=Gh69Sjok1VE,Solving Battery Challenges: Anton Paar's Tools for Success,highlight,208,18,1,5.5556,"Premiered Nov 20, 2023",False
Flkpo95X8t0,https://www.youtube.com/watch?v=Flkpo95X8t0,General Kinematics' Impact on the Growing Construction and Demolition Space,highlight,210,31,0,0.0,"Premiered Nov 17, 2023",False
hOAK04GpZy4,https://www.youtube.com/watch?v=hOAK04GpZy4,The Future of Screens: General Kinematics' Modular Design Breakdown,highlight,226,56,0,0.0,"Premiered Nov 17, 2023",False
-frJioPt1v8,https://www.youtube.com/watch?v=-frJioPt1v8,Mapping Technology in Action with Subsite and Ditch Witch,highlight,236,63,0,0.0,"Premiered Nov 16, 2023",False
3WnrkGT1xME,https://www.youtube.com/watch?v=3WnrkGT1xME,A Deep Dive into Directional Drilling Innovations with Subsite and Ditch Witch,highlight,226,117,1,0.8547,"Premiered Nov 16, 2023",False
GWlNS8d6RXs,https://www.youtube.com/watch?v=GWlNS8d6RXs,Innovations That Shape Mining Safety: Ontario Mine Contractors Safety Association's Impact,mid_clip,303,21,0,0.0,"Premiered Nov 15, 2023",False
lUS0NtSkZT4,https://www.youtube.com/watch?v=lUS0NtSkZT4,Exploring a 'No Blame' Approach to Safety in Mining with Ontario Mine Contractors Safety Association,highlight,265,7,0,0.0,"Premiered Nov 15, 2023",False
z6tJSM4HS8U,https://www.youtube.com/watch?v=z6tJSM4HS8U,Ontario Mine Contractors Safety Association: Mining Safety Transformations Expert Tips #26,episode,2046,15303,4,0.0261,"Premiered Nov 15, 2023",False
dM1Bx58aA_E,https://www.youtube.com/watch?v=dM1Bx58aA_E,Understanding the Cloud Technology with HighVail Systems: Where Does Your Data Really Go?,highlight,277,12,0,0.0,"Premiered Nov 13, 2023",False
z8IkL9OTNwc,https://www.youtube.com/watch?v=z8IkL9OTNwc,Cloud Computing 101: A Comprehensive Overview with HighVail Systems,highlight,227,9,0,0.0,"Premiered Nov 13, 2023",False
tY0Esrd2R54,https://www.youtube.com/watch?v=tY0Esrd2R54,Defining Climate: Perspectives and Challenges with FROSKR,highlight,155,10,0,0.0,"Premiered Nov 9, 2023",False
cSy-th0oey4,https://www.youtube.com/watch?v=cSy-th0oey4,The Future of Eco-Friendly Mining with FROSKR,highlight,249,83,2,2.4096,"Premiered Nov 9, 2023",False
kZMUnHMXfYI,https://www.youtube.com/watch?v=kZMUnHMXfYI,The Path to Building a Strong Tech Workforce with NSS Canada,highlight,259,16,0,0.0,"Premiered Nov 6, 2023",False
vWVZPdE06QE,https://www.youtube.com/watch?v=vWVZPdE06QE,Creating a Culture of Inclusivity with NSS Canada,highlight,278,20,0,0.0,"Premiered Nov 6, 2023",False
0KriyCWVCJg,https://www.youtube.com/watch?v=0KriyCWVCJg,Innovations in Energy and Infrastructure with Valmont Industries,highlight,196,110,0,0.0,"Premiered Nov 2, 2023",False
CIJ-P_NdVJw,https://www.youtube.com/watch?v=CIJ-P_NdVJw,Valmont Industries Talks about Steel vs. Concrete Poles: Which is Better for Your Project?,highlight,178,241,1,0.4149,"Premiered Nov 2, 2023",False
tenpgIsd30w,https://www.youtube.com/watch?v=tenpgIsd30w,Valmont Industries: North America Electric Transmission Market Insights #44,episode,2890,45696,10,0.0219,"Premiered Nov 2, 2023",False
-6APOgXUGTU,https://www.youtube.com/watch?v=-6APOgXUGTU,MacLean Engineering: Unique Approach to Mining Utility Vehicles #151,episode,1762,25473,18,0.0707,"Premiered Nov 1, 2023",False
9KKisF9tJ5E,https://www.youtube.com/watch?v=9KKisF9tJ5E,Technica Mining's Journey to Modernization with Sofvie,mid_clip,368,42,1,2.381,"Premiered Nov 1, 2023",False
_QeuvEZwvHM,https://www.youtube.com/watch?v=_QeuvEZwvHM,Paperless Safety Systems in Mining with Technica Mining and Sofvie,highlight,213,51,0,0.0,"Premiered Nov 1, 2023",False
W_MrZl82pi0,https://www.youtube.com/watch?v=W_MrZl82pi0,Prime Contract Solutions: Why Soft Skills Matter in Mining #25,episode,2506,21202,1,0.0047,"Premiered Nov 1, 2023",False
OSNaDuVRpug,https://www.youtube.com/watch?v=OSNaDuVRpug,Rogers For Business & NORCAT navigates The Hidden World of Underground Communication in Mining,mid_clip,312,399,7,1.7544,"Premiered Oct 25, 2023",False
-RaGvbIxusU,https://www.youtube.com/watch?v=-RaGvbIxusU,Rogers For Business & NORCAT Enhances Safety with Water Detection Technology,highlight,242,63,1,1.5873,"Premiered Oct 25, 2023",False
8KRcjKwTNeo,https://www.youtube.com/watch?v=8KRcjKwTNeo,Rogers For Business & NORCAT: Exploring Cutting-Edge Communication in Underground Mining #150,episode,1986,30784,20,0.065,"Premiered Oct 25, 2023",False
qadTKEMn5I8,https://www.youtube.com/watch?v=qadTKEMn5I8,The Future of Horizontal Directional Drilling with Ditch Witch,highlight,194,445,3,0.6742,"Premiered Oct 16, 2023",False
zLLUkzbUjGk,https://www.youtube.com/watch?v=zLLUkzbUjGk,Ditch Witch JT Series - A Game Changer for Contractors,highlight,225,145,1,0.6897,"Premiered Oct 16, 2023",False
bCXQwLgCLJA,https://www.youtube.com/watch?v=bCXQwLgCLJA,Meet the Tech Experts Changing Agriculture with ConstructEdge and Orbit Farm Technologies,highlight,161,72,0,0.0,"Premiered Oct 13, 2023",False
4ylJYMZbywM,https://www.youtube.com/watch?v=4ylJYMZbywM,Construction in the Digital Age with ConstructEdge and Orbit Farm Technologies,highlight,213,31,1,3.2258,"Premiered Oct 13, 2023",False
0PMjBY4TaB4,https://www.youtube.com/watch?v=0PMjBY4TaB4,A Cleaner Approach to Conveyor Belt Maintenance with Southeastern Conveyor Services,mid_clip,307,87,1,1.1494,"Premiered Oct 12, 2023",False
6_p8_6AaZLE,https://www.youtube.com/watch?v=6_p8_6AaZLE,The Conveyor Industry's Best-Kept Secrets with Southeastern Conveyor Services,highlight,204,29,1,3.4483,"Premiered Oct 12, 2023",False
u9YFHPF5AE8,https://www.youtube.com/watch?v=u9YFHPF5AE8,Southeastern Conveyor Services: Conveyor Maintenance Tips and Tricks #09,episode,3310,30201,6,0.0199,"Premiered Oct 12, 2023",False
tCrbZmHUMKw,https://www.youtube.com/watch?v=tCrbZmHUMKw,L&H Industrial and SafeGauge - Shaping the Future of Fluid Monitoring,highlight,268,29,1,3.4483,"Premiered Oct 11, 2023",False
XMDwRB4sBJU,https://www.youtube.com/watch?v=XMDwRB4sBJU,L&H Industrial and SafeGauge - A Partnership for Safer Work Environments,highlight,215,32,0,0.0,"Premiered Oct 11, 2023",False
ovSpJV9d7QY,https://www.youtube.com/watch?v=ovSpJV9d7QY,L&H Industrial & SafeGauge: Improving Machine Lifecycles and Industrial Safety #93,episode,2049,32890,33,0.1003,"Premiered Oct 11, 2023",False
mUTpbOm2FwM,https://www.youtube.com/watch?v=mUTpbOm2FwM,MacLean Engineering's Battery-Electric Vehicles for Mining - The ML5 Advantage,highlight,175,48,1,2.0833,"Premiered Oct 10, 2023",False
Kc14loisNYc,https://www.youtube.com/watch?v=Kc14loisNYc,MacLean Engineering’s ML5's Impact: Elevated Work Platforms in Mining,highlight,268,97,1,1.0309,"Premiered Oct 10, 2023",False
LSW9hBb0m18,https://www.youtube.com/watch?v=LSW9hBb0m18,MacLean Engineering: Meet the ML5 - The Answer to Safer Underground Mining #149,episode,2895,26522,42,0.1584,"Premiered Oct 10, 2023",False
uyWkzwZdpQw,https://www.youtube.com/watch?v=uyWkzwZdpQw,Mastering the Art of Daylighting with Ditch Witch,highlight,195,70,1,1.4286,"Premiered Oct 6, 2023",False
Js68QEe27NA,https://www.youtube.com/watch?v=Js68QEe27NA,Ditch Witch's Trail Vacuum Excavator: A Must-Have for Job Sites,highlight,200,284,5,1.7606,"Premiered Oct 6, 2023",False
6K9_6hcMQMk,https://www.youtube.com/watch?v=6K9_6hcMQMk,Mine Vision Systems talks about Hecla Mining's Tech Transformation,highlight,267,110,0,0.0,"Premiered Oct 6, 2023",False
Z4apzIIIgqE,https://www.youtube.com/watch?v=Z4apzIIIgqE,Mine Vision Systems and The Future of Mining Automation,highlight,232,334,1,0.2994,"Premiered Oct 6, 2023",False
T2nCZryPctY,https://www.youtube.com/watch?v=T2nCZryPctY,Non-Intrusive Mine Cleaning Techniques by Highvec Canada,highlight,195,100,0,0.0,"Premiered Oct 5, 2023",False
LmLQ-MePiMI,https://www.youtube.com/watch?v=LmLQ-MePiMI,The Power of Technology in Substation Services with Highvec Canada,highlight,236,44,0,0.0,"Premiered Oct 5, 2023",False
fvZ-yeanHa8,https://www.youtube.com/watch?v=fvZ-yeanHa8,Highvec Canada - The Role of Condition Monitoring in Mining,episode,2239,30167,19,0.063,"Premiered Oct 5, 2023",False
gs3KOoxAkAM,https://www.youtube.com/watch?v=gs3KOoxAkAM,Optis Engineering Talks Mining Tech: Software and Expertise,mid_clip,302,32,0,0.0,"Premiered Oct 2, 2023",False
MA2SkayTtnw,https://www.youtube.com/watch?v=MA2SkayTtnw,Polydeck unveils A Game Changer in Mining: From Steel Plates to Modular Trommels,highlight,165,39,0,0.0,"Premiered Oct 2, 2023",False
ZCFK5JHgeOg,https://www.youtube.com/watch?v=ZCFK5JHgeOg,Kal Tire Mining Tire Group's Pit Crew AI: Transforming Mining Tire Maintenance,highlight,139,397,6,1.5113,"Premiered Oct 2, 2023",False
1ibWMgSleIE,https://www.youtube.com/watch?v=1ibWMgSleIE,Turn-Key Communications goes Inside the World of Underground Operations,highlight,168,30,1,3.3333,"Premiered Sep 29, 2023",False
FXfykPyFOe8,https://www.youtube.com/watch?v=FXfykPyFOe8,Turn-Key Communications discusses LTE & 5G Technology in Underground Mines,highlight,250,142,4,2.8169,"Premiered Sep 29, 2023",False
uwHdYTHCv7w,https://www.youtube.com/watch?v=uwHdYTHCv7w,Turn-Key Communications: Elevating Mining Telecom Solutions From Fiber Optics to 5G #148,episode,2250,30651,11,0.0359,"Premiered Sep 29, 2023",False
rcNKEztcLv0,https://www.youtube.com/watch?v=rcNKEztcLv0,Optis Engineering Solved Mining Fan Challenges,mid_clip,332,77,3,3.8961,"Premiered Sep 28, 2023",False
a01mM8oOHd0,https://www.youtube.com/watch?v=a01mM8oOHd0,Polydeck's explains The Science Behind their Mining Screen System,highlight,209,415,1,0.241,"Premiered Sep 28, 2023",False
gAa0zQHIi84,https://www.youtube.com/watch?v=gAa0zQHIi84,Kal Tire Mining Tire Group's Tire Recycling Plant in Action: Going Green in Mining,highlight,142,273,4,1.4652,"Premiered Sep 28, 2023",False
f059sqeGCkA,https://www.youtube.com/watch?v=f059sqeGCkA,HighVail Systems Inc: Exploring Information Handling and Digitization #23,episode,2863,15244,7,0.0459,"Premiered Sep 25, 2023",False
PQ433JxF6mo,https://www.youtube.com/watch?v=PQ433JxF6mo,Rocvent - Your One-Stop Shop for Mine Ventilation,highlight,139,58,0,0.0,"Premiered Sep 21, 2023",False
mXhLo34ggYI,https://www.youtube.com/watch?v=mXhLo34ggYI,The Secrets of Efficient Mine Ventilation with Rocvent,highlight,126,177,1,0.565,"Premiered Sep 21, 2023",False
iC2WB5JSLjI,https://www.youtube.com/watch?v=iC2WB5JSLjI,Optimizing Airflow with Rocvent's Mine Ventilation Solutions,episode,831,29001,3,0.0103,"Premiered Sep 21, 2023",False
FdgxSBv9U24,https://www.youtube.com/watch?v=FdgxSBv9U24,DragonWear: Heat Stress Solutions for Performance Workwear #24,episode,2207,16511,3,0.0182,"Premiered Sep 20, 2023",False
k2ZORaj83QY,https://www.youtube.com/watch?v=k2ZORaj83QY,Tire Pressure Monitoring Systems for Construction with Doran Manufacturing,highlight,275,88,0,0.0,"Premiered Sep 19, 2023",False
ufoz5MRZy1g,https://www.youtube.com/watch?v=ufoz5MRZy1g,Redefining Fleet Tire Management with Doran Manufacturing’s TPMS Solutions,highlight,214,48,0,0.0,"Premiered Sep 19, 2023",False
371CNPS90EA,https://www.youtube.com/watch?v=371CNPS90EA,Doran Manufacturing: Tire Safety Revolution & TPMS Solutions #08,episode,2506,30319,16,0.0528,"Premiered Sep 19, 2023",False
yRrhmsDPGGw,https://www.youtube.com/watch?v=yRrhmsDPGGw,Seeq Corporation's Mining Solutions: From Data to Decisions,highlight,139,69,1,1.4493,"Premiered Sep 14, 2023",False
JDSLjSQGh00,https://www.youtube.com/watch?v=JDSLjSQGh00,Seeq Corporation shares Data Analytics Essentials for Mining Success,mid_clip,309,69,1,1.4493,"Premiered Sep 14, 2023",False
bjDNsBiJZ3E,https://www.youtube.com/watch?v=bjDNsBiJZ3E,Seeq Corporation: Maximizing ROI in Mining & Metals #147,episode,2573,32177,27,0.0839,"Premiered Sep 14, 2023",False
D52LQKbFYDI,https://www.youtube.com/watch?v=D52LQKbFYDI,SMS Equipment Explores High-Altitude Mining Challenges and Solutions,highlight,225,43,0,0.0,"Premiered Sep 13, 2023",False
p7R2KdmeFd4,https://www.youtube.com/watch?v=p7R2KdmeFd4,SMS Equipment discusses Komatsu's Electric Drive Platform: The Future of Haul Trucks,highlight,185,739,3,0.406,"Premiered Sep 13, 2023",False
rk2u0Bnl4FE,https://www.youtube.com/watch?v=rk2u0Bnl4FE,DRA Global's Coarse Particle Recovery Breakthrough,highlight,260,232,0,0.0,"Premiered Sep 13, 2023",False
FNNcOoLohLE,https://www.youtube.com/watch?v=FNNcOoLohLE,DRA Global's Technological Advancements: Mining Beyond Limits,mid_clip,460,166,3,1.8072,"Premiered Sep 13, 2023",False
NVLuOKx8ySs,https://www.youtube.com/watch?v=NVLuOKx8ySs,Glencore Technology's Innovation Hub: Advancing Mining Technology,highlight,133,94,2,2.1277,"Premiered Sep 13, 2023",False
zxC2w4diSPg,https://www.youtube.com/watch?v=zxC2w4diSPg,Glencore Technology’s Eisenal: From Mine-Specific Solution to Global Innovation,highlight,159,71,0,0.0,"Premiered Sep 13, 2023",False
vXmvdzY0Jvo,https://www.youtube.com/watch?v=vXmvdzY0Jvo,Brandt and Victoria Gold Corp Tips for Project Management in Mining,highlight,163,581,7,1.2048,"Premiered Sep 12, 2023",False
inYBJfqCvSM,https://www.youtube.com/watch?v=inYBJfqCvSM,Brandt’s Fleet Management System Success Story with Victoria Gold Corp,highlight,170,80,3,3.75,"Premiered Sep 12, 2023",False
yyXaScRiVUs,https://www.youtube.com/watch?v=yyXaScRiVUs,Brandt: Fleet Management System in Action and Victoria Gold Corp's Payload Success Story #146,episode,1695,31224,16,0.0512,"Premiered Sep 12, 2023",False
hcraQZNRp5Q,https://www.youtube.com/watch?v=hcraQZNRp5Q,IBM's Vision for Digital Transformation,highlight,172,284,1,0.3521,"Premiered Sep 11, 2023",False
cF8qCgVBgDw,https://www.youtube.com/watch?v=cF8qCgVBgDw,Mining Engineering Then and Now with IBM,highlight,179,67,1,1.4925,"Premiered Sep 11, 2023",False
aR5Ubmtkrqs,https://www.youtube.com/watch?v=aR5Ubmtkrqs,"Cleaner, Greener, and Cost-Effective: Electrify Your Fleet with Zero Nox Inc",highlight,228,27,0,0.0,"Premiered Sep 11, 2023",False
3T-leUUTMxQ,https://www.youtube.com/watch?v=3T-leUUTMxQ,The Art of Branding: Animal-Themed Blasting Mats by B2B Industrial,highlight,167,54,0,0.0,"Premiered Sep 11, 2023",False
plJk2Hi_e3A,https://www.youtube.com/watch?v=plJk2Hi_e3A,Inside the World of Rubberized Industrial Mats with B2B Industrial,highlight,234,25,0,0.0,"Premiered Sep 11, 2023",False
5grFtDh2r2M,https://www.youtube.com/watch?v=5grFtDh2r2M,O3 Mining - Strategies for Sustainable Mining Growth,mid_clip,373,33,0,0.0,"Premiered Sep 6, 2023",False
7GXtvgrVeqw,https://www.youtube.com/watch?v=7GXtvgrVeqw,O3 Mining - Ethical Gold Production in the Mining Industry,highlight,275,146,2,1.3699,"Premiered Sep 6, 2023",False
DJYWZm5BJZc,https://www.youtube.com/watch?v=DJYWZm5BJZc,O3 Mining: Unveiling the Gold Rush of the Future #145,episode,2512,30163,3,0.0099,"Premiered Sep 6, 2023",False
yXnY6-mimPM,https://www.youtube.com/watch?v=yXnY6-mimPM,Hecla Mining showcases Casa Berardi's Remarkable Transformation,highlight,174,227,4,1.7621,"Premiered Sep 5, 2023",False
HUHbUrFASbE,https://www.youtube.com/watch?v=HUHbUrFASbE,Hecla Mining's Journey to Becoming Canada's Top Silver Producer,mid_clip,350,238,2,0.8403,"Premiered Sep 5, 2023",False
BOj2zTAsDKc,https://www.youtube.com/watch?v=BOj2zTAsDKc,Hecla Mining: Sustainability and Innovation with Silver and Copper Ventures #144,episode,2056,29062,11,0.0379,"Premiered Sep 5, 2023",False
f9G0a72S_IY,https://www.youtube.com/watch?v=f9G0a72S_IY,Beumer Group's Holistic Solutions for Mining Project Success,mid_clip,330,81,1,1.2346,"Premiered Aug 31, 2023",False
dX1zznqZd-A,https://www.youtube.com/watch?v=dX1zznqZd-A,Beumer Group - Exploring Complex Conveyor Solutions in Mining,mid_clip,368,281,1,0.3559,"Premiered Aug 31, 2023",False
teDpjObRNOo,https://www.youtube.com/watch?v=teDpjObRNOo,Beumer Group: The Holistic Approach to Mining Conveyors #143,episode,2488,25812,8,0.031,"Premiered Aug 31, 2023",False
dRd1ayDlbAk,https://www.youtube.com/watch?v=dRd1ayDlbAk,Fenner Dunlop & Nuera Industriel - Mining Belt Solutions Explored,highlight,277,53,0,0.0,"Premiered Aug 29, 2023",False
MPW66wWtqUM,https://www.youtube.com/watch?v=MPW66wWtqUM,Fenner Dunlop & Nuera Industriel - Maximizing Conveyor Lifespan,highlight,236,36,0,0.0,"Premiered Aug 29, 2023",False
_hK85nkaeag,https://www.youtube.com/watch?v=_hK85nkaeag,Fenner Dunlop & Nuera Industriel: Tailoring Conveyor Belts for Every Mining Company #142,episode,2094,31199,7,0.0224,"Premiered Aug 29, 2023",False
fibf0G3h9lM,https://www.youtube.com/watch?v=fibf0G3h9lM,Sofvie Inc.'s Blueprint for Successful Mining Onboarding,mid_clip,396,47,0,0.0,"Premiered Aug 28, 2023",False
xq3NQ8zrP1U,https://www.youtube.com/watch?v=xq3NQ8zrP1U,L&H Industrial - Embracing Innovation and Exploring New Industries,highlight,279,97,0,0.0,"Premiered Aug 24, 2023",False
_Z_d6xDceAk,https://www.youtube.com/watch?v=_Z_d6xDceAk,L&H Industrial - Monitoring Systems in Mining & Construction,highlight,196,43,0,0.0,"Premiered Aug 24, 2023",False
znATv99AiO4,https://www.youtube.com/watch?v=znATv99AiO4,L&H Industrial: Reviving Legacy Equipment with Innovative Solutions for Heavy Machinery #92,episode,2262,32363,8,0.0247,"Premiered Aug 24, 2023",False
TLMsQt5ig9c,https://www.youtube.com/watch?v=TLMsQt5ig9c,From Banking to Firefighting: A Journey of Service & Impact with Jeff Moore #3,episode,3056,25544,3,0.0117,"Premiered Aug 23, 2023",False
4d0f5pkMV3w,https://www.youtube.com/watch?v=4d0f5pkMV3w,Centric Mining Systems' Formula for Success: Decoding Mining Challenges,highlight,223,39,0,0.0,"Premiered Aug 22, 2023",False
ALAd89yFNaI,https://www.youtube.com/watch?v=ALAd89yFNaI,Centric Mining Systems: Empowering Mining Decision Makers with Advanced Tools,highlight,284,85,1,1.1765,"Premiered Aug 22, 2023",False
SAH7gv9XT1U,https://www.youtube.com/watch?v=SAH7gv9XT1U,Centric Mining Systems: Role in Driving Growth in Mining #141,episode,3114,31161,5,0.016,"Premiered Aug 22, 2023",False
8nKCF-zI5YA,https://www.youtube.com/watch?v=8nKCF-zI5YA,Jannatec Technologies - Smart Helmets & IoT Innovations,highlight,250,75,1,1.3333,"Premiered Aug 21, 2023",False
cHgySIWnypg,https://www.youtube.com/watch?v=cHgySIWnypg,Jannatec Technologies - Exploring Smart Mining Innovations,mid_clip,319,31,1,3.2258,"Premiered Aug 21, 2023",False
OfuA14jMSzU,https://www.youtube.com/watch?v=OfuA14jMSzU,Jannatec Technologies' Evolution in Mining Tech,episode,2389,25901,4,0.0154,"Premiered Aug 21, 2023",False
Dfo5F073pvg,https://www.youtube.com/watch?v=Dfo5F073pvg,SilverCorp Metals Inc's Global Mining Expertise: From China to Bolivia and the Philippines,highlight,223,57,1,1.7544,"Premiered Aug 17, 2023",False
aM3m7_NCVpY,https://www.youtube.com/watch?v=aM3m7_NCVpY,SilverCorp Metals Inc - Strategic Mining Investments and Sustainable Practices,highlight,207,29,0,0.0,"Premiered Aug 17, 2023",False
l3oGAuiUgsA,https://www.youtube.com/watch?v=l3oGAuiUgsA,Silvercorp Metals: Mining's Best-Kept Secrets and Global Impact on Mining and Communities #140,episode,2989,30938,13,0.042,"Premiered Aug 17, 2023",False
ovMYzRZjIY4,https://www.youtube.com/watch?v=ovMYzRZjIY4,Mining's Next Frontier: NSS Canada's Vision for U.S. Market Expansion,mid_clip,350,15,1,6.6667,"Premiered Aug 17, 2023",False
8A7XzdEesmg,https://www.youtube.com/watch?v=8A7XzdEesmg,MOSS Survey System: Redefining Underground Mining Efficiency with NSS Canada,highlight,298,65,0,0.0,"Premiered Aug 16, 2023",False
fN6jC2hDzqY,https://www.youtube.com/watch?v=fN6jC2hDzqY,Maptek Tips for Mastering Mining Challenges: Skilled Labor Shortage & Customer Culture,highlight,185,75,2,2.6667,"Premiered Aug 16, 2023",False
HPSZfpahvws,https://www.youtube.com/watch?v=HPSZfpahvws,Digging Deeper: The Impact of NSS Canada's Revolutionary Mining Solutions,episode,1749,25430,6,0.0236,"Premiered Aug 15, 2023",False
g9YQn4J04ZI,https://www.youtube.com/watch?v=g9YQn4J04ZI,"Datamine, iRing Inc, and Centric Mining Systems: Power of Partnerships in the Value Chain #139",episode,1812,25248,11,0.0436,"Premiered Aug 10, 2023",False
st-rInaX8is,https://www.youtube.com/watch?v=st-rInaX8is,Anton Paar: Battery Innovation and Breakthroughs Unveiled #43,episode,3262,31870,12,0.0377,"Premiered Aug 8, 2023",False
WanFbIBqnAE,https://www.youtube.com/watch?v=WanFbIBqnAE,"DRA Global: Mining Innovations, Sustainability, and Future Trends #138",episode,2153,28901,22,0.0761,"Premiered Aug 3, 2023",False
hS7kVdjtFZo,https://www.youtube.com/watch?v=hS7kVdjtFZo,Ausenco Part 2: Operational Readiness and Asset Optimization #137,episode,1825,31262,8,0.0256,"Premiered Aug 1, 2023",False
cW3Y8FcJ0H0,https://www.youtube.com/watch?v=cW3Y8FcJ0H0,Sofvie Inc. Empowers the Workforce for Safer Operations,highlight,177,43,1,2.3256,"Premiered Jul 25, 2023",False
vI30RpEbyl8,https://www.youtube.com/watch?v=vI30RpEbyl8,Unveiling Mining Tech Revolution: Vulcan & AI Exploration with Maptek Experts,highlight,241,191,1,0.5236,"Premiered Jul 24, 2023",False
L4uPL3cpj7k,https://www.youtube.com/watch?v=L4uPL3cpj7k,From Musician to Mayor: A Journey of Community Leadership with Mayor Mike Hurley #2,episode,2793,25453,3,0.0118,"Premiered Jul 19, 2023",False
_m6irhke1TE,https://www.youtube.com/watch?v=_m6irhke1TE,Dassault Systèmes Part 3: Transforming Mining with Virtual Twin Experiences #136,episode,3125,26376,10,0.0379,"Premiered Jul 18, 2023",False
fj0nBUgBvR8,https://www.youtube.com/watch?v=fj0nBUgBvR8,SafeSight Exploration: Discussing Digital Assets and Vertical Mining #135,episode,1895,30354,7,0.0231,"Premiered Jul 13, 2023",False
_epa9FcDN0M,https://www.youtube.com/watch?v=_epa9FcDN0M,Glencore Technology: Unveiling the Science Behind Mining Success #134,episode,1288,46377,17,0.0367,"Premiered Jul 6, 2023",False
lEu3WWVqTPc,https://www.youtube.com/watch?v=lEu3WWVqTPc,FROSKR: Unpacking Environmental Impacts #22,episode,2353,15193,9,0.0592,"Premiered Jul 5, 2023",False
zdlnxx3HqcA,https://www.youtube.com/watch?v=zdlnxx3HqcA,SMS Equipment: Exploring Decarbonization and Electrification Trends #133,episode,2124,25321,28,0.1106,"Premiered Jul 5, 2023",False
mzuB1NuYDqs,https://www.youtube.com/watch?v=mzuB1NuYDqs,SFC Energy's Solutions: Fuel Cells in Mining,highlight,172,197,2,1.0152,"Jun 28, 2023",False
IkJoUYfROkI,https://www.youtube.com/watch?v=IkJoUYfROkI,Polydeck: Redefining Vibratory Screening in the Mining Sector #132,episode,2204,30543,20,0.0655,"Premiered Jun 27, 2023",False
PCt09FDW6O0,https://www.youtube.com/watch?v=PCt09FDW6O0,Ausenco Part 1: Climate Risk and Ecosystem-Based Adaptation Strategies #131,episode,1890,30299,10,0.033,"Premiered Jun 22, 2023",False
-NRoeiT2ZLs,https://www.youtube.com/watch?v=-NRoeiT2ZLs,"Exploring Soccer, Leadership, and Personal Growth with Jay Michael DeMerit #1",episode,2953,25620,3,0.0117,"Premiered Jun 21, 2023",False
1cwdpIkb24M,https://www.youtube.com/watch?v=1cwdpIkb24M,MicroMine & Alamos Gold: Exploring Geological Insights #130,episode,1236,33338,341,1.0229,"Premiered Jun 20, 2023",False
LHzBQCr5SGY,https://www.youtube.com/watch?v=LHzBQCr5SGY,B2B Industrial - Blasting Mats for Mining and Construction,episode,1585,25981,15,0.0577,"Premiered Jun 19, 2023",False
ultW4iWtHic,https://www.youtube.com/watch?v=ultW4iWtHic,Subsite & Ditch Witch: Underground Utility Solutions for Construction Safety & Efficiency #07,episode,1299,30592,13,0.0425,"Premiered Jun 15, 2023",False
iq3k2x_4Q00,https://www.youtube.com/watch?v=iq3k2x_4Q00,"IBM Consulting: Advanced Mining Operations - AI, Cloud Solutions, and Integrated Operations #129",episode,1646,26870,15,0.0558,"Premiered Jun 14, 2023",False
s3rdHZZxTKE,https://www.youtube.com/watch?v=s3rdHZZxTKE,Maptek: Exploring the Mining Industry's Global Footprint #128,episode,1816,30765,13,0.0423,"Premiered Jun 13, 2023",False
X1PlafATPVg,https://www.youtube.com/watch?v=X1PlafATPVg,Anton Paar Unlocks the Potential of Mining Waste - Dewatering and Rare Earth Extraction,highlight,290,82,4,4.878,"Premiered Jun 12, 2023",False
6TSWZU129-k,https://www.youtube.com/watch?v=6TSWZU129-k,Diemme® Filtration's Best-selling Mining Filtration in Action,highlight,170,234,1,0.4274,"Premiered Jun 9, 2023",False
usVCD8Tw-l4,https://www.youtube.com/watch?v=usVCD8Tw-l4,Optis Engineering: Exploring the Intersection of Mining and Aerospace #127,episode,1798,30208,7,0.0232,"Premiered Jun 8, 2023",False
YaYJhrkS-aU,https://www.youtube.com/watch?v=YaYJhrkS-aU,NSS Canada: Exploring the Global Talent Landscape #21,episode,1910,15206,19,0.125,"Premiered Jun 7, 2023",False
fcndWN_vlUc,https://www.youtube.com/watch?v=fcndWN_vlUc,Sustainable Future - 3 Reasons Hydrochemolytic Technology Holds the Key,highlight,280,146,13,8.9041,"Premiered Jun 7, 2023",False
dBtlEFN63Ng,https://www.youtube.com/watch?v=dBtlEFN63Ng,Kal Tire Mining Tire Group Part 6: Recycling Solutions & Advanced Tire Technology #126,episode,997,32110,15,0.0467,"Premiered Jun 6, 2023",False
zLB7HjTgNNE,https://www.youtube.com/watch?v=zLB7HjTgNNE,SFC Energy discuss Fuel Cell Technology and Environmental Sustainability,highlight,152,98,2,2.0408,"Premiered Jun 5, 2023",False
ZQNshYE9K0E,https://www.youtube.com/watch?v=ZQNshYE9K0E,Ditch Witch: Exploring All-Terrain Drilling in the Construction Industry #06,episode,1785,32281,22,0.0682,"Premiered Jun 1, 2023",False
BNcrPIGofW8,https://www.youtube.com/watch?v=BNcrPIGofW8,Sofvie: Ensuring Safe Mining Operations #125,episode,2285,30449,4,0.0131,"Premiered May 31, 2023",False
3hk5yxY4Edk,https://www.youtube.com/watch?v=3hk5yxY4Edk,General Kinematics Part 3: Unveiling Innovative Construction Machinery #05,episode,1501,31933,5,0.0157,"Premiered May 29, 2023",False
DaOqapBCzyg,https://www.youtube.com/watch?v=DaOqapBCzyg,Dassault Systemes - How Does their 3DExperience Platform Transform the Mining Industry?,mid_clip,342,106,0,0.0,"Premiered May 26, 2023",False
TC1egHdoXaw,https://www.youtube.com/watch?v=TC1egHdoXaw,ConstructEdge & Orbit Farm Technologies: Unleashing Construction Technology #04,episode,2004,30799,8,0.026,"Premiered May 25, 2023",False
5aC9zcIeUtk,https://www.youtube.com/watch?v=5aC9zcIeUtk,SafeSight Exploration explains Underground Mapping Drones,highlight,85,449,7,1.559,"Premiered May 24, 2023",False
D1MZcejdelc,https://www.youtube.com/watch?v=D1MZcejdelc,GroundHog & Cementation Americas: Mining Digitization and Automation #124,episode,2302,29969,17,0.0567,"Premiered May 23, 2023",False
B77lTTvXsys,https://www.youtube.com/watch?v=B77lTTvXsys,Anton Paar talks about Sustainability in Mining: Innovations & Energy Self-Sufficiency,highlight,201,48,5,10.4167,"Premiered May 19, 2023",False
21UPXDBP5ig,https://www.youtube.com/watch?v=21UPXDBP5ig,Ditch Witch: Unleashing Power in Vacuum Excavation - The Warlock W12 #03,episode,1308,30709,13,0.0423,"Premiered May 18, 2023",False
pm1aOwLmA0Y,https://www.youtube.com/watch?v=pm1aOwLmA0Y,"ZeroNox: EV Construction Innovation, Merger, and Expansion Journey #02",episode,2384,30229,13,0.043,"Premiered May 17, 2023",False
N7MKbA9MHWU,https://www.youtube.com/watch?v=N7MKbA9MHWU,Mine Vision Systems: Unleashing the Power of 3D Mapping in Mining #123,episode,2198,30802,15,0.0487,"Premiered May 16, 2023",False
pLuDrWriQQw,https://www.youtube.com/watch?v=pLuDrWriQQw,Diemme® Filtration's R&D Engineers Revolutionize Mining Machinery and Filtration,highlight,92,57,2,3.5088,"Premiered May 15, 2023",False
NaGZW_u9KqU,https://www.youtube.com/watch?v=NaGZW_u9KqU,Discover the Future of Shaft Measurement with SafeSight Exploration Inc.,highlight,202,52,2,3.8462,"Premiered May 12, 2023",False
2BE0iC30NxI,https://www.youtube.com/watch?v=2BE0iC30NxI,NorthIsle Copper and Gold Inc Part 2: Insights on the Copper Revolution & Critical Minerals #122,episode,2188,31221,15,0.048,"Premiered May 11, 2023",False
Q4Qtm3wTBmM,https://www.youtube.com/watch?v=Q4Qtm3wTBmM,The Process of Hydrochemolytic Technology Explained,highlight,88,486,8,1.6461,"Premiered May 10, 2023",False
36fTMbmKLP4,https://www.youtube.com/watch?v=36fTMbmKLP4,Cranky Old Men 2023: Unofficial CIM Convention Wrap and Tap from Mining Now - Day 3,episode,1010,2039,4,0.1962,"Premiered May 2, 2023",False
kt4EViCBJg8,https://www.youtube.com/watch?v=kt4EViCBJg8,Beumer Group: Deep Dive Into Implementing Mining Conveyor Systems #121,episode,2775,25485,12,0.0471,"Premiered May 2, 2023",False
CDRrqPjRfRM,https://www.youtube.com/watch?v=CDRrqPjRfRM,Cranky Old Men 2023: Unofficial CIM Convention Wrap and Tap from Mining Now - Day 2,episode,745,1551,2,0.1289,"Premiered May 1, 2023",False
TGF80vv7T3E,https://www.youtube.com/watch?v=TGF80vv7T3E,Cranky Old Men 2023: Unofficial CIM Convention Wrap and Tap from Mining Now - Day 1,episode,790,1550,5,0.3226,"Apr 30, 2023",False
YvjOmUWO2jQ,https://www.youtube.com/watch?v=YvjOmUWO2jQ,DMH: Discovering Solutions for Seals #01,episode,1783,30575,10,0.0327,"Premiered Apr 28, 2023",False
zkfRzvdn7Zo,https://www.youtube.com/watch?v=zkfRzvdn7Zo,Imperial Oil & Finning: Sustainable Future in Canadian Mining #120,episode,2166,30382,13,0.0428,"Premiered Apr 27, 2023",False
JqJtmDoW_3Q,https://www.youtube.com/watch?v=JqJtmDoW_3Q,Epiroc: From Data to Value - Epiroc's Mining Software Solutions Explained #119,episode,1356,33757,16,0.0474,"Premiered Apr 21, 2023",False
w9_kNOoHvyw,https://www.youtube.com/watch?v=w9_kNOoHvyw,SFC Energy: Powering the Mining Industry with EFOY Fuel Cells #118,episode,1151,31017,12,0.0387,"Premiered Apr 20, 2023",False
BQRd5Xaeb24,https://www.youtube.com/watch?v=BQRd5Xaeb24,FROSKR: The Role of Sustainable Mining in Climate Change #117,episode,2109,27473,10,0.0364,"Premiered Apr 20, 2023",False
z-W9IocRaFA,https://www.youtube.com/watch?v=z-W9IocRaFA,SafeSight Exploration: Transforming Mining Safety #116,episode,1832,30480,5,0.0164,"Premiered Apr 19, 2023",False
hhQr-SrHDno,https://www.youtube.com/watch?v=hhQr-SrHDno,Geographe Part 3: Exploring Geographe's Cutting-Edge Mining Equipment Manufacturing Facility #115,episode,3332,24881,13,0.0522,"Premiered Apr 18, 2023",False
jikSVInVNJ0,https://www.youtube.com/watch?v=jikSVInVNJ0,Anton Paar: The Power of Hydrogen - Anton Paar's Latest Innovations for Mining #114,episode,2659,27632,16,0.0579,"Premiered Apr 17, 2023",False
NNyu_mST-wo,https://www.youtube.com/watch?v=NNyu_mST-wo,Diemme® Filtration: Revolutionizing Solid-Liquid Separation #113,episode,1311,30206,17,0.0563,"Premiered Apr 17, 2023",False
Veen_5QJLs4,https://www.youtube.com/watch?v=Veen_5QJLs4,OIM Consulting: The Transformative Power of Coaching in Mining #112,episode,3317,29987,7,0.0233,"Premiered Apr 13, 2023",False
LiUIqEZCpTA,https://www.youtube.com/watch?v=LiUIqEZCpTA,Technica Mining & Sofvie: Improving Culture with Data - A Live Case Study Event at PDAC2023 #20,episode,3359,14787,6,0.0406,"Premiered Apr 12, 2023",False
ZBdcrnblmaU,https://www.youtube.com/watch?v=ZBdcrnblmaU,Hexagon Mining Part 2: Is Africa Ready for Autonomous Mining? #111,episode,1775,30496,12,0.0393,"Premiered Apr 11, 2023",False
TMtQ1m4Ebsw,https://www.youtube.com/watch?v=TMtQ1m4Ebsw,Geographe Part 2: The Secrets to Increase Productivity and Efficiency in Mining and Processing #110,episode,2772,26592,32,0.1203,"Premiered Apr 4, 2023",False
qeQZOClr2Bc,https://www.youtube.com/watch?v=qeQZOClr2Bc,"Hexagon’s 3 Pillars of Growth - Mining Technology, Future Investments, and Partnerships",mid_clip,343,70,4,5.7143,"Premiered Mar 31, 2023",False
eN6IG--XrDY,https://www.youtube.com/watch?v=eN6IG--XrDY,Power Generation & Rebuilding Wind Turbine Shafts to Last with L&H Industrial,mid_clip,411,84,5,5.9524,"Premiered Mar 29, 2023",False
ljxVdbIcZ7k,https://www.youtube.com/watch?v=ljxVdbIcZ7k,Dassault Systèmes Part 2: An Inside Look at the 3DEXPERIENCE Platform #109,episode,2882,25821,30,0.1162,"Premiered Mar 28, 2023",False
E84H1_2CwPc,https://www.youtube.com/watch?v=E84H1_2CwPc,General Kinematics' Two-Mass Screen Solution for Overloading and Efficiency Issues in Mining,highlight,138,35,3,8.5714,"Premiered Mar 24, 2023",False
yYkrS97gOmE,https://www.youtube.com/watch?v=yYkrS97gOmE,Kaizen Safety Group Inc: Build a Strong Safety Culture #42,episode,3496,30083,9,0.0299,"Premiered Mar 23, 2023",False
Hw0av7BSttg,https://www.youtube.com/watch?v=Hw0av7BSttg,Geographe Part 1: The Importance of Aftermarket Parts & Solutions in the Mining Industry #108,episode,3577,37462,35,0.0934,"Premiered Mar 21, 2023",False
r3fXV2xvwdw,https://www.youtube.com/watch?v=r3fXV2xvwdw,Revolutionizing Tire Recycling in Mining with the Maple Program,highlight,124,82,4,4.878,"Premiered Mar 20, 2023",False
L7WlATa_QDo,https://www.youtube.com/watch?v=L7WlATa_QDo,Hexagon's Collision Avoidance System and Cerrejón's Mining Safety Success,highlight,260,634,7,1.1041,"Premiered Mar 17, 2023",False
I1dU-2VgOko,https://www.youtube.com/watch?v=I1dU-2VgOko,OptiSeis Solutions: Unveiling Cutting-Edge Seismic Software Capabilities #107,episode,3219,25708,8,0.0311,"Premiered Mar 16, 2023",False
JpOX_27Sq7w,https://www.youtube.com/watch?v=JpOX_27Sq7w,"L&H Industrial talks about their NASA Project - 18,000 Pages, 21 Million Pounds, 0 Room for Failure",mid_clip,398,113,4,3.5398,"Premiered Mar 15, 2023",False
TrOVGw1gKB0,https://www.youtube.com/watch?v=TrOVGw1gKB0,General Kinematics features Copper Mountain’s Amazing Vibrating Two-Mass Screen Results,highlight,174,225,2,0.8889,"Premiered Mar 14, 2023",False
AOb-loZ3TzE,https://www.youtube.com/watch?v=AOb-loZ3TzE,Kal Tire Mining - Recycling toward a Circular Economy - Mining Tire Recycling,highlight,187,304,1,0.3289,"Premiered Mar 10, 2023",False
jfgt8ZBcuCk,https://www.youtube.com/watch?v=jfgt8ZBcuCk,Savona Equipment Part 4: FOR SALE - 1 Million+ tons per Annum Gold and Silver CIL Plant #106,episode,922,21267,20,0.094,"Premiered Mar 6, 2023",False
SFuBGqMgjW0,https://www.youtube.com/watch?v=SFuBGqMgjW0,Savona Equipment Part 4: 1+ Million Tons Per Year Gold and Silver CIL Plant #106,episode,1533,35854,39,0.1088,"Premiered Mar 6, 2023",False
BBceCgYN1y4,https://www.youtube.com/watch?v=BBceCgYN1y4,No-CAPEX for sustainable solutions? No Problem!,highlight,74,29,2,6.8966,"Premiered Feb 27, 2023",False
ElDfw4MGf9w,https://www.youtube.com/watch?v=ElDfw4MGf9w,True Stories with William Donnellan - “I told my wife I was fired”,mid_clip,370,191,0,0.0,"Premiered Feb 23, 2023",False
wk6dGaIkf7Q,https://www.youtube.com/watch?v=wk6dGaIkf7Q,Gekko Systems: Mineral Processing Solutions for Gold and Critical Minerals #105,episode,2147,31353,31,0.0989,"Premiered Feb 22, 2023",False
CBGgHg6X-RU,https://www.youtube.com/watch?v=CBGgHg6X-RU,Technica Group: Digital Transformation Tips and Strategies #19,episode,2138,18468,7,0.0379,"Premiered Feb 22, 2023",False
3Uu0doauuz8,https://www.youtube.com/watch?v=3Uu0doauuz8,GeoGlobal talks about Finding & Equipping The Right People In Mining,mid_clip,406,67,3,4.4776,"Premiered Feb 17, 2023",False
7TK4XS5OBHQ,https://www.youtube.com/watch?v=7TK4XS5OBHQ,Datamine Part 1: Digitizing the Entire Mining Value Chain #104,episode,2071,25695,26,0.1012,"Premiered Feb 16, 2023",False
IhHIi61WfZI,https://www.youtube.com/watch?v=IhHIi61WfZI,"Understanding Equipment Attachment - Excavators, Wheel Loaders, Motor Graders, & More",highlight,230,113,3,2.6549,"Premiered Feb 15, 2023",False
UAWug6qfovI,https://www.youtube.com/watch?v=UAWug6qfovI,Northisle Copper and Gold Inc Part 1: The Future of Copper and Gold Mining in Canada #103,episode,3517,27742,12,0.0433,"Premiered Feb 14, 2023",False
WMD3pnCxI4A,https://www.youtube.com/watch?v=WMD3pnCxI4A,FROSKR's HyLoENVIRO - Real-time Environmental Monitoring System,highlight,183,66,0,0.0,"Premiered Feb 13, 2023",False
0k8IP5VH8z8,https://www.youtube.com/watch?v=0k8IP5VH8z8,"Mineral Process Control: Understanding Gold Cyanidation, Leachwells, & Assay Tabs #102",episode,1902,1226,17,1.3866,"Premiered Feb 10, 2023",False
SfRRv826aZk,https://www.youtube.com/watch?v=SfRRv826aZk,Introducing a 4-Part Series with Datamine on the Mining Value Chain,highlight,72,130,3,2.3077,"Premiered Feb 9, 2023",False
Vsfua4AtyDQ,https://www.youtube.com/watch?v=Vsfua4AtyDQ,Fenner Dunlop: Different Types of Conveyor Solutions for Agriculture #9,episode,2332,35998,15,0.0417,"Premiered Feb 8, 2023",False
E_gLthWQF8c,https://www.youtube.com/watch?v=E_gLthWQF8c,WipWare's WipFrag™ Image Analysis Software for the Mining Industry,highlight,145,996,11,1.1044,"Premiered Feb 3, 2023",False
3vK7duAgXAo,https://www.youtube.com/watch?v=3vK7duAgXAo,SafeGauge: Making Heavy Industry Safer with Wireless Testing Solutions #101,episode,1457,26703,4,0.015,"Premiered Feb 1, 2023",False
E6nj7FRrdcc,https://www.youtube.com/watch?v=E6nj7FRrdcc,"MacLean Engineering: Electrification, Expansion, and Underground Mining Solutions in Australia",episode,2076,25149,7,0.0278,"Premiered Jan 31, 2023",False
us0l-Rb5ucM,https://www.youtube.com/watch?v=us0l-Rb5ucM,Terrapin Geothermics and Exergy International - 21st Century Collaboration,highlight,197,69,0,0.0,"Premiered Jan 27, 2023",False
qWGuhgNFah4,https://www.youtube.com/watch?v=qWGuhgNFah4,Dotmar Engineering Plastics: Mining & Bulk Solid Handling #99,episode,2613,29395,3,0.0102,"Premiered Jan 26, 2023",False
GlS4ZVTPUR0,https://www.youtube.com/watch?v=GlS4ZVTPUR0,Syncrude Canada: Impactful Safety Cultures #18,episode,2237,18386,5,0.0272,"Premiered Jan 25, 2023",False
GCrs1dVusyk,https://www.youtube.com/watch?v=GCrs1dVusyk,PX4 Software: Simplifying the Complexities of Mining Leases #98,episode,3246,50663,16,0.0316,"Premiered Jan 24, 2023",False
Z_22fvrh5fg,https://www.youtube.com/watch?v=Z_22fvrh5fg,NORCAT: Mining Transformed 2022,highlight,176,154,4,2.5974,"Premiered Jan 19, 2023",False
X0GqXtzOorM,https://www.youtube.com/watch?v=X0GqXtzOorM,Nationwide Boilers: The Boiler Rental Experts for Industrial Plants &  Unplanned Downtime #41,episode,1962,30644,10,0.0326,"Premiered Jan 17, 2023",False
XnEUxmCQdYQ,https://www.youtube.com/watch?v=XnEUxmCQdYQ,"Enhanced Scanning: Ensuring Safety, Accuracy, &  Finding Private Utilities in Construction #91",episode,2811,37131,6,0.0162,"Premiered Jan 16, 2023",False
03uKiHl0z6U,https://www.youtube.com/watch?v=03uKiHl0z6U,"Promine’s Surveying Modules - Compatible with Leica, Autocad, Civil 3D, Briscad",highlight,251,60,2,3.3333,"Premiered Jan 13, 2023",False
cHyuikTrqr4,https://www.youtube.com/watch?v=cHyuikTrqr4,Cyient: Discover the Secrets of the Future of Connected and Sustainable Mining #97,episode,1496,40925,47,0.1148,"Premiered Jan 12, 2023",False
tGrrzadCpBE,https://www.youtube.com/watch?v=tGrrzadCpBE,"5 Irish Pubs In Vancouver BC - Authentic, Great Food, Best Beer!",episode,585,988,0,0.0,"Premiered Jan 10, 2023",False
w9TqJiQ52Po,https://www.youtube.com/watch?v=w9TqJiQ52Po,GeoGlobal LLC asks: Is the Mining Industry Sourcing the Right People Globally?,episode,509,26,3,11.5385,"Premiered Jan 9, 2023",False
AX9R6K0HxDQ,https://www.youtube.com/watch?v=AX9R6K0HxDQ,IVEY Group discuss Supporting & Retaining Migrant Workers for Your Business,highlight,228,223,7,3.139,"Premiered Jan 6, 2023",False
8uGp12lFtDs,https://www.youtube.com/watch?v=8uGp12lFtDs,KORE Geosystems: How SPECTOR Is Revolutionizing the Core Shack #96,episode,2690,29566,49,0.1657,"Premiered Jan 5, 2023",False
pUrpPs9tDig,https://www.youtube.com/watch?v=pUrpPs9tDig,"Daequip Is Hiring - Finding Quality CNC Machinists, Welders, Fabricators, Mechanical Designers",highlight,150,77,3,3.8961,"Premiered Jan 4, 2023",False
9QFbvSN98cU,https://www.youtube.com/watch?v=9QFbvSN98cU,Northern Wildflowers' Mine Restoration & Flowers,highlight,197,61,1,1.6393,"Premiered Dec 22, 2022",False
BT3SAtY4S78,https://www.youtube.com/watch?v=BT3SAtY4S78,Hexagon Mining Part 1: A Path to Freedom with an Autonomous Future #95,episode,1856,32987,21,0.0637,"Premiered Dec 21, 2022",False
I2aWnwOj4OU,https://www.youtube.com/watch?v=I2aWnwOj4OU,Corporate Traveller - Melon Technology - A New and Go To Corporate Travel Platform,mid_clip,326,1464,6,0.4098,"Premiered Dec 20, 2022",False
AiNhXUCi3aE,https://www.youtube.com/watch?v=AiNhXUCi3aE,"Beumer Group’s U-Type Conveyor for Mass Flows, Tight Curve Radii, & Limited Space",highlight,150,210,1,0.4762,"Premiered Dec 16, 2022",False
KydQjvO0ZIQ,https://www.youtube.com/watch?v=KydQjvO0ZIQ,MineSense - SHOVELSENSE® & The Power of Ore Data Visibility,highlight,138,626,5,0.7987,"Premiered Dec 15, 2022",False
iJ6UW2N7b5g,https://www.youtube.com/watch?v=iJ6UW2N7b5g,Dr. Joel Moody: Safety in the workplace and Buy In to Safety Culture #17,episode,2208,14135,10,0.0707,"Premiered Dec 14, 2022",False
ZKeahMOoq_E,https://www.youtube.com/watch?v=ZKeahMOoq_E,"Symboticware: Mining Trends, 4-Sight.ai, & Expansion #94",episode,2387,37344,25,0.0669,"Premiered Dec 13, 2022",False
hYeO1NHnwnY,https://www.youtube.com/watch?v=hYeO1NHnwnY,"GEOVIA - Digital Twins & Mining Software for Geologists, Engineers, Surveyors, & Mine Management",highlight,213,576,6,1.0417,"Premiered Dec 9, 2022",False
F1k0AmFOyrY,https://www.youtube.com/watch?v=F1k0AmFOyrY,LiveMine Solutions: Incredible Personal Management System for Mining #93,episode,2491,40789,23,0.0564,"Premiered Dec 7, 2022",False
EpNu70bW3iw,https://www.youtube.com/watch?v=EpNu70bW3iw,GKN Powder Metallurgy: A Metal Solutions Provider & Electrification #90,episode,2526,44429,31,0.0698,"Premiered Dec 6, 2022",False
H1MIR02DEhs,https://www.youtube.com/watch?v=H1MIR02DEhs,Frontier Lithium's PAK Lithium Project - Highest Grade & Canadian,mid_clip,394,1031,20,1.9399,"Premiered Nov 30, 2022",False
IT6e9KIbXTM,https://www.youtube.com/watch?v=IT6e9KIbXTM,Epiroc: Mining and Construction Products & Equipment #92,episode,1320,37930,51,0.1345,"Premiered Nov 24, 2022",False
5Sd7NP_yAkI,https://www.youtube.com/watch?v=5Sd7NP_yAkI,BBE Group: Designing Mine Ventilation & Cooling Systems Worldwide #91,episode,1900,30646,44,0.1436,"Premiered Nov 23, 2022",False
0NO2nZtDw2M,https://www.youtube.com/watch?v=0NO2nZtDw2M,Anton Paar: Battery Materials Characterization #40,episode,2655,26805,12,0.0448,"Premiered Nov 22, 2022",False
2pNibwt8pyc,https://www.youtube.com/watch?v=2pNibwt8pyc,The SmartCone: How Critical is Process Verification #16,episode,1419,11693,4,0.0342,"Premiered Nov 16, 2022",False
nzyqf043-0U,https://www.youtube.com/watch?v=nzyqf043-0U,Rogers Communications & NORCAT: The Future of Mining and How It All Connects #90,episode,3275,40776,13,0.0319,"Premiered Nov 15, 2022",False
EmCv1321q_E,https://www.youtube.com/watch?v=EmCv1321q_E,"Brandt: Mining Equipment, Manufacturing, & Technology - Largest John Deere Dealer #88",episode,1393,30806,4,0.013,"Premiered Nov 9, 2022",False
Gmm0Ipauff0,https://www.youtube.com/watch?v=Gmm0Ipauff0,"Mineral Process Control's PAL 1000 - Fast, High-Quality, Low-cost, Onsite Gold Assays",episode,683,432,2,0.463,"Premiered Nov 8, 2022",False
71xk3B7aBvU,https://www.youtube.com/watch?v=71xk3B7aBvU,Micromine & Mining NOW Special: The Next Generation of Technology for Mining #89,episode,1976,31684,25,0.0789,"Nov 6, 2022",False
tkvyh-ESto0,https://www.youtube.com/watch?v=tkvyh-ESto0,Voice-over + Commercial - We Add Voice-over To Your In-house Footage,short,37,106,2,1.8868,"Oct 28, 2022",False
0lilXDgM4aM,https://www.youtube.com/watch?v=0lilXDgM4aM,Conversational Ad - Host and Co-host Promote Through Natural Conversation,highlight,74,30,0,0.0,"Oct 28, 2022",False
f9D2TAkp0k8,https://www.youtube.com/watch?v=f9D2TAkp0k8,Global Infrastructure for Power Grid Sources,episode,553,133,11,8.2707,"Premiered Oct 28, 2022",False
X9ROWgrZ5y8,https://www.youtube.com/watch?v=X9ROWgrZ5y8,Di-Corp showcases Possibly The World’s Most Reliable Drilling Rods,highlight,194,155,11,7.0968,"Premiered Oct 26, 2022",False
zU7V4xgukzM,https://www.youtube.com/watch?v=zU7V4xgukzM,"Mining Projection Concepts (MPC):  Consulting for Geology, Mine Planning, and Surveying #84",episode,2614,31968,37,0.1157,"Premiered Oct 24, 2022",False
fT4YrIRWubc,https://www.youtube.com/watch?v=fT4YrIRWubc,IBM supports the Mining Industry with AI Technology,mid_clip,435,447,6,1.3423,"Premiered Oct 21, 2022",False
qH84yxWwPeI,https://www.youtube.com/watch?v=qH84yxWwPeI,Pump & Abrasion Technologies: Impact-Reducing Slurry Pump Solutions #83,episode,2683,27465,18,0.0655,"Premiered Oct 20, 2022",False
96zTxt0DzNk,https://www.youtube.com/watch?v=96zTxt0DzNk,Free Radical Process Design: Amazing Novel Electrowinning Technology - Rotowinner™ #82,episode,2195,32035,25,0.078,"Premiered Oct 19, 2022",False
6_k3HHw-6hw,https://www.youtube.com/watch?v=6_k3HHw-6hw,Rogers Communications explains Private Wireless Network Deployment,episode,679,244,7,2.8689,"Premiered Oct 18, 2022",False
cAXDQrF4SxU,https://www.youtube.com/watch?v=cAXDQrF4SxU,OptiSeis Solutions: Changing Seismic Exploration Landscape #39,episode,2725,34159,16,0.0468,"Premiered Oct 17, 2022",False
jLAftuMhRxk,https://www.youtube.com/watch?v=jLAftuMhRxk,Minerva's DRIVER Software - AI to Revolutionize the Speed and Utility of Geoscience Modeling,mid_clip,359,182,11,6.044,"Premiered Oct 7, 2022",False
12sPJSzNYZE,https://www.youtube.com/watch?v=12sPJSzNYZE,"Kal Tire Mining Group Part 5: Electra Mining in South Africa - Technology, Partnerships, & More! #81",episode,2200,31844,14,0.044,"Oct 6, 2022",False
DF_FySa1ZwE,https://www.youtube.com/watch?v=DF_FySa1ZwE,Green Technology Metals Flagship: The Seymour Project,highlight,262,105,3,2.8571,"Premiered Sep 30, 2022",False
-hFKY_4o5O0,https://www.youtube.com/watch?v=-hFKY_4o5O0,"IRL Group: Irish Pubs, Construction, & Getting Fired #89",episode,2644,19023,14,0.0736,"Premiered Sep 29, 2022",False
9emMfvw_vbc,https://www.youtube.com/watch?v=9emMfvw_vbc,DMC Mining explores Innovation vs Reliability in Mining,highlight,207,250,4,1.6,"Premiered Sep 28, 2022",False
78awx2-eyag,https://www.youtube.com/watch?v=78awx2-eyag,"IVEY Group: Immigration, Labour Shortages, & Canadian Winters #80",episode,2706,14347,41,0.2858,"Premiered Sep 27, 2022",False
oDHWNNxqo4A,https://www.youtube.com/watch?v=oDHWNNxqo4A,GSPS: Transforming the Mental Health Support System #15,episode,1473,7753,3,0.0387,"Premiered Sep 26, 2022",False
Rm78BpfshPc,https://www.youtube.com/watch?v=Rm78BpfshPc,Aspen Technology | AI & Asset Performance Management for Digital Transformation,highlight,293,148,4,2.7027,"Premiered Sep 23, 2022",False
OgNEqKFbkiQ,https://www.youtube.com/watch?v=OgNEqKFbkiQ,SensorUp | Digital Nervous System For Organizational Execution,mid_clip,364,78,3,3.8462,"Premiered Sep 22, 2022",False
mobfcJF1O58,https://www.youtube.com/watch?v=mobfcJF1O58,MacLean Engineering: Engineered Design & Manufacturing Excellence for Mining #87,episode,2281,35973,35,0.0973,"Premiered Sep 21, 2022",False
TX2FCbAhx9I,https://www.youtube.com/watch?v=TX2FCbAhx9I,Quattro Project Engineering: Amazing Backfill Systems & Partnership with Rock-Tech #86,episode,2077,33134,14,0.0423,"Premiered Sep 20, 2022",False
r0Jd67MyGx4,https://www.youtube.com/watch?v=r0Jd67MyGx4,Enlighten Innovations | One Solution to Solve Several Needs,highlight,151,27,3,11.1111,"Premiered Sep 19, 2022",False
j2TN6_9nsYo,https://www.youtube.com/watch?v=j2TN6_9nsYo,"Ideon Technologies | CEO Values: Boldly Ambitious, Exceptionally Human",highlight,103,59,1,1.6949,"Premiered Sep 16, 2022",False
4Jjrd8mN1L8,https://www.youtube.com/watch?v=4Jjrd8mN1L8,Mineral Process Control:  Gold Mining & Assaying Chemicals and Technologies #85,episode,2511,35635,32,0.0898,"Premiered Sep 15, 2022",False
c5st2BZY7Dw,https://www.youtube.com/watch?v=c5st2BZY7Dw,DMC Mining Services: Building Tomorrow’s Mines #79,episode,3390,32055,38,0.1185,"Premiered Sep 14, 2022",False
fo6BNHniOKQ,https://www.youtube.com/watch?v=fo6BNHniOKQ,WipWare: WipFrag & Solo - Real-time Material Analysis Systems & Software #78,episode,2073,25067,20,0.0798,"Premiered Sep 14, 2022",False
wDMUoYHlg_c,https://www.youtube.com/watch?v=wDMUoYHlg_c,MELA | The Path Forward Goes Through Collaboration,highlight,229,14,1,7.1429,"Premiered Sep 12, 2022",False
DALkwjXxbUI,https://www.youtube.com/watch?v=DALkwjXxbUI,SensorUp | Reducing Methane Emissions for the Energy Industry,mid_clip,421,57,2,3.5088,"Premiered Sep 9, 2022",False
n9TX9bqpu8w,https://www.youtube.com/watch?v=n9TX9bqpu8w,Di-Corp: Best-In-Class Drilling Supplies & Equipment #77,episode,1241,37164,31,0.0834,"Premiered Sep 8, 2022",False
ipIKc5OvocA,https://www.youtube.com/watch?v=ipIKc5OvocA,Monarch Tractor | The Challenges of Building An EV Tractor,highlight,162,34,2,5.8824,"Premiered Sep 7, 2022",False
SJxjDNkNjK8,https://www.youtube.com/watch?v=SJxjDNkNjK8,Daequip: Expanding Operations & Adapting to Supply Chain Challenges with Equipment Attachments #88,episode,3518,20248,11,0.0543,"Premiered Sep 6, 2022",False
tFXUgcA2cyE,https://www.youtube.com/watch?v=tFXUgcA2cyE,Hexagon | Values and Partnerships for the Mining Industry,highlight,201,70,3,4.2857,"Premiered Sep 2, 2022",False
D_Eg1SI-4Wk,https://www.youtube.com/watch?v=D_Eg1SI-4Wk,Corporate Traveller: Business Travel Where Tech & People Work Collectively #76,episode,1504,24685,7,0.0284,"Premiered Sep 1, 2022",False
aSyvL0Mb4u8,https://www.youtube.com/watch?v=aSyvL0Mb4u8,Savona Equipment Part 3: Maintaining a High Standard for Buyers & Sellers #75,episode,1982,35424,18,0.0508,"Premiered Aug 31, 2022",False
epmivTvtRJc,https://www.youtube.com/watch?v=epmivTvtRJc,Green Technology Metals: Building the Pre-Eminent Lithium Business in Ontario Canada #74,episode,1483,36737,32,0.0871,"Premiered Aug 30, 2022",False
Unza--s9790,https://www.youtube.com/watch?v=Unza--s9790,Ideon Technologies | Multiple Deployments of Borehole Muon Detectors,highlight,175,95,3,3.1579,"Premiered Aug 29, 2022",False
yxlypB2W4iU,https://www.youtube.com/watch?v=yxlypB2W4iU,Enlighten Innovations | Desire to Decarbonize,mid_clip,393,35,3,8.5714,"Premiered Aug 26, 2022",False
eyhbHDAS4A4,https://www.youtube.com/watch?v=eyhbHDAS4A4,Proton Technologies Gives New Life to Oil Fields,episode,2364,1180,13,1.1017,"Premiered Aug 25, 2022",False
JbUvYTexkl4,https://www.youtube.com/watch?v=JbUvYTexkl4,NORCAT: Underground Centre & Mining Transformed #73,episode,2705,35717,36,0.1008,"Premiered Aug 24, 2022",False
aFtR6TXfnKI,https://www.youtube.com/watch?v=aFtR6TXfnKI,Promine: How To Develop User- Friendly Solutions for Mining #72,episode,2352,31904,19,0.0596,"Premiered Aug 23, 2022",False
g2AB-n6lRWk,https://www.youtube.com/watch?v=g2AB-n6lRWk,Norseman Structures | 5 Reasons You Should Choose A Fabric Covered Building,mid_clip,412,78,1,1.2821,"Premiered Aug 19, 2022",False
2PJcvtOl3yg,https://www.youtube.com/watch?v=2PJcvtOl3yg,FROSKR: Environmental Stewardship Reimagined with Kati​ McCartney #71,episode,1912,41811,23,0.055,"Premiered Aug 18, 2022",False
FKJcXu8Yc-U,https://www.youtube.com/watch?v=FKJcXu8Yc-U,"MELA | Measurement, Mitigation, and Monitoring for Data Driven Advancements",highlight,236,48,2,4.1667,"Premiered Aug 17, 2022",False
W6pDQKrVglk,https://www.youtube.com/watch?v=W6pDQKrVglk,MineSense: Pioneering Digital Ore Body Mining Solutions with SHOVELSENSE® #70,episode,1483,28695,18,0.0627,"Premiered Aug 16, 2022",False
fEHUPGCoWxE,https://www.youtube.com/watch?v=fEHUPGCoWxE,Monarch Tractor | Learning from Tesla and Toyota for EV Tractor Manufacturing,highlight,274,105,3,2.8571,"Aug 12, 2022",False
vWMGpJ2fHhs,https://www.youtube.com/watch?v=vWMGpJ2fHhs,Terrapin & Exergy: Heating up to Net-Zero with Emission Free Energy Projects #38,episode,1582,33970,9,0.0265,"Premiered Aug 11, 2022",False
t2ZeSDzMCy0,https://www.youtube.com/watch?v=t2ZeSDzMCy0,Beumer Group: Engineering Conveyors & Conveying Technology #69,episode,1624,30773,17,0.0552,"Premiered Aug 10, 2022",False
lEGr_e7Yvg8,https://www.youtube.com/watch?v=lEGr_e7Yvg8,E3 Lithium: Unlocking a New Source of Canadian Lithium & Sustainable Energy #37,episode,2011,54403,46,0.0846,"Premiered Aug 9, 2022",False
zytVo3oLyDk,https://www.youtube.com/watch?v=zytVo3oLyDk,Norseman Structures | Amazing Strength! Fabric that Can Hold an F150?,highlight,110,133,2,1.5038,"Premiered Aug 8, 2022",False
mnEbcxyzAwQ,https://www.youtube.com/watch?v=mnEbcxyzAwQ,Hexagon | Autonomous Mining - New Build System & Incremental Gain,highlight,288,110,3,2.7273,"Premiered Aug 5, 2022",False
7gCPGE7kGa4,https://www.youtube.com/watch?v=7gCPGE7kGa4,"ZeroNox: Upgraded Powertrain Platform, ZEPP 2.0, & Partnerships #87",episode,3838,37601,20,0.0532,"Premiered Aug 4, 2022",False
yuONsBtz93s,https://www.youtube.com/watch?v=yuONsBtz93s,RPM Global | AMT for Over 50% of the World's Large Mining Equipment,mid_clip,384,233,5,2.1459,"Premiered Aug 3, 2022",False
IKbF2RuWbR8,https://www.youtube.com/watch?v=IKbF2RuWbR8,Aduro Clean Technologies: Transforming Waste Into A 21st Century Resource #36,episode,1760,28668,33,0.1151,"Premiered Aug 2, 2022",False
9nk8bb3sd_0,https://www.youtube.com/watch?v=9nk8bb3sd_0,Railveyor | Ring of Fire Electrification & KWG Resources,highlight,246,508,8,1.5748,"Premiered Jul 29, 2022",False
T5ev-4xBYfU,https://www.youtube.com/watch?v=T5ev-4xBYfU,Fenner Dunlop: Designs & Manufacturing of CARCASS SERIES Conveyor Belts #68,episode,2022,26622,20,0.0751,"Premiered Jul 28, 2022",False
UfNQvbaw_10,https://www.youtube.com/watch?v=UfNQvbaw_10,Bit Service | Carbide Tools -  Expands Into Carbide Cutting Consumables,highlight,169,236,8,3.3898,"Premiered Jul 27, 2022",False
Xrr4LGF6Oe0,https://www.youtube.com/watch?v=Xrr4LGF6Oe0,Northern Wildflowers: Producing Native Flower Seed & Seed Enhancement Technologies #67,episode,1750,27032,10,0.037,"Premiered Jul 26, 2022",False
VTKnWQon2ns,https://www.youtube.com/watch?v=VTKnWQon2ns,"GeoGlobal: Mergers & Acquisitions, Transparency, & Bringing the Right People #66",episode,3981,16524,4,0.0242,"Premiered Jul 25, 2022",False
jyAOZvn4STU,https://www.youtube.com/watch?v=jyAOZvn4STU,Clear Motive: Crafting Internal Marketing & Sales Strategies - Your Brand's Values & Culture #14,episode,1830,9057,1,0.011,"Jul 22, 2022",False
RsAu8YfzpZc,https://www.youtube.com/watch?v=RsAu8YfzpZc,Bit Service Company: Carbide Tools & Cutting Assembly Design and Manufacturing #65,episode,1355,31087,5,0.0161,"Jul 20, 2022",False
369kJLOUqjM,https://www.youtube.com/watch?v=369kJLOUqjM,Star West Petroleum: Exclusive Phillips 66 Distributor & Building Trust #64,episode,2981,28405,12,0.0422,"Jul 14, 2022",False
ObEqD_WiRT8,https://www.youtube.com/watch?v=ObEqD_WiRT8,Frontier Lithium: The Next Frontier of Electric & Lithium from Canada #63,episode,1563,37772,56,0.1483,"Jun 29, 2022",False
58SRZx_zpm8,https://www.youtube.com/watch?v=58SRZx_zpm8,"Kal Tire Mining Part 4: Expect More Sustainability, More Leadership, More Innovation #62",episode,1253,46231,59,0.1276,"Jun 24, 2022",False
nio6qWppYaQ,https://www.youtube.com/watch?v=nio6qWppYaQ,Dassault Systèmes Part 1: Geovia - 3D EXPERIENCE Mine Software & Industry Solutions #61,episode,1579,40167,81,0.2017,"Jun 23, 2022",False
OZghmDdmh_E,https://www.youtube.com/watch?v=OZghmDdmh_E,L&H Industrial: Mining Technologies & NASA Space Projects #86,episode,2836,37386,55,0.1471,"Jun 21, 2022",False
gHYQDf22lrE,https://www.youtube.com/watch?v=gHYQDf22lrE,General Kinematics Part 2: Efficient Two-Mass Vibrating Screens with Low Power Use #60,episode,1703,34159,28,0.082,"Jun 20, 2022",False
8sEokv_VKkA,https://www.youtube.com/watch?v=8sEokv_VKkA,A&M Remediation: The Big Questions About ESG #13,episode,2572,8359,1,0.012,"Jun 16, 2022",False
xTuw0ftrbHA,https://www.youtube.com/watch?v=xTuw0ftrbHA,IBM: Supporting Mining & Making Their Digital Ambitions A Reality #59,episode,1880,30678,9,0.0293,"Jun 14, 2022",False
y2T-5ckmUhg,https://www.youtube.com/watch?v=y2T-5ckmUhg,Expert Geophysics: From Innovations to Discoveries To Increase Exploration success #58,episode,2716,26390,20,0.0758,"Jun 9, 2022",False
URO3d4BdX0E,https://www.youtube.com/watch?v=URO3d4BdX0E,Minerva Intelligence: DRIVER - Automatic 3D Geoscience Modelling using AI #57,episode,3037,28584,16,0.056,"Jun 9, 2022",False
rAnOjwKe5bk,https://www.youtube.com/watch?v=rAnOjwKe5bk,"Rogers: Communication & Connection In Mining, 5G, Digital transformation, & Automation #56",episode,1650,24975,16,0.0641,"Jun 6, 2022",False
r0akZt6JBds,https://www.youtube.com/watch?v=r0akZt6JBds,CleanSeed | The World's Most Advanced Seeding and Planting Technology,episode,1903,8763,101,1.1526,"May 30, 2022",False
KzxZ98uDP_Y,https://www.youtube.com/watch?v=KzxZ98uDP_Y,SensorUp: Interconnecting the World’s IoT data #35,episode,2535,42013,53,0.1262,"May 27, 2022",False
Jis8ZY-zw4w,https://www.youtube.com/watch?v=Jis8ZY-zw4w,Aspen Technology: Bringing AI Modeling to Traditional Principles of Process Engineering #55,episode,1486,34334,22,0.0641,"May 26, 2022",False
AZKHdBp0zIw,https://www.youtube.com/watch?v=AZKHdBp0zIw,"People with Explorer Hearts & Overcoming Disaster  - Gold Country, Cache Creek & TNRD",episode,1999,16622,7,0.0421,"May 19, 2022",False
p23ZfXNnu6o,https://www.youtube.com/watch?v=p23ZfXNnu6o,Epiroc: How to continuously champion improvement #12,episode,2970,13011,14,0.1076,"May 19, 2022",False
3oyFd3sMpAc,https://www.youtube.com/watch?v=3oyFd3sMpAc,Ideon Technologies: How Cosmic-Ray Muon Tomography is “Transforming Subsurface Discovery” #54,episode,3165,36666,62,0.1691,"May 9, 2022",False
_vfKjKFARJo,https://www.youtube.com/watch?v=_vfKjKFARJo,Wajax: Canada’s Next Billion Dollar Heavy Industry Company #85,episode,3080,30822,20,0.0649,"May 2, 2022",False
9MRKNPCl7IA,https://www.youtube.com/watch?v=9MRKNPCl7IA,Enlighten Innovations: Breakthrough Technology for Sustainable Power in Energy Transition #34,episode,2986,34681,13,0.0375,"Apr 28, 2022",False
vjdXGTAy8VY,https://www.youtube.com/watch?v=vjdXGTAy8VY,Apex Automation: Industrial Control System Design & Integration #53,episode,3610,41090,77,0.1874,"Apr 26, 2022",False
1xfhelai32U,https://www.youtube.com/watch?v=1xfhelai32U,Monarch Tractor: Charging Ahead - Manufacturing the EV Future of Agriculture #8,episode,2350,32927,30,0.0911,"Apr 25, 2022",False
-ia1TxxxAVc,https://www.youtube.com/watch?v=-ia1TxxxAVc,Norseman Structures: Reliable & Endless Vision for Pre-Engineered Fabric Covered Buildings #52,episode,3479,33628,15,0.0446,"Apr 22, 2022",False
D7MlSePJfK4,https://www.youtube.com/watch?v=D7MlSePJfK4,MELA: Leading Change in Methane Emissions Mitigation #33,episode,2717,12187,5,0.041,"Apr 21, 2022",False
rq7QEsaInl4,https://www.youtube.com/watch?v=rq7QEsaInl4,DUST BLOKR & ROAD STABILIZR by Cypher Environmental,highlight,219,431,9,2.0882,"Apr 14, 2022",False
MQvgUzlXbyU,https://www.youtube.com/watch?v=MQvgUzlXbyU,"Recapping Information, Answering Questions, Past Guests, & New Implementations #11",episode,1882,1045,4,0.3828,"Apr 13, 2022",False
lMZZyDcuCKs,https://www.youtube.com/watch?v=lMZZyDcuCKs,Mosaic’s Reclamation Results at Florida Phosphate Mine - Mining ESG Targets & Responsibility,episode,593,327,5,1.5291,"Apr 6, 2022",False
znCqCRQpClw,https://www.youtube.com/watch?v=znCqCRQpClw,"RPMGlobal: Advancing Mining with Technology, Innovation, & Knowledge #51",episode,3307,25670,19,0.074,"Mar 31, 2022",False
e8X1qVMahzk,https://www.youtube.com/watch?v=e8X1qVMahzk,"Monarch Tractor Secures $61,000,000 in Series B Funding",highlight,259,142,4,2.8169,"Mar 29, 2022",False
1TANFgZ94TU,https://www.youtube.com/watch?v=1TANFgZ94TU,Hexagon: Making Mining Smart with The Power of One & Empowering an Autonomous Mining Future #50,episode,2523,25893,10,0.0386,"Mar 28, 2022",False
MQ6fAu2fauQ,https://www.youtube.com/watch?v=MQ6fAu2fauQ,CSR (Cypher Green Roads) by Cypher Environmental,mid_clip,313,220,1,0.4545,"Mar 22, 2022",False
vClpOoayZmY,https://www.youtube.com/watch?v=vClpOoayZmY,Safescape Laddertube - Escapeway System for Underground Mines,episode,593,505,5,0.9901,"Mar 17, 2022",False
0d8Qp5ge6mg,https://www.youtube.com/watch?v=0d8Qp5ge6mg,Total Combustion Inc: Incineration & Waste Gas Clean Combustion Equipment #32,episode,3256,28127,7,0.0249,"Mar 15, 2022",False
d5FZGGXklbM,https://www.youtube.com/watch?v=d5FZGGXklbM,"RAILVEYOR: Makes Material Haulage Emission-free, Battery-free, & Autonomous #49",episode,3180,27244,9,0.033,"Mar 11, 2022",False
7djFlT2xYQg,https://www.youtube.com/watch?v=7djFlT2xYQg,Cambrian College: What Happens When Things Go Wrong? #10,episode,2548,10734,9,0.0838,"Mar 9, 2022",False
lpEm1ekWbww,https://www.youtube.com/watch?v=lpEm1ekWbww,Process Automation Manufactures: Modern Mine & Measurements Systems #48,episode,2765,30551,33,0.108,"Mar 7, 2022",False
07T15wfKdck,https://www.youtube.com/watch?v=07T15wfKdck,Monarch Tractor’s 100% Electric MK V with Driver Optional and Data Driven Technology,episode,492,1205,13,1.0788,"Mar 4, 2022",False
Ded8y5L2vaI,https://www.youtube.com/watch?v=Ded8y5L2vaI,Pronto AI Integrates Autonomous Haul Trucks Into A Mine,mid_clip,390,973,15,1.5416,"Mar 3, 2022",False
lNSOObb8OQs,https://www.youtube.com/watch?v=lNSOObb8OQs,"Intense Testing, Amazing Results  from ARC Acid Resistant Concrete’s Polymer Concrete",highlight,94,72,3,4.1667,"Feb 25, 2022",False
hXerduax7zs,https://www.youtube.com/watch?v=hXerduax7zs,"Verge Ag: Farming Software to Plan, Simulate, & Validate Equipment Movement #7",episode,3035,31684,18,0.0568,"Feb 24, 2022",False
QQyxHQORoR8,https://www.youtube.com/watch?v=QQyxHQORoR8,CIM’s Diversity and Inclusion Advisory Committee (DIAC),episode,564,97,2,2.0619,"Feb 18, 2022",False
6qjB1qCFP1E,https://www.youtube.com/watch?v=6qjB1qCFP1E,Why Did You Choose This? Robert Cruess & James Kerton,episode,574,173,4,2.3121,"Feb 17, 2022",False
-0Q3-tretW8,https://www.youtube.com/watch?v=-0Q3-tretW8,7 Years Old Driving a Haul Truck,mid_clip,313,79,3,3.7975,"Feb 16, 2022",False
rsp8pcrghoU,https://www.youtube.com/watch?v=rsp8pcrghoU,Laddertube & Edge Protector: Safescape Delivers Innovation in Mining Safety #47,episode,3039,31897,6,0.0188,"Feb 15, 2022",False
05TtibHWGlE,https://www.youtube.com/watch?v=05TtibHWGlE,Finlay Eastern Customer Review with Rockmart Slate,episode,532,148,5,3.3784,"Feb 11, 2022",False
GC-VINBp6vI,https://www.youtube.com/watch?v=GC-VINBp6vI,"Monarch Tractor: Electric, Automated, & Collecting Data for Sustainable Farming #6",episode,2744,51998,52,0.1,"Feb 8, 2022",False
TB8Dx5ObOuE,https://www.youtube.com/watch?v=TB8Dx5ObOuE,Cypher Environmental: Environmentally Friendly Dust Control & Soil Stabilization #46,episode,3131,35413,12,0.0339,"Feb 4, 2022",False
HSfHNmv_ceg,https://www.youtube.com/watch?v=HSfHNmv_ceg,Technica Group: The Politics of Change #9,episode,2890,9997,5,0.05,"Feb 2, 2022",False
tUQX4mmJ8Ns,https://www.youtube.com/watch?v=tUQX4mmJ8Ns,When It Comes To Data and Defining the ‘Digital Transformation’ - It’s All About Context,episode,529,94,4,4.2553,"Jan 28, 2022",False
Dd5vUWx_7cM,https://www.youtube.com/watch?v=Dd5vUWx_7cM,Where Does The Texas Military Culture Come From?,mid_clip,401,117,3,2.5641,"Jan 27, 2022",False
TMMQV_2sEMo,https://www.youtube.com/watch?v=TMMQV_2sEMo,EPCM's Drone Heap Leach Monitoring - Thinking Differently,mid_clip,332,196,6,3.0612,"Jan 24, 2022",False
xdT08qco9ZA,https://www.youtube.com/watch?v=xdT08qco9ZA,Wrigley Field & ARC Acid Resistant Concrete,highlight,152,107,5,4.6729,"Jan 21, 2022",False
7KwXDrb9Gnk,https://www.youtube.com/watch?v=7KwXDrb9Gnk,"AMAZING Robotic Material Handling Solutions in Mining, Processing, and Refining Industry -  EPCM",highlight,184,932,8,0.8584,"Jan 19, 2022",False
TQIOo8qdHGs,https://www.youtube.com/watch?v=TQIOo8qdHGs,DIAC asks: Can You Ask Tough Questions Around Diversity?,mid_clip,455,119,5,4.2017,"Jan 17, 2022",False
c92xkFP4zE0,https://www.youtube.com/watch?v=c92xkFP4zE0,ARC Acid Resistant Concrete: Polymer Concrete for Highly Corrosive Production Environments #45,episode,1619,35982,4,0.0111,"Jan 13, 2022",False
gkiv4U_dGvE,https://www.youtube.com/watch?v=gkiv4U_dGvE,Mosaic’s Amazing Esterhazy K3 Potash Mine in Saskatchewan,mid_clip,325,1840,7,0.3804,"Jan 12, 2022",False
g3rRMtBTFeU,https://www.youtube.com/watch?v=g3rRMtBTFeU,Komodo Technologies Canada Inc: Heart Rate Variability & Groundbreaking Safety Tech #2,episode,2619,17732,3,0.0169,"Jan 7, 2022",False
SudiSfkzNA4,https://www.youtube.com/watch?v=SudiSfkzNA4,Change Itself 7: Managing Projects and Allocating Resources w/ Tara MacLean,episode,2219,88,1,1.1364,"Jan 7, 2022",False
LXrMTcaJHL4,https://www.youtube.com/watch?v=LXrMTcaJHL4,EPCM: Solving The Most Difficult Manufacturing & Operational Challenges with Automation #44,episode,2820,43082,20,0.0464,"Jan 6, 2022",False
2S1xt6gsCJE,https://www.youtube.com/watch?v=2S1xt6gsCJE,Mine's No Idle Policies and Engine Oil Solutions by HollyFrontier with Petro-Canada Lubricants,highlight,213,149,6,4.0268,"Jan 4, 2022",False
BzIKiVMkmH4,https://www.youtube.com/watch?v=BzIKiVMkmH4,CROWNSMEN - THE VOICE OF INDUSTRY,short,41,7057,22,0.3117,"Jan 3, 2022",False
iUoFU4dElYw,https://www.youtube.com/watch?v=iUoFU4dElYw,GeoSLAM's GEO Referencing - Mapping the Underground World,episode,483,163,3,1.8405,"Dec 30, 2021",False
0OA-bZzEbDs,https://www.youtube.com/watch?v=0OA-bZzEbDs,Komodo Technologies Canada Inc: Heart Rate Variability & Groundbreaking Safety Tech #8,episode,2619,46,6,13.0435,"Dec 29, 2021",False
z4KlBU4q5j0,https://www.youtube.com/watch?v=z4KlBU4q5j0,Managing Projects and Allocating Resources w/ Tara MacLean,episode,2219,53,4,7.5472,"Dec 15, 2021",False
EjJUbgJxAqM,https://www.youtube.com/watch?v=EjJUbgJxAqM,"MAXAM Agriculture Tire’s AGRIXTRA, FLOTXTRA, Radial Compact Tire Series",highlight,283,256,5,1.9531,"Dec 13, 2021",False
OdetJijuHe0,https://www.youtube.com/watch?v=OdetJijuHe0,Diversity and Inclusion Advisory Committee (DIAC): Tough Questions & Unlocking Potential #43,episode,3133,30589,12,0.0392,"Dec 10, 2021",False
2wZ7G31lK8c,https://www.youtube.com/watch?v=2wZ7G31lK8c,20% Increases in Fuel Economy with Nox Particulate Reductor - ZeroNox,highlight,262,142,5,3.5211,"Dec 9, 2021",False
zCQgf9O10ZU,https://www.youtube.com/watch?v=zCQgf9O10ZU,Silvercorp Metals' 70 Drill Rigs in Operation,mid_clip,316,177,6,3.3898,"Dec 8, 2021",False
PCxdlyI3V94,https://www.youtube.com/watch?v=PCxdlyI3V94,"Mosaic: Esterhazy K3 Potash Mine, Reclamation in Florida, & ESG Targets #42",episode,2593,32794,10,0.0305,"Dec 7, 2021",False
nYqfTOOQZRc,https://www.youtube.com/watch?v=nYqfTOOQZRc,"TPH Range for Terex Finlay’s Mobile Crushers, Screening Plants, and Stockpilers",highlight,215,310,6,1.9355,"Dec 6, 2021",False
3q8cus9ByQY,https://www.youtube.com/watch?v=3q8cus9ByQY,MAXAM: Agriculture Industry’s Culture and Values with Tires #5,episode,2134,20771,10,0.0481,"Dec 2, 2021",False
tPMvaZyj66A,https://www.youtube.com/watch?v=tPMvaZyj66A,Cast Lips/ Heels for Bucket & Shovel Protection in Surface or Underground Mining,episode,526,85,5,5.8824,"Dec 1, 2021",False
8LYIRuGHGyY,https://www.youtube.com/watch?v=8LYIRuGHGyY,MAXAM Tire: From Cradle to Grave #41,episode,2776,12257,4,0.0326,"Dec 1, 2021",False
9g_eQaLLxBM,https://www.youtube.com/watch?v=9g_eQaLLxBM,ZeroNox: More Power & Uncompromising Clean Technology #84,episode,2570,22824,17,0.0745,"Nov 30, 2021",False
WecxAx0ebeQ,https://www.youtube.com/watch?v=WecxAx0ebeQ,MAXAM & Caterpillar - Pushing To The Limit,mid_clip,317,27,6,22.2222,"Nov 29, 2021",False
YY23LiIvskY,https://www.youtube.com/watch?v=YY23LiIvskY,"R&D in Level, Positioning, Asset Monitoring & Flow Measurement Technology",highlight,221,37,1,2.7027,"Nov 26, 2021",False
xmRxGE_nj4s,https://www.youtube.com/watch?v=xmRxGE_nj4s,Fuller Brothers' TIRE LIFE for All Commercial Vehicle Fleet Tires,highlight,179,76,4,5.2632,"Nov 25, 2021",False
WrIWU7n4l28,https://www.youtube.com/watch?v=WrIWU7n4l28,"Silvercorp Metals: Mining Silver, Lead, & Zinc #40",episode,2681,32983,23,0.0697,"Nov 23, 2021",False
TTrNFbGtsKY,https://www.youtube.com/watch?v=TTrNFbGtsKY,"Finlay Eastern: Rockmart Slate Team Up - Aggregate Quarries, Mobile Crushers & Screens #83",episode,2426,24248,8,0.033,"Nov 18, 2021",False
7I1DnuFeRyw,https://www.youtube.com/watch?v=7I1DnuFeRyw,MAXAM Tire | From Cradle to Grave with MAXAM MINING GROUP’s Matt Johnson,episode,3003,8413,7,0.0832,"Nov 17, 2021",False
Uy_xrnq_ovo,https://www.youtube.com/watch?v=Uy_xrnq_ovo,Accusteel’s’s One-of-a Kind 90T Schnabel Necks for Nickel Bros,highlight,162,60,10,16.6667,"Nov 16, 2021",False
-xMF70m-sXU,https://www.youtube.com/watch?v=-xMF70m-sXU,Harnessing Hydrogen Power,highlight,200,99,5,5.0505,"Nov 15, 2021",False
Sb_HX-fvq5U,https://www.youtube.com/watch?v=Sb_HX-fvq5U,"Mine Development & Project Financing, North America vs Australia’s Approach",episode,694,256,6,2.3438,"Nov 12, 2021",False
TMyAHArBkTg,https://www.youtube.com/watch?v=TMyAHArBkTg,"Cambrian College: Preparing, Attracting & Retaining a Mining Workforce #7",episode,2752,14044,8,0.057,"Nov 11, 2021",False
_wxBRe5JFgw,https://www.youtube.com/watch?v=_wxBRe5JFgw,Pronto AI: Automating Haul Trucks in Mines - A2B Autonomous Haulage System #39,episode,1932,34769,22,0.0633,"Nov 9, 2021",False
zMgUJHCTKQQ,https://www.youtube.com/watch?v=zMgUJHCTKQQ,Robust Onboarding Program & Welcome Kit by HollyFrontier with Petro-Canada Lubricants,highlight,296,64,4,6.25,"Nov 8, 2021",False
EXPSJfuDeUE,https://www.youtube.com/watch?v=EXPSJfuDeUE,Christ the Redeemer - A Digital Twin,highlight,165,72,8,11.1111,"Nov 5, 2021",False
v_ed_f8oQzk,https://www.youtube.com/watch?v=v_ed_f8oQzk,Software Can Be The Solution,highlight,235,38,1,2.6316,"Nov 4, 2021",False
XD1-JWr_HFM,https://www.youtube.com/watch?v=XD1-JWr_HFM,Accusteel: Building Amazing Specialty Transport Equipment #82,episode,2517,19989,10,0.05,"Oct 28, 2021",False
GR-xYFfI6ts,https://www.youtube.com/watch?v=GR-xYFfI6ts,"Fenner Dunlop’s Carcass Series - X Series, Plylok, & Specialty",mid_clip,403,70,2,2.8571,"Oct 26, 2021",False
RhfHi3R1m88,https://www.youtube.com/watch?v=RhfHi3R1m88,Waterton: CIM’s Capital Project Symposium with Paul Nielson #38,episode,3597,19253,10,0.0519,"Oct 22, 2021",False
qTHtCnrf880,https://www.youtube.com/watch?v=qTHtCnrf880,"TOMS, the Maple Program & Ultra Repair by Kal Tire Mining Group",mid_clip,347,335,6,1.791,"Oct 19, 2021",False
QRIP6Er7qmE,https://www.youtube.com/watch?v=QRIP6Er7qmE,SFC Energy: Disrupting the power generation market while ‘FUEL’ing a Clean Technology Future #31,episode,2044,23018,8,0.0348,"Oct 18, 2021",False
9dDETq2SbIE,https://www.youtube.com/watch?v=9dDETq2SbIE,We Want Partners! Radai’s CEO Explains How They Plan to Scale,highlight,283,106,3,2.8302,"Oct 14, 2021",False
YkBnub_4rD0,https://www.youtube.com/watch?v=YkBnub_4rD0,The Tahltan Nation - History and Governing Structure with Jerry Asp,mid_clip,326,287,4,1.3937,"Oct 13, 2021",False
h_j2lghB_x4,https://www.youtube.com/watch?v=h_j2lghB_x4,"HollyFrontier: Lubricants, Specialty Fluids & Greases from Petro-Canada Lubricants #81",episode,3359,26926,13,0.0483,"Oct 7, 2021",False
O9gqMBywfqU,https://www.youtube.com/watch?v=O9gqMBywfqU,Prime Contract Solutions: The Power of Collaboration #6,episode,2320,14453,3,0.0208,"Oct 6, 2021",False
_JgOMZfqpqQ,https://www.youtube.com/watch?v=_JgOMZfqpqQ,"Subterranean Sewers  - Fats, Oils, and Grease (FOG) Monitors with Hawk Measurements",highlight,211,76,0,0.0,"Oct 5, 2021",False
2mPW9DCPbtM,https://www.youtube.com/watch?v=2mPW9DCPbtM,What Is Distributed Sensing? Real-time Measurements Along Fibre Optic Cable,highlight,286,237,3,1.2658,"Oct 4, 2021",False
osii8bL0LZw,https://www.youtube.com/watch?v=osii8bL0LZw,"Rhinowear - Chrome White Iron (CWI) for LHD Buckets; Chutes, Feeders, or Crushers",highlight,299,101,4,3.9604,"Oct 1, 2021",False
31uMxMI73Tw,https://www.youtube.com/watch?v=31uMxMI73Tw,"TCS Special: Fenner Dunlop - BIRDSI, Durability and the Supply Chain, LIVE from MINExpo",episode,1935,21237,8,0.0377,"Sep 29, 2021",True
ia8LR0I2isI,https://www.youtube.com/watch?v=ia8LR0I2isI,Understanding ‘Duty to Consult’ with Germaine Conacher,episode,1056,320,3,0.9375,"Sep 28, 2021",False
pRQzpkdShCw,https://www.youtube.com/watch?v=pRQzpkdShCw,"Tire Life in Rigid Haul Trucks, Wheel Loader & Tire Service Trucks/Boom Trucks",highlight,243,57,3,5.2632,"Sep 23, 2021",False
9camhpBcjIw,https://www.youtube.com/watch?v=9camhpBcjIw,AUTOSOL: Data Driven Decision Making Delivering Operational Value #30,episode,3407,25123,16,0.0637,"Sep 16, 2021",False
_PRqw3rQgsc,https://www.youtube.com/watch?v=_PRqw3rQgsc,GeoSLAM: Amazing Handheld SLAM Solutions to Collect Geospatial data #37,episode,3003,21636,12,0.0555,"Sep 14, 2021",False
zaY5B0ltrik,https://www.youtube.com/watch?v=zaY5B0ltrik,TCS SPECIAL: Endless Innovation by Kal Tire Mining Group from MINExpo 2021,episode,834,22470,12,0.0534,"Sep 14, 2021",True
afTlTttpNYE,https://www.youtube.com/watch?v=afTlTttpNYE,NORCAT: What Changes Are Coming Across the Mining Industry? #5,episode,2753,10378,3,0.0289,"Sep 10, 2021",False
pr-gc3Yt-zI,https://www.youtube.com/watch?v=pr-gc3Yt-zI,MNP: Significant Changes for Capital Deployment in Alberta #80,episode,3633,21967,5,0.0228,"Sep 9, 2021",False
N-MjvefuMGM,https://www.youtube.com/watch?v=N-MjvefuMGM,Rhinowear: Branded Cast Solutions from The Bucket Shop #79,episode,3680,22518,11,0.0488,"Sep 7, 2021",False
8q7nO0WflkY,https://www.youtube.com/watch?v=8q7nO0WflkY,Silixa: Critical Measurement Challenges & Fibre-Powered Data Solutions #36,episode,3345,23220,7,0.0301,"Sep 1, 2021",False
qk0TFvvAJIY,https://www.youtube.com/watch?v=qk0TFvvAJIY,Hawk Measurement: Guided Wave Radar Transmitters #78,episode,2922,21465,8,0.0373,"Aug 30, 2021",False
O5-VhjpCyNQ,https://www.youtube.com/watch?v=O5-VhjpCyNQ,GIDT: A Leader for Generations #35,episode,3444,8363,4,0.0478,"Aug 25, 2021",False
-C_eGuOmsnY,https://www.youtube.com/watch?v=-C_eGuOmsnY,Radai: Amazing Drone-based Environmental & Geophysical Surveys for Mining & Exploration #34,episode,2084,21964,8,0.0364,"Aug 20, 2021",False
bgRZvWYgnZc,https://www.youtube.com/watch?v=bgRZvWYgnZc,Fuller Brothers: Creating & Producing Tire Additive Products #33,episode,2923,27963,8,0.0286,"Aug 19, 2021",False
XHf91Cw6gxQ,https://www.youtube.com/watch?v=XHf91Cw6gxQ,Why Does Israel Continue to Produce So Much Innovation,highlight,213,99,2,2.0202,"Aug 13, 2021",False
HFw0lSeFPjE,https://www.youtube.com/watch?v=HFw0lSeFPjE,Ideon Technologies & How Tesla and BHP will Change Mining Supply Chains,highlight,210,230,4,1.7391,"Aug 12, 2021",False
w5djvRG3jqg,https://www.youtube.com/watch?v=w5djvRG3jqg,"Biochar - Definition, How It Works, Clean vs Dirty",highlight,216,266,3,1.1278,"Aug 11, 2021",False
VPgWp9sjVb0,https://www.youtube.com/watch?v=VPgWp9sjVb0,Offer Big Value and the Biggest Companies in The World Will Buy!,highlight,87,82,0,0.0,"Aug 10, 2021",False
cLQAifF8RMc,https://www.youtube.com/watch?v=cLQAifF8RMc,On Farm for You by Dutch Agriculture,highlight,253,101,1,0.9901,"Aug 6, 2021",False
LD_9r9qy-AE,https://www.youtube.com/watch?v=LD_9r9qy-AE,Skyline Robotics: OZMO The First Window Cleaning Robot with AI & Machine Learning #77,episode,2293,27752,11,0.0396,"Aug 5, 2021",False
-SLrZqkG5a8,https://www.youtube.com/watch?v=-SLrZqkG5a8,CEMI: It’s Not Easy To Tackle Transformation #4,episode,2415,15514,7,0.0451,"Aug 4, 2021",False
1SRTyxGBnlk,https://www.youtube.com/watch?v=1SRTyxGBnlk,Ideon Technologies: Cosmic-Ray Muon Tomography and Mining Technology #32,episode,3158,37333,18,0.0482,"Aug 3, 2021",False
L9iH6LBTt3g,https://www.youtube.com/watch?v=L9iH6LBTt3g,Myno: Biochar To Cut GHG Emissions & Sequesters Carbon #4,episode,2735,12822,13,0.1014,"Jul 30, 2021",False
sR3-SuwMd48,https://www.youtube.com/watch?v=sR3-SuwMd48,"Dutch Industries: Global Agriculture Partners for Openers, Biospreaders & Dutch Manufacturing #3",episode,3097,30474,10,0.0328,"Jul 29, 2021",False
b-YfOgAljG0,https://www.youtube.com/watch?v=b-YfOgAljG0,Verdigris Technologies: Empowering the World’s Smartest Buildings with AI #29,episode,3175,22232,14,0.063,"Jul 27, 2021",False
od2IKCKxZGo,https://www.youtube.com/watch?v=od2IKCKxZGo,Why Take a Canadian Pioneer of Agricultural Technologies Public?,episode,669,24,1,4.1667,"Jul 22, 2021",False
7wAkGLDSzVg,https://www.youtube.com/watch?v=7wAkGLDSzVg,Alberta Battery Power! E3 Metals Testing Facility to Produce Battery Grade Lithium Products,highlight,300,178,3,1.6854,"Jul 21, 2021",False
dty6MeDV-Pc,https://www.youtube.com/watch?v=dty6MeDV-Pc,Expanding Your Team As Your Company Evolves,highlight,248,36,1,2.7778,"Jul 13, 2021",False
EMh8gBU419s,https://www.youtube.com/watch?v=EMh8gBU419s,Highway Crushing Innovation: Recycle Asphalt & Concrete Equipment with Terex Finlay,highlight,237,249,2,0.8032,"Jul 10, 2021",False
mYSwUwBSemE,https://www.youtube.com/watch?v=mYSwUwBSemE,Tadano’s GR-1300XL-4 Rough Terrain Crane,highlight,110,365,2,0.5479,"Jul 9, 2021",False
dmjxYRISxYI,https://www.youtube.com/watch?v=dmjxYRISxYI,Turner Mining Group #3,episode,2798,14945,3,0.0201,"Jul 7, 2021",False
Gj5eQUFCn3s,https://www.youtube.com/watch?v=Gj5eQUFCn3s,"The Helix Robots vs Barges, Helicopters, & Excavators in Mines’ Tailing Ponds",mid_clip,352,322,5,1.5528,"Jul 2, 2021",False
HxbDPKVwVaY,https://www.youtube.com/watch?v=HxbDPKVwVaY,General Kinematics’ Two-Mass vs. Brute Force Responsiveness to Material Loading & Performance,highlight,207,784,4,0.5102,"Jun 30, 2021",False
pZdDLtBoRPE,https://www.youtube.com/watch?v=pZdDLtBoRPE,"Qnergy: Clean Technology, Stirling Energy Systems, and New Markets #28",episode,2670,20453,5,0.0244,"Jun 29, 2021",False
3Xyj1dpDwog,https://www.youtube.com/watch?v=3Xyj1dpDwog,Why did Copper Mountain Mining Select the STM-Screen?,highlight,216,104,1,0.9615,"Jun 28, 2021",False
xW2ilxQrKPw,https://www.youtube.com/watch?v=xW2ilxQrKPw,Review: RIM PLUS DRY - Most Innovative & Effective Rust Inhibitor?,episode,514,38,0,0.0,"Jun 25, 2021",False
M5OYAjAM9iM,https://www.youtube.com/watch?v=M5OYAjAM9iM,"Tadano: Product Launches, Acquisitions, New Technology & More with Ingo Schiller #76",episode,2775,31963,8,0.025,"Jun 25, 2021",False
EhMwsAC99oE,https://www.youtube.com/watch?v=EhMwsAC99oE,"TCS 76. Tadano: Product Launches, Acquisitions, New Technology & More with Ingo Schiller",episode,2775,257,7,2.7237,"Jun 22, 2021",True
d_OB97vrlI8,https://www.youtube.com/watch?v=d_OB97vrlI8,How MNP Services the Agriculture Sector - The AgriStability Program,episode,1197,77,0,0.0,"Jun 19, 2021",False
FPA3Wvu0KCU,https://www.youtube.com/watch?v=FPA3Wvu0KCU,Direct Lithium Extraction (“DLE”) technology. By E3 Metals,episode,518,4903,42,0.8566,"Jun 18, 2021",False
TckQthrbLKE,https://www.youtube.com/watch?v=TckQthrbLKE,Copperstone Technologies: Helix Family of Robots for Hazardous Site Investigation #31,episode,2659,27759,9,0.0324,"Jun 17, 2021",False
E4PAMMP5GNI,https://www.youtube.com/watch?v=E4PAMMP5GNI,Revenue Drop Required to Trigger AgriStability,mid_clip,465,26,0,0.0,"Jun 16, 2021",False
woy5BkRqBls,https://www.youtube.com/watch?v=woy5BkRqBls,Vorsana: Radial Counterflow Separation Technology to Reduce Environmental Pollution #27,episode,2338,30181,4,0.0133,"Jun 15, 2021",False
xMR4okxo45w,https://www.youtube.com/watch?v=xMR4okxo45w,What Makes a Good Equipment Dealer with Terex Finlay,mid_clip,345,87,3,3.4483,"Jun 11, 2021",False
ORzM2OOS4XA,https://www.youtube.com/watch?v=ORzM2OOS4XA,"MNP: The AgriStability Program Changes, Private Insurance, & More #2",episode,2920,21664,10,0.0462,"Jun 10, 2021",False
kp7tJIexBJw,https://www.youtube.com/watch?v=kp7tJIexBJw,Change Itself with Gus Minor & Eric Demers #1,episode,1931,30783,10,0.0325,"Jun 9, 2021",False
tndK59l-y8I,https://www.youtube.com/watch?v=tndK59l-y8I,RIM PLUS DRY: Revolutionizing the Tire Additive Industry with Griffin Chemical #30,episode,2521,33588,14,0.0417,"Jun 8, 2021",False
O_98jesEiBo,https://www.youtube.com/watch?v=O_98jesEiBo,"3 Innovative Mining Companies: Sherritt International, Barrick Gold, & Agnico Eagle",episode,535,455,5,1.0989,"Jun 4, 2021",False
bmc4GhRnfDQ,https://www.youtube.com/watch?v=bmc4GhRnfDQ,Fenner Dunlop’s Aramid (Kevlar) Reinforced Conveyor Belt!,highlight,232,336,7,2.0833,"Jun 3, 2021",False
meLT8k7rvQk,https://www.youtube.com/watch?v=meLT8k7rvQk,"NSS Canada - Hexagon Mining Solutions, Leica GeoSystems, & MOSS",episode,591,90,3,3.3333,"Jun 1, 2021",False
hIVa3oSKiAo,https://www.youtube.com/watch?v=hIVa3oSKiAo,“It’s Personal” Kirkland Lake Gold Macassa & The Bucket Shop,mid_clip,368,417,5,1.199,"May 31, 2021",False
Wo3JN9H2DEQ,https://www.youtube.com/watch?v=Wo3JN9H2DEQ,Amazing Agriculture Equipment - The SMART SEEDER MAX,episode,641,539,12,2.2263,"May 28, 2021",False
OB-je9vnY2Y,https://www.youtube.com/watch?v=OB-je9vnY2Y,What it Takes to Design An Efficient and Safe Tire Recycling Plant,highlight,258,207,4,1.9324,"May 27, 2021",False
3RcmhEkTusw,https://www.youtube.com/watch?v=3RcmhEkTusw,E3 Metals: Lithium in Alberta for a Rising Global Market #26,episode,2843,21043,29,0.1378,"May 27, 2021",False
K6klR1wRJlA,https://www.youtube.com/watch?v=K6klR1wRJlA,"Terex Finlay: The World of Tracked Mobile Crushing, Screening & Conveying #75",episode,3150,35240,6,0.017,"May 25, 2021",False
H42serw-Kt0,https://www.youtube.com/watch?v=H42serw-Kt0,Sofvie & Technica Mining: Take Mining 4.0 & Safety to Another Level #29,episode,3617,31113,12,0.0386,"May 18, 2021",False
E6xWNrAI1Fs,https://www.youtube.com/watch?v=E6xWNrAI1Fs,Acceleware: A Cleaner Future #25,episode,3274,28261,6,0.0212,"May 13, 2021",False
eXbvRlcz78E,https://www.youtube.com/watch?v=eXbvRlcz78E,Fenner Dunlop: The Toughest & Longest Lasting Conveyor Belts #28,episode,3235,37721,23,0.061,"May 12, 2021",False
KOqCsLSNTAg,https://www.youtube.com/watch?v=KOqCsLSNTAg,Clean Seed Capital: Modern Agricultural Technologies for Seeding & Planting Platforms #74,episode,3238,26415,8,0.0303,"May 4, 2021",False
OclsnfHPs-I,https://www.youtube.com/watch?v=OclsnfHPs-I,Kal Tire Part 2 | Incredible Tire Recycling Facility | Thermal Conversion for A Circular Economy,episode,1999,36944,14,0.0379,"Apr 30, 2021",False
PoB-l00itts,https://www.youtube.com/watch?v=PoB-l00itts,Kal Tire | Incredible Tire Recycling Facility Using Thermal Conversion for A Circular Economy,episode,1999,108,8,7.4074,"Apr 29, 2021",False
IkSlLJZG834,https://www.youtube.com/watch?v=IkSlLJZG834,"The Bucket Shop: New Facilities, Buckets, Haul Trucks and Partnerships #27",episode,4027,32387,15,0.0463,"Apr 27, 2021",False
WRWZoJCxYBI,https://www.youtube.com/watch?v=WRWZoJCxYBI,Natural Gas Challenge by ERA (Emissions Reduction Alberta): Hydrogen Technology Investments,highlight,300,109,1,0.9174,"Apr 23, 2021",False
XOf22YMDUzo,https://www.youtube.com/watch?v=XOf22YMDUzo,Amazing! O-PITDEV - Accurately & Quickly Measure of a Quarry Borehole,highlight,184,165,7,4.2424,"Apr 21, 2021",False
UQiFBaLZXls,https://www.youtube.com/watch?v=UQiFBaLZXls,NSS Canada: Future Underground Mining Technology #26,episode,3086,28077,14,0.0499,"Apr 20, 2021",False
lWgyfVZ5qU4,https://www.youtube.com/watch?v=lWgyfVZ5qU4,Bit Service: Partners & Distributes for Open Pit and Underground Mining,episode,649,79,2,2.5316,"Apr 17, 2021",False
_P3Q9sOa6mM,https://www.youtube.com/watch?v=_P3Q9sOa6mM,Top Solar Power Locations North America - Choosing a Solar Systems,highlight,246,95,4,4.2105,"Apr 15, 2021",False
MSM5FhowCPQ,https://www.youtube.com/watch?v=MSM5FhowCPQ,General Kinematics Part 1: Two-Mass Equipment Delivering Efficiency #25,episode,2799,35533,15,0.0422,"Apr 14, 2021",False
ndnWdCsTSxY,https://www.youtube.com/watch?v=ndnWdCsTSxY,"Mining CEOs, Cabin Fever, & Corporate Social Responsibility #24",episode,3673,29438,15,0.051,"Apr 8, 2021",False
9_x08Dw1nRQ,https://www.youtube.com/watch?v=9_x08Dw1nRQ,The Technical Difference Between Grid-Tied Solar Systems & Off-Grid Solar Systems,highlight,274,59,3,5.0847,"Apr 2, 2021",False
rbv8n0nBiPI,https://www.youtube.com/watch?v=rbv8n0nBiPI,ERA: Clean Technology Investment #24,episode,3300,22212,7,0.0315,"Apr 1, 2021",False
6vaZjKOcl8Q,https://www.youtube.com/watch?v=6vaZjKOcl8Q,How ADMMIT & SmartCubes Are Revolutionizing Minings’s Supply Chain Management,highlight,224,50,2,4.0,"Mar 31, 2021",False
Eu77CAe9bnY,https://www.youtube.com/watch?v=Eu77CAe9bnY,O-Pitblast: Innovation in Mining and Blasting Technology #23,episode,3552,36336,53,0.1459,"Mar 30, 2021",False
z5B1O0LXNPk,https://www.youtube.com/watch?v=z5B1O0LXNPk,"FORTAI: Innovative Value Chain Management, Technology & Manufacturing for Mining #22",episode,3269,29589,10,0.0338,"Mar 25, 2021",False
a4hBbsGejHk,https://www.youtube.com/watch?v=a4hBbsGejHk,"Sherritt International: In Situ Leaching/Recovery, Modern Ore Processing, & Mining #21",episode,3512,24383,13,0.0533,"Mar 23, 2021",False
jVQguR8M_DI,https://www.youtube.com/watch?v=jVQguR8M_DI,Fighter Pilots and the Systems Approach with Michael Timms,mid_clip,367,51,2,3.9216,"Mar 19, 2021",False
Hne1KLpAPqk,https://www.youtube.com/watch?v=Hne1KLpAPqk,"Bit Service: Mechanical Cutting Tools for Mining, Construction, & Materials handling #20",episode,2965,31428,9,0.0286,"Mar 18, 2021",False
zmlKOBfHH4U,https://www.youtube.com/watch?v=zmlKOBfHH4U,Rock Spreaders: A New Level of Mine Road Maintenance ft Ground Force,highlight,221,112,1,0.8929,"Mar 17, 2021",False
mRNFL1C-2Gw,https://www.youtube.com/watch?v=mRNFL1C-2Gw,Houston Mechatronics: Transforming the Blue Economy with ROV/AUV #23,episode,3450,11496,8,0.0696,"Mar 16, 2021",False
fhfcAuJ_G-E,https://www.youtube.com/watch?v=fhfcAuJ_G-E,Lean & Six Sigma Methodologies - Increase Performance & Decrease Process Variation,episode,570,49,4,8.1633,"Mar 15, 2021",False
8J6cZMLxfrY,https://www.youtube.com/watch?v=8J6cZMLxfrY,"Radiometric Sensors - Measurement Setting, Harsh Environments & Penetrating Matter",mid_clip,389,38,2,5.2632,"Mar 12, 2021",False
AOL8QXrsAVA,https://www.youtube.com/watch?v=AOL8QXrsAVA,"Avail Leadership: Leadership, Accountability & Self Awareness #19",episode,3476,31600,19,0.0601,"Mar 11, 2021",False
GfFkguoy3EY,https://www.youtube.com/watch?v=GfFkguoy3EY,Technology vs Knowledge - Closing the Gap Between Youth and an Aging Workforce,mid_clip,379,24,2,8.3333,"Mar 10, 2021",False
4OVj62hqA9k,https://www.youtube.com/watch?v=4OVj62hqA9k,Ground Force & Mine Support Equipment: Fuel Lube to Road Maintenance #73,episode,2329,21090,8,0.0379,"Mar 9, 2021",False
zR8Ro4O2KWI,https://www.youtube.com/watch?v=zR8Ro4O2KWI,Revel Ridge Project - One of the Largest Undeveloped Precious & Polymetallic Deposits in BC.,mid_clip,411,46,1,2.1739,"Mar 6, 2021",False
KVw197u3Y98,https://www.youtube.com/watch?v=KVw197u3Y98,Ditch Doctor: Hydraulics Excavator Attachment to Create & Restore Ditches #72,episode,1790,9646,5,0.0518,"Mar 4, 2021",False
Y7hx8CM0GO8,https://www.youtube.com/watch?v=Y7hx8CM0GO8,"HAWK: Level, Positioning, Asset Monitoring & Flow Measurement Technology #71",episode,2922,27325,18,0.0659,"Mar 2, 2021",False
Tf48cfs2dGE,https://www.youtube.com/watch?v=Tf48cfs2dGE,Deloitte’s “Mine of the Future” & How Jim Fisk Got Involved with Rail Veyor,highlight,205,113,3,2.6549,"Feb 26, 2021",False
lmFgcRymlFw,https://www.youtube.com/watch?v=lmFgcRymlFw,SolarSet: Choosing the Right Options & Location for Solar Panel Sets #22,episode,1689,27386,9,0.0329,"Feb 25, 2021",False
J6pX7x6VFPA,https://www.youtube.com/watch?v=J6pX7x6VFPA,RAILVEYOR: Offering Mines Operators & Material Handlers Dramatic Cost Cutting & ESG Benefits #18,episode,2286,24872,9,0.0362,"Feb 23, 2021",False
6vaW_C_gx-I,https://www.youtube.com/watch?v=6vaW_C_gx-I,New Customers vs Return Customers  Business Relationship Advice ft  General Equipment & Supplies,highlight,209,9,2,22.2222,"Feb 22, 2021",False
3uH4qzk9Ybg,https://www.youtube.com/watch?v=3uH4qzk9Ybg,Rokmaster Resources: The Revel Ridge Project #17,episode,2493,22362,12,0.0537,"Feb 18, 2021",False
2a3rx5zdqUI,https://www.youtube.com/watch?v=2a3rx5zdqUI,Trailer Manufacturer Review,mid_clip,459,37,1,2.7027,"Feb 17, 2021",False
IV07Rw9Ch00,https://www.youtube.com/watch?v=IV07Rw9Ch00,"SFC Energy: Off Grid Energy Solutions for Mining, Oil & Gas #21",episode,2349,22275,12,0.0539,"Feb 16, 2021",False
5oZUlKTj1mE,https://www.youtube.com/watch?v=5oZUlKTj1mE,Sofvie: Enhance Communication & Redefine Hazard and Risk Management in Mining #16,episode,2786,30134,15,0.0498,"Feb 11, 2021",False
UVxhqGqGack,https://www.youtube.com/watch?v=UVxhqGqGack,General Equipment & Supplies: Aggregate & Construction from Komatsu to Terex Finlay #70,episode,2368,22815,8,0.0351,"Feb 9, 2021",False
CgeTIYFwHGQ,https://www.youtube.com/watch?v=CgeTIYFwHGQ,"Kal Tire Mining Group - Maple Program, Tire Recycling Solutions, Ultra Repair Technology",episode,706,190,4,2.1053,"Feb 5, 2021",False
A06K983IGxA,https://www.youtube.com/watch?v=A06K983IGxA,Clark Wilson LLP: Important Business Planning and Legal Advice #67,episode,3313,11776,6,0.051,"Feb 4, 2021",False
QFICup3ztQ8,https://www.youtube.com/watch?v=QFICup3ztQ8,Kal Tire’s Mining Tire Group’s Tire Operation Management System (TOMS),episode,518,142,1,0.7042,"Feb 3, 2021",False
SFOJXIquCYQ,https://www.youtube.com/watch?v=SFOJXIquCYQ,VEGA: Sensor Technology for Solving Measurement Problems Worldwide #69,episode,2898,22001,8,0.0364,"Feb 2, 2021",False
Lt4PLzhfGJA,https://www.youtube.com/watch?v=Lt4PLzhfGJA,Baseline & Reduction Opportunity Assessment Program vs Methane Technology Implementation Program,mid_clip,418,48,2,4.1667,"Feb 1, 2021",False
jj9sQ5zedpA,https://www.youtube.com/watch?v=jj9sQ5zedpA,"ConvergX - Energy, Military, Tech, Mining, Aerospace, Defence & Security industries",mid_clip,355,20,1,5.0,"Jan 29, 2021",False
YwQW07k75x8,https://www.youtube.com/watch?v=YwQW07k75x8,DHR International: How to Hire the Top 10% Executives for Your Business #68,episode,3060,9820,3,0.0305,"Jan 28, 2021",False
Pf_nLkpxlIE,https://www.youtube.com/watch?v=Pf_nLkpxlIE,"Canadian Natural, the Horizon Oil Sands Project & Reducing Emissions with Joy Romero",highlight,292,1756,8,0.4556,"Jan 26, 2021",False
gSEVcu60dQc,https://www.youtube.com/watch?v=gSEVcu60dQc,Development & Production of Global Oil & Gas Resources - Society of Petroleum Engineers (SPE),episode,529,35,1,2.8571,"Jan 25, 2021",False
PLd8_Tgt1jg,https://www.youtube.com/watch?v=PLd8_Tgt1jg,Solving Bolting Problems & Providing Customized Bolting Kits with Ken Gamroth,mid_clip,407,41,4,9.7561,"Jan 22, 2021",False
6DMZWexVkEg,https://www.youtube.com/watch?v=6DMZWexVkEg,CRIN: Energy Solutions to Increase Competitiveness & Decrease GHG Emissions #20,episode,4221,9299,6,0.0645,"Jan 20, 2021",False
7A8_XaQ5_PI,https://www.youtube.com/watch?v=7A8_XaQ5_PI,Carbon Connect International: Methane Emissions Reductions & Funding #19,episode,3208,7592,6,0.079,"Jan 14, 2021",False
YqBLPoNIelU,https://www.youtube.com/watch?v=YqBLPoNIelU,"Precision Bolting: Specialized Bolting, Nord-Lock Products, & Superbolt Kits #66",episode,3501,22433,21,0.0936,"Jan 12, 2021",False
Km3a0WNzTE4,https://www.youtube.com/watch?v=Km3a0WNzTE4,WAVV: Transferring Commercialized Technology Across Industries #65,episode,2679,27141,3,0.0111,"Jan 5, 2021",False
wzuj6XUt6oU,https://www.youtube.com/watch?v=wzuj6XUt6oU,MELA: Reducing Methane Emissions in Oil & Natural Gas Production #18,episode,3102,9769,9,0.0921,"Dec 30, 2020",False
NRAM4RMBhJg,https://www.youtube.com/watch?v=NRAM4RMBhJg,"Crownsmen Christmas Panel: Mining, Energy, & Construction Hosts & Content Creators #64",episode,6028,7095,8,0.1128,"Dec 17, 2020",False
qKFy1Nbf8pM,https://www.youtube.com/watch?v=qKFy1Nbf8pM,Kal Tire's Mining Tire Group Part 1: Management & Supply for Reducing Cost & Sustainable Mining #63,episode,4551,26402,11,0.0417,"Dec 8, 2020",False
SkYDyv7pbFc,https://www.youtube.com/watch?v=SkYDyv7pbFc,K-Line Trailers: Designing & Manufacturing Dump & Specialized Trailers #62,episode,3274,25210,11,0.0436,"Dec 3, 2020",False
StirzTFprDg,https://www.youtube.com/watch?v=StirzTFprDg,GKM Consultants: Geotechnical Instrumentation Solutions in Mining #16,episode,3395,7649,11,0.1438,"Dec 2, 2020",False
4VN9Lkc2Q3Y,https://www.youtube.com/watch?v=4VN9Lkc2Q3Y,Nalco Water: Advanced Water Technology & Innovative Water Solutions #15,episode,3587,23591,13,0.0551,"Nov 24, 2020",False
Aq7M6rvKS_E,https://www.youtube.com/watch?v=Aq7M6rvKS_E,TerraSource Global: Material Processing & Handling Equipment #14,episode,3407,28091,13,0.0463,"Nov 19, 2020",False
CoC_n-BYPJ4,https://www.youtube.com/watch?v=CoC_n-BYPJ4,"Qnergy: Remote Power, Reducing Emissions & Stirling-Based Power Generators #16",episode,3053,6889,17,0.2468,"Nov 18, 2020",False
-UyOtCielkw,https://www.youtube.com/watch?v=-UyOtCielkw,Select Crane Sales: All Terrain to Tower Cranes and Telehandlers #61,episode,4171,22005,7,0.0318,"Nov 12, 2020",False
NGj6sqXDlq8,https://www.youtube.com/watch?v=NGj6sqXDlq8,TCS 60.  Bellatorum - Explaining Mineral Rights & Oil Royalty Acquisitions ft Chris Bentley,episode,2980,16680,3,0.018,"Nov 10, 2020",True
cNRzWubzAUA,https://www.youtube.com/watch?v=cNRzWubzAUA,White Whale: AI Analytics & Solutions for Business Data & Insights #15,episode,4101,12886,6,0.0466,"Nov 5, 2020",False
dXELIPKQ0BE,https://www.youtube.com/watch?v=dXELIPKQ0BE,The 5 D’s of Market Analysis - How To Expand and Grow Your Business,highlight,207,40,2,5.0,"Nov 4, 2020",False
Pc0QdATSFSs,https://www.youtube.com/watch?v=Pc0QdATSFSs,Radai: Environmental Measurement with Unmanned Aerial Vehicles (UAV) #13,episode,2676,20998,7,0.0333,"Nov 3, 2020",False
VTDyn1odejE,https://www.youtube.com/watch?v=VTDyn1odejE,IoT & Sensors in Mining: Microseismic Technology & Tailings Dam Breaches ft Tetra Tech Mining,highlight,129,275,2,0.7273,"Oct 30, 2020",False
v6vqphTAISQ,https://www.youtube.com/watch?v=v6vqphTAISQ,BESTECH & The Whole Mine: From Electrician to License to Operate #12,episode,2955,18462,14,0.0758,"Oct 29, 2020",False
FYkK86siUuI,https://www.youtube.com/watch?v=FYkK86siUuI,JT Equipment: The Industry of Supplying & Servicing Construction Equipment & Attachments #59,episode,2591,25294,4,0.0158,"Oct 27, 2020",False
nGHbafZIuKI,https://www.youtube.com/watch?v=nGHbafZIuKI,Responsible Mining Solutions (RMS): Engineering & Project Delivery for Mine Waste Management #11,episode,2845,18105,7,0.0387,"Oct 27, 2020",False
UZa7pkwWc_8,https://www.youtube.com/watch?v=UZa7pkwWc_8,Rainmaker Global Business Development: How A Company Can Enter New Markets #58,episode,3044,2220,8,0.3604,"Oct 22, 2020",False
4HVoI0BaiVE,https://www.youtube.com/watch?v=4HVoI0BaiVE,Gold On A Ride: Higher Metal Prices Provides Margins & Allow Growth,highlight,207,13,0,0.0,"Oct 21, 2020",False
I9bLlbCX4m4,https://www.youtube.com/watch?v=I9bLlbCX4m4,"Tetra Tech: Microseismic Sensors, Tailing Ponds, & Open Pit Mining #10",episode,2794,15122,15,0.0992,"Oct 20, 2020",False
Q3V7-PB7COY,https://www.youtube.com/watch?v=Q3V7-PB7COY,Responsible Mining Solutions (RMS): Engineering & Project Delivery for Mine Waste Management #9,episode,2922,103,8,7.767,"Oct 15, 2020",False
uQQKvuEX4A0,https://www.youtube.com/watch?v=uQQKvuEX4A0,"Software Management Review: Project Tracking, Dispatch, Invoicing, and Data Collection",episode,849,115,2,1.7391,"Oct 9, 2020",False
oSC3mAAK4F8,https://www.youtube.com/watch?v=oSC3mAAK4F8,Womens In Engineering Summit #14,episode,4603,4892,6,0.1226,"Oct 8, 2020",False
yl-R1QNvDsw,https://www.youtube.com/watch?v=yl-R1QNvDsw,Aimsio: Field Service Management Software for Heavy Industry #13,episode,3462,12393,7,0.0565,"Oct 6, 2020",False
UjCdiOHT_co,https://www.youtube.com/watch?v=UjCdiOHT_co,COSIA Membership: Responsible & Sustainable Growth of Canada’s Oil Sands,highlight,277,48,2,4.1667,"Oct 2, 2020",False
xqObz7RhkWY,https://www.youtube.com/watch?v=xqObz7RhkWY,COSIA: Water Management in the Oil Sands #12,episode,3600,3790,4,0.1055,"Oct 1, 2020",False
IyQPtfb7hMo,https://www.youtube.com/watch?v=IyQPtfb7hMo,Cranesmart Systems Review: LMI 4 Pipelayer System and Winchsmart System - Load Monitoring with PLM,highlight,274,880,1,0.1136,"Sep 30, 2020",False
kalUH06AIK0,https://www.youtube.com/watch?v=kalUH06AIK0,CAT Pipelayer Review - CAT PL87 Pipelayer ft PipeLine Machinery International (PLM),highlight,258,1147,9,0.7847,"Sep 28, 2020",False
dMCe7KrW_CU,https://www.youtube.com/watch?v=dMCe7KrW_CU,"Commercial Axle Review - Self Steer, Force Steer, Off Highway, & Standard Trailer Axles",episode,878,3743,19,0.5076,"Sep 25, 2020",False
xiOARge3qSQ,https://www.youtube.com/watch?v=xiOARge3qSQ,PipeLine Machinery International: CAT’s Equipment Dealer for Pipeline Construction #11,episode,2420,19282,5,0.0259,"Sep 24, 2020",False
7jgVYO_NOjo,https://www.youtube.com/watch?v=7jgVYO_NOjo,KG Industries: Specialized Commercial Axles in the Transportation Sector #57,episode,3394,17876,8,0.0448,"Sep 22, 2020",False
_-LpI0YfRoA,https://www.youtube.com/watch?v=_-LpI0YfRoA,"Fire Resistant Hydraulic Fluid Technology - What, When, & Where to Use FRHF",highlight,273,489,6,1.227,"Sep 21, 2020",False
mmrQQ4gdb6k,https://www.youtube.com/watch?v=mmrQQ4gdb6k,QUINTOLUBRIC® - Fire-resistant Hydraulic Fluid Test with Tilted Hot Plate 900°C.,highlight,128,212,2,0.9434,"Sep 18, 2020",False
10l66sichy0,https://www.youtube.com/watch?v=10l66sichy0,Quaker Houghton: Industrial Process Fluids #56,episode,2204,16336,10,0.0612,"Sep 17, 2020",False
3c1FBLzzsek,https://www.youtube.com/watch?v=3c1FBLzzsek,"NGIF Funding Process - Intake, Evaluation, Management",mid_clip,333,79,2,2.5316,"Sep 14, 2020",False
NgFcEDaqndQ,https://www.youtube.com/watch?v=NgFcEDaqndQ,Gupex AS Heat Exchangers & Heat Recovery Units - CEMI with Charles Nyabeze,highlight,184,116,1,0.8621,"Sep 11, 2020",False
KY-0zAoZN6c,https://www.youtube.com/watch?v=KY-0zAoZN6c,Natural Gas Innovation Fund: Funding Cleantech Innovation #10,episode,3328,21055,13,0.0617,"Sep 9, 2020",False
ibk8FQ0pDvU,https://www.youtube.com/watch?v=ibk8FQ0pDvU,"Cyber Physical Systems | IoT Solution for Inventory Accuracy, & Real-time Quality Control",highlight,202,35,1,2.8571,"Sep 8, 2020",False
Ydw09xOW0Vo,https://www.youtube.com/watch?v=Ydw09xOW0Vo,History and Future of Canadan Oil - From Miracle to Menace by David Yager,episode,606,114,3,2.6316,"Sep 4, 2020",False
Mi5gGelKjZo,https://www.youtube.com/watch?v=Mi5gGelKjZo,Orphan & Inactive Oil Wells - New Technology to Clean & Secure by Winterhawk Well Abandonment,mid_clip,422,231,6,2.5974,"Sep 3, 2020",False
O0tClzAmbsY,https://www.youtube.com/watch?v=O0tClzAmbsY,Drillform - Bulldog BD90 & BD160 Automated Floor Wrenches | Innovative Drilling Equipment,highlight,153,130,4,3.0769,"Aug 27, 2020",False
Mew3OAV_W_8,https://www.youtube.com/watch?v=Mew3OAV_W_8,"CIF Construction: Concrete Contractor for Mining, Energy, & Forestry #54",episode,2252,13614,3,0.022,"Aug 20, 2020",False
gxS6MVpiun4,https://www.youtube.com/watch?v=gxS6MVpiun4,CEMI: New Mining Innovation & Technology for Ore Discovery #8,episode,3021,3348,11,0.3286,"Aug 19, 2020",False
pbYcFeHnaZg,https://www.youtube.com/watch?v=pbYcFeHnaZg,"AMI Attachments - Manufactured for Excavators, Backhoes & Heavy Construction Equipment",highlight,67,104,2,1.9231,"Aug 17, 2020",False
iPFr0_lEQwY,https://www.youtube.com/watch?v=iPFr0_lEQwY,Simex - Hydraulic Attachments for Earthmoving Machines ft Ben Rapple,mid_clip,310,80,5,6.25,"Aug 14, 2020",False
fIe7A84IFOc,https://www.youtube.com/watch?v=fIe7A84IFOc,"BR Attachments: Distributing for AMI Attachments, Simex, Indeco #53",episode,2642,12334,11,0.0892,"Aug 13, 2020",False
6WikL2EqoAI,https://www.youtube.com/watch?v=6WikL2EqoAI,Business Leadership: Building Effective Working Relations with Multiple Partners with John Adams,mid_clip,453,19,1,5.2632,"Aug 13, 2020",False
fQMXKp_9UWg,https://www.youtube.com/watch?v=fQMXKp_9UWg,Drillform: Automated Floor Wrenches & Drilling Catwalks | Exxon & Chevron Drilling Projects #9,episode,2667,6690,19,0.284,"Aug 11, 2020",False
DwaEk45GVvk,https://www.youtube.com/watch?v=DwaEk45GVvk,Instrumentation for Mining & Energy Facilities | Brownfield & Greenfield Projects Lakewood Electric,mid_clip,467,221,4,1.81,"Aug 4, 2020",False
kagpjpFOWmw,https://www.youtube.com/watch?v=kagpjpFOWmw,"Mainland Construction Materials: Aggregates & Asphalt, Paving, & Construction #52",episode,2489,10264,6,0.0585,"Jul 31, 2020",False
gQcoEerl2Rw,https://www.youtube.com/watch?v=gQcoEerl2Rw,When A Large Corporation Buys A Small Company or Family Business - Mainland CM & Summit Materials,highlight,245,112,2,1.7857,"Jul 31, 2020",False
69G4zhOCEZs,https://www.youtube.com/watch?v=69G4zhOCEZs,"Mainland CM Rock Quarry Operations - Cox Query & Jamieson Quarry, Sumas Mountain BC",mid_clip,323,98,1,1.0204,"Jul 30, 2020",False
-ZXi9C_VNu8,https://www.youtube.com/watch?v=-ZXi9C_VNu8,Aerospace Technology & Heating a Boeing 737 - Environmentally Friendly & Efficient Aircraft Heaters,episode,544,56,3,5.3571,"Jul 24, 2020",False
d5XAOGUdqJY,https://www.youtube.com/watch?v=d5XAOGUdqJY,Encouraging Women to Join Tech & Heavy Industry with CEO Koleya Karringten,highlight,266,67,3,4.4776,"Jul 24, 2020",False
pUnYiJxCvQE,https://www.youtube.com/watch?v=pUnYiJxCvQE,Absolute Combustion: Environmentally Friendly & Efficient High-Performance Combustion Burners #8,episode,2526,6077,7,0.1152,"Jul 23, 2020",False
Yqll4-0t0YE,https://www.youtube.com/watch?v=Yqll4-0t0YE,Converting Oil & Hydrocarbon Reservoirs into Hydrogen Mines and Thermal Generators,mid_clip,331,504,15,2.9762,"Jul 16, 2020",False
mYvG4hE-GGM,https://www.youtube.com/watch?v=mYvG4hE-GGM,Radio Frequency Applications in Oil & Gas with Laura McIntyre from Acceleware,mid_clip,346,197,2,1.0152,"Jul 13, 2020",False
OhqJK6ZBP2o,https://www.youtube.com/watch?v=OhqJK6ZBP2o,Winterhawk Well Abandonment: The Canadian Oil & Gas Industry #7,episode,3095,8291,8,0.0965,"Jul 10, 2020",False
JkpzXl7z8tY,https://www.youtube.com/watch?v=JkpzXl7z8tY,Fracking Oil & Gas Wells - Long Range Imaging & High-Resolution Reservoir Map ft Turkana,highlight,143,94,2,2.1277,"Jul 8, 2020",False
o3s7Ty3hlCE,https://www.youtube.com/watch?v=o3s7Ty3hlCE,"SGS Mining - Global Mining Projects - Full Production, Machine Learning, & Challenges",episode,501,119,3,2.521,"Jul 7, 2020",False
xlID52dAOLU,https://www.youtube.com/watch?v=xlID52dAOLU,Building Strong Partnerships with Indigenous Communities - Lakewood Electrical,highlight,263,39,1,2.5641,"Jul 6, 2020",False
W1c1KC1-cks,https://www.youtube.com/watch?v=W1c1KC1-cks,Lakewood Electric: Instrumentation & Electrical Mining & Energy #51,episode,2607,7394,8,0.1082,"Jul 2, 2020",False
7c0AUmGzq5I,https://www.youtube.com/watch?v=7c0AUmGzq5I,"Turkana: High Resolution Imaging, 3D Reservoir Imaging & Mapping for the Oil & Gas Industry #6",episode,2747,17806,7,0.0393,"Jun 30, 2020",False
i54RA5xDjTA,https://www.youtube.com/watch?v=i54RA5xDjTA,"SGS: Mining, Minerals, & Exploration Services-Global Business Manager #50",episode,3305,7684,8,0.1041,"Jun 25, 2020",False
LFzkoMGwmUk,https://www.youtube.com/watch?v=LFzkoMGwmUk,Acceleware: Radio Frequency Energy to Heat & Mobilize Heavy Oil & Bitumen #5,episode,2585,6481,12,0.1852,"Jun 23, 2020",False
e5TKET9AbEQ,https://www.youtube.com/watch?v=e5TKET9AbEQ,Proton Technologies: Zero Emissions Low-Cost Hydrogen Production #4,episode,2787,3213,78,2.4276,"Jun 16, 2020",False
kPvdQbhcbA4,https://www.youtube.com/watch?v=kPvdQbhcbA4,The Real Struggle of Starting a Business & Being an Entrepreneur,mid_clip,386,50,1,2.0,"Jun 12, 2020",False
p7I25EHVNrk,https://www.youtube.com/watch?v=p7I25EHVNrk,Tundra Process Solutions: Oil & Gas & Industrial Process Equipment #3,episode,2995,207,5,2.4155,"Jun 11, 2020",False
Fz4pOp4BXEU,https://www.youtube.com/watch?v=Fz4pOp4BXEU,The Importance of Social Media in Mining with Turner Mining Group,episode,480,68,2,2.9412,"Jun 10, 2020",False
L2gpKdDNAKM,https://www.youtube.com/watch?v=L2gpKdDNAKM,Turner Mining Group: Mining Service Contractors & Mine Operators #49,episode,2978,2543,11,0.4326,"Jun 9, 2020",False
HKIJ7JW1N0M,https://www.youtube.com/watch?v=HKIJ7JW1N0M,World Petroleum Congress - World Petroleum Council (WPC) Canada with Richard Masson,episode,503,164,3,1.8293,"Jun 5, 2020",False
iLTd-slgf9g,https://www.youtube.com/watch?v=iLTd-slgf9g,World Petroleum Council: Fractal Systems #2,episode,2789,1773,9,0.5076,"Jun 4, 2020",False
4M1v094KLck,https://www.youtube.com/watch?v=4M1v094KLck,"Image, Conveyor, & Vehicle Material Analysis Software for Particle Size Analysis | WipWare",mid_clip,425,83,4,4.8193,"May 29, 2020",False
3wfLHYJkV9g,https://www.youtube.com/watch?v=3wfLHYJkV9g,Riskope: Risk Assessment and Optimum Risk Estimates (ORE) #7,episode,2006,13878,34,0.245,"May 26, 2020",False
opFVHwKq5QA,https://www.youtube.com/watch?v=opFVHwKq5QA,Daequip: The Designing and Manufacturing of Equipment Attachments #46,episode,2970,5746,13,0.2262,"May 21, 2020",False
LH9b41dJmA0,https://www.youtube.com/watch?v=LH9b41dJmA0,"Power Zone Equipment: Pumping Systems for Oil & Gas, Mining, & Drilling Projects #1",episode,2499,16771,12,0.0716,"May 19, 2020",False
vJuMV4_9nhY,https://www.youtube.com/watch?v=vJuMV4_9nhY,990K CAT Wheel Loader with Custom Built Bucket | Daequip,highlight,164,254,6,2.3622,"May 15, 2020",False
UdawcZnNDM4,https://www.youtube.com/watch?v=UdawcZnNDM4,LabTest: What You Need to Know About Product Testing & Certification #48,episode,3148,6338,7,0.1104,"May 14, 2020",False
UbZO7APGwfA,https://www.youtube.com/watch?v=UbZO7APGwfA,Transportation Regulations in the Heavy Lift and Haul Industry | TransWorld Manufacturing Co.,highlight,274,90,2,2.2222,"May 13, 2020",False
v3Hm1g_Vpao,https://www.youtube.com/watch?v=v3Hm1g_Vpao,WipWare: Pioneering Fragmentation Analysis Technology for 25 Years #47,episode,3609,19357,11,0.0568,"May 7, 2020",False
PjjJUdAizMc,https://www.youtube.com/watch?v=PjjJUdAizMc,Transportation Industry: Understanding the Railcar Market with MGH Railcar,highlight,237,86,2,2.3256,"May 5, 2020",False
KduTzsZzhiQ,https://www.youtube.com/watch?v=KduTzsZzhiQ,TCS 46. Daequip - The Designing and Manufacturing of Equipment Attachments with Ed Lingel,episode,3082,257,10,3.8911,"Premiered Apr 30, 2020",True
cvjId7S7Eco,https://www.youtube.com/watch?v=cvjId7S7Eco,Being Ready To Lead from Experience - From John Deere to Owning A Kubota Dealership,highlight,263,36,3,8.3333,"Apr 29, 2020",False
PJJrE74Q9js,https://www.youtube.com/watch?v=PJJrE74Q9js,TransWorld Manufacturing Co: Specialized Crane Transport in the Heavy Lift & Haul Industry #45,episode,2660,6983,13,0.1862,"Apr 23, 2020",False
6DwGa5Bu9sY,https://www.youtube.com/watch?v=6DwGa5Bu9sY,"Comparing Tractors - Kubota vs Massey Ferguson vs Fendt - Tractor Size, Technology and Application",mid_clip,315,3939,10,0.2539,"Apr 21, 2020",False
idgr9p7aUz4,https://www.youtube.com/watch?v=idgr9p7aUz4,"MGH Railcar: Storage, Repairs, and the Railcar Industry #43",episode,2941,275,6,2.1818,"Apr 16, 2020",False
hxCB42d4Mu8,https://www.youtube.com/watch?v=hxCB42d4Mu8,Industrial Leadership: Developing A Strong Company Culture for Generations with Nickel Bros.,highlight,265,24,1,4.1667,"Apr 15, 2020",False
M79sG8altzM,https://www.youtube.com/watch?v=M79sG8altzM,"Avenue Machinery: Kubota, Agriculture, & Construction Equipment #42",episode,3675,1164,11,0.945,"Apr 9, 2020",False
kk_g6Wpshwc,https://www.youtube.com/watch?v=kk_g6Wpshwc,"Major Projects Mining, Oil & Gas, Manufacturing Heavy Lift and Transportation by Nickel Bros",mid_clip,362,93,2,2.1505,"Apr 8, 2020",False
0T0X9xBOLpw,https://www.youtube.com/watch?v=0T0X9xBOLpw,XGraphic: Real-Time Mining Software Solutions IT Services #6,episode,1618,280,5,1.7857,"Apr 7, 2020",False
N-yzbjp1vFU,https://www.youtube.com/watch?v=N-yzbjp1vFU,"Nickel Bros: Residential and Industrial Structural Moving, Heavy Lifting & Transportation #41",episode,2980,1604,12,0.7481,"Apr 2, 2020",False
Acmvr-Q8Rqw,https://www.youtube.com/watch?v=Acmvr-Q8Rqw,CTEM: Innovative Evolution of Training for Mining #5,episode,1678,250,7,2.8,"Mar 31, 2020",False
NiAOLngRKV4,https://www.youtube.com/watch?v=NiAOLngRKV4,Teck Resources: Mine Operations & Leadership #4,episode,1106,3106,10,0.322,"Mar 24, 2020",False
tUrnZoCl8m4,https://www.youtube.com/watch?v=tUrnZoCl8m4,Taseko’s Gibraltar Mines: Mine Maintenance Strategy #3,episode,1397,4983,17,0.3412,"Mar 17, 2020",False
XiAqVM41N2c,https://www.youtube.com/watch?v=XiAqVM41N2c,New Gold Inc: Harnessing Hidden Potential in Mining #2,episode,1142,4653,34,0.7307,"Mar 10, 2020",False
DoYDCV_29FY,https://www.youtube.com/watch?v=DoYDCV_29FY,"Mining NOW Promo: Experts, Leaders & Innovators in Mining by CIM-ICM & Crownsmen #1",short,45,418,6,1.4354,"Mar 5, 2020",False
T-EqPnzdY4c,https://www.youtube.com/watch?v=T-EqPnzdY4c,Ritchie Bros. Things You Learn in Your Career ft  Canadian President Kieran Holm,mid_clip,309,165,4,2.4242,"Nov 26, 2019",False
T49JSN-6a88,https://www.youtube.com/watch?v=T49JSN-6a88,Ritchie Bros. Asset Solutions and Online Technology,highlight,220,471,8,1.6985,"Nov 21, 2019",False
opiJUMLzEQM,https://www.youtube.com/watch?v=opiJUMLzEQM,Ritchie Bros. Dave Ritchie's Story & Vision,highlight,178,1041,7,0.6724,"Nov 19, 2019",False
fDhRZuDaSFA,https://www.youtube.com/watch?v=fDhRZuDaSFA,Anim Hair and Beauty Studio - A Beautiful Culture with Daniel Ampong,episode,651,84,2,2.381,"Nov 14, 2019",False
5ZpjQquNFu0,https://www.youtube.com/watch?v=5ZpjQquNFu0,"Brian Hughes, Pandora’s Box and Gamedeals EATs Big Star Sandwich",episode,715,60,1,1.6667,"Nov 14, 2019",False
2YwWqHBIMxM,https://www.youtube.com/watch?v=2YwWqHBIMxM,Ritchie Bros: Understanding The World's Largest Equipment Auctioneer #40,episode,3607,10130,22,0.2172,"Nov 14, 2019",False
kvwB1SIYK2c,https://www.youtube.com/watch?v=kvwB1SIYK2c,"Stephen O’Shea, Arts Council of New Westminster EATs Taverna Greka - Columbia StrEAT",episode,722,103,0,0.0,"Nov 13, 2019",False
XtdZveVHfQo,https://www.youtube.com/watch?v=XtdZveVHfQo,Jackie & John Gootie EATs ReUp BBQ - Columbia StrEAT,episode,779,19,2,10.5263,"Nov 13, 2019",False
BT5Pghbb_Vg,https://www.youtube.com/watch?v=BT5Pghbb_Vg,"Mary Trentadue, City Councillor EATs Whistler Wood Fire Pizza - Columbia StrEAT",episode,603,39,1,2.5641,"Nov 13, 2019",False
7RkscrNbiMI,https://www.youtube.com/watch?v=7RkscrNbiMI,"Kelly Savela, Paws Pet Centre EATs with Bruncheria Cafe - Columbia StrEAT",episode,635,51,1,1.9608,"Nov 13, 2019",False
8Hi_Csab4bs,https://www.youtube.com/watch?v=8Hi_Csab4bs,Family Business Tips - Managing & Operating a Family Owned Company with Lampson Cranes,highlight,209,158,3,1.8987,"Nov 5, 2019",False
w-2CXbHcrlk,https://www.youtube.com/watch?v=w-2CXbHcrlk,Lampson LTL 3000 - Heavy Lift Mobile Cranes in Action,highlight,280,2078,17,0.8181,"Oct 31, 2019",False
fx3eSuNx0IY,https://www.youtube.com/watch?v=fx3eSuNx0IY,IMT: The Struggle of Canadian Manufacturers and Industrial Businesses - Dave Miles,episode,661,127,4,3.1496,"Oct 22, 2019",False
ab33ekumg0E,https://www.youtube.com/watch?v=ab33ekumg0E,IMT: Wet & Dry Magnetic Drum Separators - Design and Application,highlight,138,154,4,2.5974,"Oct 17, 2019",False
HO7L6kvQi_U,https://www.youtube.com/watch?v=HO7L6kvQi_U,Lampson Cranes: Giant Heavy Lift Cranes & Amazing Construction Projects #39,episode,3404,7667,18,0.2348,"Oct 17, 2019",False
eKP_nsv-6Bk,https://www.youtube.com/watch?v=eKP_nsv-6Bk,Leading by Example in First Nations Communities - Chief Dan George,highlight,146,174,4,2.2989,"Oct 15, 2019",False
_9SWrDH07Zo,https://www.youtube.com/watch?v=_9SWrDH07Zo,Indigenous Services Canada ISC & BC First Nations Housing & Infrastructure Counci,mid_clip,354,281,3,1.0676,"Oct 10, 2019",False
nI2kBWEcEyU,https://www.youtube.com/watch?v=nI2kBWEcEyU,"Innovative Magnetic Technology IMT - Industrial Magnets, Magnetic Systems & Applications #38",episode,3853,3775,7,0.1854,"Oct 8, 2019",False
GDizh9Qb7Lc,https://www.youtube.com/watch?v=GDizh9Qb7Lc,"US Hemp Roundtable: The Hemp Industry, Mitch McConnell, and the Hemp Farming Act",highlight,181,72,5,6.9444,"Oct 8, 2019",False
v2s1FtVQfSw,https://www.youtube.com/watch?v=v2s1FtVQfSw,Barleans: CBD Hemp Oil,highlight,295,564,5,0.8865,"Oct 3, 2019",False
l6_eQ5nWGzA,https://www.youtube.com/watch?v=l6_eQ5nWGzA,US Hemp Roundtable: The History and Future of Hemp with Ola Lessard from Barleans #37,episode,2874,3570,7,0.1961,"Oct 1, 2019",False
yLMbzX9O6KM,https://www.youtube.com/watch?v=yLMbzX9O6KM,GEKKO Systems: Developing Mining Technology by Partnering with Universities,mid_clip,336,61,1,1.6393,"Sep 26, 2019",False
RMp6RtHDAxA,https://www.youtube.com/watch?v=RMp6RtHDAxA,BC LNG Alliance: LNG Projects in British Columbia,mid_clip,313,236,4,1.6949,"Sep 26, 2019",False
6z_4weF-S1g,https://www.youtube.com/watch?v=6z_4weF-S1g,GEKKO Systems: Modular Mineral Processing Plants - Design & Technology,mid_clip,373,306,3,0.9804,"Sep 24, 2019",False
AheobH330js,https://www.youtube.com/watch?v=AheobH330js,Cementation Americas: Mining Innovation and Disrupting Mining Technology,mid_clip,315,330,5,1.5152,"Sep 24, 2019",False
6pkR8Fm1D5Q,https://www.youtube.com/watch?v=6pkR8Fm1D5Q,First Nations LNG Alliance: The LNG Industry and Leadership #36,episode,3365,2911,10,0.3435,"Sep 24, 2019",False
ehrXEUhBz0c,https://www.youtube.com/watch?v=ehrXEUhBz0c,Cementation Americas: 2010 Copiapó Mining Accident - How Trapped Miners Were Rescued,mid_clip,368,322,7,2.1739,"Sep 19, 2019",False
qSC-L6IhcnE,https://www.youtube.com/watch?v=qSC-L6IhcnE,PSA International & Ashcroft Terminal: Developing Partnerships and Long Term Value,episode,841,217,5,2.3041,"Sep 17, 2019",False
crOainTFTr8,https://www.youtube.com/watch?v=crOainTFTr8,"Gekko Systems: Mining, Energy Efficiency, & Innovation #35",episode,3837,2452,3,0.1223,"Sep 17, 2019",False
2P1WSknsYeU,https://www.youtube.com/watch?v=2P1WSknsYeU,Legacy Building Solutions: How Steel Frames for Fabric Building Are Designed and Engineered,highlight,240,65,3,4.6154,"Sep 13, 2019",False
4AWATCNMpeQ,https://www.youtube.com/watch?v=4AWATCNMpeQ,Formation Ag: The Opportunity for Hemp Products Are Endless,mid_clip,341,91,3,3.2967,"Sep 11, 2019",False
SJit_X76-Kw,https://www.youtube.com/watch?v=SJit_X76-Kw,"CS #2: Hy-G Concentrators, ST Trommels, & Placer Equipment ft Jordan Downey -  Savona Equipment",episode,1802,1159,10,0.8628,"Sep 4, 2019",False
ByWBZai1hp4,https://www.youtube.com/watch?v=ByWBZai1hp4,"CS #1: Mine Engineering, Mining Regulations and Optimization ft Brent Hilscher - DRA Global",episode,1025,346,6,1.7341,"Sep 4, 2019",False
LcRJx7yO1qk,https://www.youtube.com/watch?v=LcRJx7yO1qk,BC LNG Alliance: The Future of LNG and the Energy Industry #34,episode,2350,5057,11,0.2175,"Aug 27, 2019",False
xLdorkmJlbU,https://www.youtube.com/watch?v=xLdorkmJlbU,"Cementation: Underground Mining, Mine Contracting, & Engineering #33",episode,4551,6950,22,0.3165,"Aug 20, 2019",False
GLgkzdca5kU,https://www.youtube.com/watch?v=GLgkzdca5kU,Advertising & Marketing Mining Products - Mining Industry Tips & Platforms,highlight,249,2902,62,2.1365,"Aug 12, 2019",False
Nq0Dp4QdT7s,https://www.youtube.com/watch?v=Nq0Dp4QdT7s,"Ashcroft Terminal: Inland Ports, Train Tracks & Transportation #32",episode,3651,6528,12,0.1838,"Aug 6, 2019",False
IWNAt7wTguk,https://www.youtube.com/watch?v=IWNAt7wTguk,Legacy Building Solutions: Designing and Engineering Custom Fabric Buildings #31,episode,4176,6647,9,0.1354,"Jul 30, 2019",False
WBRHNFvriOg,https://www.youtube.com/watch?v=WBRHNFvriOg,Formation Ag: Harvesting & Processing Hemp on an Industrial Scale #30,episode,4390,6632,20,0.3016,"Jul 22, 2019",False
CHEykkLd0NU,https://www.youtube.com/watch?v=CHEykkLd0NU,Tradesmen International: Maximizing Your Labour Force - Employer Labour Consultant,episode,499,263,6,2.2814,"Jul 18, 2019",False
uVfDGcw9jyw,https://www.youtube.com/watch?v=uVfDGcw9jyw,Tradesmen International: Skilled Worker & Trades Shortage and Job Security #29,episode,4161,6736,11,0.1633,"Jul 15, 2019",False
WwFKxIzNp3o,https://www.youtube.com/watch?v=WwFKxIzNp3o,KPMG: SR & ED Government Tax Incentive,episode,1243,173,13,7.5145,"Jul 11, 2019",False
xqHMGyHX_9A,https://www.youtube.com/watch?v=xqHMGyHX_9A,"Wainbee Aerospace - Aircraft Producers, Military and Defense",highlight,245,62,3,4.8387,"Jul 2, 2019",False
OI9zpatQ4Tk,https://www.youtube.com/watch?v=OI9zpatQ4Tk,KPMG LLP: Innovation Superclusters - Industry and Government Collaboration,episode,572,86,2,2.3256,"Jun 26, 2019",False
euy8TW68hps,https://www.youtube.com/watch?v=euy8TW68hps,Wainbee Mining - Underground and Processing Plants,highlight,214,55,1,1.8182,"Jun 25, 2019",False
M4tYBD3uQcI,https://www.youtube.com/watch?v=M4tYBD3uQcI,"Wainbee Oil and Gas - Instrumentation, Measurements, & Monitoring",mid_clip,305,150,3,2.0,"Jun 18, 2019",False
nVsUyIZlqZU,https://www.youtube.com/watch?v=nVsUyIZlqZU,KPMG: R&D Incentives & Innovation Superclusters for Canadian Businesses #28,episode,4223,7662,8,0.1044,"Jun 14, 2019",False
RZOD1lmhCS0,https://www.youtube.com/watch?v=RZOD1lmhCS0,"Wainbee: Motion & Control, Industrial Filtration and Automation #27",episode,4084,8096,3,0.0371,"Jun 7, 2019",False
F1PESnIPZs8,https://www.youtube.com/watch?v=F1PESnIPZs8,Sego Resources: How Do You Become A Gold Prospector? - Mining Professions,highlight,165,65,4,6.1538,"May 30, 2019",False
hRqu_r2L3go,https://www.youtube.com/watch?v=hRqu_r2L3go,Sego Resources: How Mining Effects a Community - Building Mines from Exploration to Production,highlight,272,63,5,7.9365,"May 28, 2019",False
flzw59EayU4,https://www.youtube.com/watch?v=flzw59EayU4,Sego Resources: Mineral Exploration - A Boom and Bust Industry,mid_clip,310,36,1,2.7778,"May 28, 2019",False
zjzwii7CHdk,https://www.youtube.com/watch?v=zjzwii7CHdk,Sego Resources: Junior Mining Companies - Exploration to Production #26,episode,3927,9366,8,0.0854,"May 24, 2019",False
rYl9puHt6B8,https://www.youtube.com/watch?v=rYl9puHt6B8,Advanced Intelligent Systems: Robotics in Agriculture and Horticulture - AI & IoT Technology #25,episode,3572,4437,10,0.2254,"May 17, 2019",False
YylCW26IUeY,https://www.youtube.com/watch?v=YylCW26IUeY,Meeting Pope Francis - Apology from the Catholic Church to Indigenous Peoples,episode,635,102,2,1.9608,"Premiered May 16, 2019",False
zW67SelIegU,https://www.youtube.com/watch?v=zW67SelIegU,Peter Krahn: Can a Conservative be and Environmentalist?,mid_clip,437,33,3,9.0909,"Premiered May 14, 2019",False
ua3-9InigDE,https://www.youtube.com/watch?v=ua3-9InigDE,Special 1 Year Celebration!!! The Crownsmen Podcast #24,episode,4794,5741,20,0.3484,"May 10, 2019",False
2rxAm5rdtDI,https://www.youtube.com/watch?v=2rxAm5rdtDI,William Wright Commercial: Should landlords be allowed to raise rent?,mid_clip,328,45,4,8.8889,"May 9, 2019",False
IjsksJg-WTg,https://www.youtube.com/watch?v=IjsksJg-WTg,Kinder Morgan: Pipeline Negotiations with Indigenous Peoples - Cando #23,episode,4668,6628,15,0.2263,"May 3, 2019",False
w8nn4YNvibY,https://www.youtube.com/watch?v=w8nn4YNvibY,Environmental Impact of Industrial Sectors #22,episode,4163,6714,15,0.2234,"Apr 26, 2019",False
Jp2mlnkakmg,https://www.youtube.com/watch?v=Jp2mlnkakmg,"Frank Antoine: Indigenous Peoples History, Culture, and Heritage.",episode,1027,176,4,2.2727,"Premiered Apr 24, 2019",False
EO8qkS1mgA0,https://www.youtube.com/watch?v=EO8qkS1mgA0,"Frank Antoine: Mining with Indigenous Communities - Jobs, Environmental Challenges, & Traditions",highlight,159,95,6,6.3158,"Premiered Apr 15, 2019",False
YWk79a56x1E,https://www.youtube.com/watch?v=YWk79a56x1E,"William Wright Commercial: Real Estate - Heavy Industry, Small Business & Investors #21",episode,4290,6735,22,0.3267,"Apr 12, 2019",False
cK59gXQRJNg,https://www.youtube.com/watch?v=cK59gXQRJNg,Frank Antoine: Negotiating Between the Forestry Industry and Indigenous Peoples,highlight,183,73,11,15.0685,"Apr 9, 2019",False
EAKfd8Zv0-M,https://www.youtube.com/watch?v=EAKfd8Zv0-M,Frank Antoine: Indigenous People & Pipelines | Support and Opposition for the Oil & Gas Industry,highlight,264,153,12,7.8431,"Apr 9, 2019",False
gS6mXdbvY3w,https://www.youtube.com/watch?v=gS6mXdbvY3w,"Frank Antoine: Indigenous Peoples, Pipelines, Mining, and Forestry #20",episode,4275,9326,15,0.1608,"Apr 5, 2019",False
y8lyCzpWpHc,https://www.youtube.com/watch?v=y8lyCzpWpHc,DataCloud: Merging and Consolidating IoT and AI Mining Technology,mid_clip,313,161,6,3.7267,"Mar 27, 2019",False
GyORPc-mA1c,https://www.youtube.com/watch?v=GyORPc-mA1c,DataCloud: Drilling & Blasting in Mines Using IoT & AI #19,episode,3434,6502,20,0.3076,"Mar 22, 2019",False
t-zfxL98-Nw,https://www.youtube.com/watch?v=t-zfxL98-Nw,"Streamline Transportation: Navistream, Navilink, & Degama",episode,1018,310,6,1.9355,"Mar 21, 2019",False
PPAgMQn6AcE,https://www.youtube.com/watch?v=PPAgMQn6AcE,Streamline (STTI): Automation and AI in the Trucking & Transportation Industry,highlight,230,127,3,2.3622,"Premiered Mar 19, 2019",False
dP6vVcyefTY,https://www.youtube.com/watch?v=dP6vVcyefTY,Being A Goalie Coach in the WHL with Dan De Palma  - Kamloops Blazers,highlight,299,87,5,5.7471,"Mar 16, 2019",False
H1NmFKafSJI,https://www.youtube.com/watch?v=H1NmFKafSJI,Streamline (STTI): Telematics & Vehicle Automation Technology #18,episode,3638,8251,13,0.1576,"Mar 15, 2019",False
9KlmsGn2RnI,https://www.youtube.com/watch?v=9KlmsGn2RnI,"CopperBank Resources: The Future of Transportation: Autonomous Cars, Car Sharing & Electric Vehicles",mid_clip,454,116,5,4.3103,"Premiered Mar 13, 2019",False
9UupSA_XnXs,https://www.youtube.com/watch?v=9UupSA_XnXs,Freightera: Eric Beckwitt Founder and CEO on Redefining Freight,episode,776,100,5,5.0,"Mar 10, 2019",False
hVLEV9vX3ks,https://www.youtube.com/watch?v=hVLEV9vX3ks,Freightera: DHL Zero Emission Freight Trucks & High Speed Trains | Low Emissions Technology,episode,538,80,7,8.75,"Mar 9, 2019",False
_mRbn15zU-w,https://www.youtube.com/watch?v=_mRbn15zU-w,"Russia’s Economy: High Speed Trains, Super Highways, Infrastructure, and GMO Free Organic Food",episode,550,1367,28,2.0483,"Mar 9, 2019",False
1nm8bh9yG-Y,https://www.youtube.com/watch?v=1nm8bh9yG-Y,"CopperBank Resources: Investing in Commodities   Understanding Copper, Oil, Metals, and Energy",highlight,258,49,4,8.1633,"Premiered Mar 9, 2019",False
tykMB5O5piQ,https://www.youtube.com/watch?v=tykMB5O5piQ,Freightera: Booking Freight Online & Lowering Transportation Emissions #17,episode,3243,6207,16,0.2578,"Mar 8, 2019",False
L89pLSqEU2M,https://www.youtube.com/watch?v=L89pLSqEU2M,Ashdown Capital: Financing Equipment and Manufacturing Plants | Capital Leasing & Loans,episode,607,174,8,4.5977,"Mar 6, 2019",False
_A9KFkA_stU,https://www.youtube.com/watch?v=_A9KFkA_stU,Ashdown Capital: Financing Commercial Real Estate | Owner Occupied vs Investor Owned,episode,598,349,8,2.2923,"Mar 6, 2019",False
6HImRsAhbf4,https://www.youtube.com/watch?v=6HImRsAhbf4,Ashdown Capital: How Bitcoin Miners Get Financing From Banks & Private Lenders,highlight,181,222,8,3.6036,"Mar 6, 2019",False
pocQ4Ft7A00,https://www.youtube.com/watch?v=pocQ4Ft7A00,CopperBank Resources: The Future of Copper and Green Energy #16,episode,4210,6189,29,0.4686,"Mar 1, 2019",False
nI0PZ_e7LzQ,https://www.youtube.com/watch?v=nI0PZ_e7LzQ,Ashdown Capital: Commercial Financing 101 - Banks & Raising Capital #15,episode,4839,7333,17,0.2318,"Feb 22, 2019",False
tvy_Fl3G2GU,https://www.youtube.com/watch?v=tvy_Fl3G2GU,Otter Co-op: Unpackaging the Fuel Refinery & Bulk Petroleum Business,episode,1127,320,4,1.25,"Feb 19, 2019",False
DbV7_A6NfUA,https://www.youtube.com/watch?v=DbV7_A6NfUA,"Otter Co-op: How Co-ops Operate - Cooperative Membership, Businesses Strategies, & Management #14",episode,3138,9988,22,0.2203,"Feb 15, 2019",False
QXY9VkHRtZE,https://www.youtube.com/watch?v=QXY9VkHRtZE,Power Zone Equipment - Pumps for Fluid Handling Systems in Mining and Oil & Gas,episode,1466,137,8,5.8394,"Feb 14, 2019",False
4cKZ0R8fnWU,https://www.youtube.com/watch?v=4cKZ0R8fnWU,Power Zone Equipment: Mixing Faith and Family with Business,mid_clip,388,99,8,8.0808,"Feb 12, 2019",False
g4Lnu-GV3Sw,https://www.youtube.com/watch?v=g4Lnu-GV3Sw,Power Zone Equipment: Engineering Industrial Pumping Systems in the Oil & Gas Industry #13,episode,4416,9195,15,0.1631,"Feb 8, 2019",False
5v62Rtkidak,https://www.youtube.com/watch?v=5v62Rtkidak,DRA Global: Sensor Technology for Bulk & Particle Sorting in Ore Processing Plants #12,episode,4660,5391,17,0.3153,"Feb 1, 2019",False
qpeLKiE_VKo,https://www.youtube.com/watch?v=qpeLKiE_VKo,Energold: Mineral Drilling and Energy Drilling Technology and Services,episode,2319,571,19,3.3275,"Dec 14, 2018",False
i7yOWjyFBkk,https://www.youtube.com/watch?v=i7yOWjyFBkk,"Energold Drilling: Drilling Technology for Mining, Oil and Gas #11",episode,3981,1260,18,1.4286,"Dec 1, 2018",False
GlhsaF5Ft7A,https://www.youtube.com/watch?v=GlhsaF5Ft7A,"Starting New Mines - How Mines Attract Investors, Gain Public Trust, & Adopt New Technology",episode,1588,75,13,17.3333,"Nov 19, 2018",False
EN81kmEmuQQ,https://www.youtube.com/watch?v=EN81kmEmuQQ,How Mines Attract Investors & Raise Capital ft Mauro Chiesa,highlight,211,143,8,5.5944,"Nov 17, 2018",False
46WOYK7C84c,https://www.youtube.com/watch?v=46WOYK7C84c,Getting Mines Off The Ground #10,episode,2712,4455,21,0.4714,"Nov 1, 2018",False
n86P5H5mllk,https://www.youtube.com/watch?v=n86P5H5mllk,SGB-SMIT Group - Industrial Transformer Specialist,episode,924,1049,15,1.4299,"Oct 25, 2018",False
kpRx57o18eM,https://www.youtube.com/watch?v=kpRx57o18eM,BigSteelBox - Custom Portable Moving and Storage Services,mid_clip,353,237,15,6.3291,"Oct 18, 2018",False
4r0lL53PZ6E,https://www.youtube.com/watch?v=4r0lL53PZ6E,"Xylem Pumps for Mining, Oil & Gas, Agriculture, and Construction",mid_clip,447,376,14,3.7234,"Oct 11, 2018",False
fBek5zLwYms,https://www.youtube.com/watch?v=fBek5zLwYms,Supplying Mines in Canada - Selling Equipment and Services to Mining Operations #9,episode,5015,21847,30,0.1373,"Oct 1, 2018",False
-Qv_NUiuUkw,https://www.youtube.com/watch?v=-Qv_NUiuUkw,Brian Zadro - Potential Issues with Fibreglass Reinforced Plastic FRP,highlight,157,87,8,9.1954,"Jul 20, 2018",False
9Gof1fX0pRI,https://www.youtube.com/watch?v=9Gof1fX0pRI,Fibreglass Reinforced Plastic (FRP) for Industrial Applications with Brian Zadro,episode,1191,410,16,3.9024,"Jul 20, 2018",False
EHOtqeFqRrQ,https://www.youtube.com/watch?v=EHOtqeFqRrQ,Brian Zadro: Fibreglass Pipes and Tanks Vs Carbon Steel & Stainless Steel,highlight,187,58,7,12.069,"Jul 20, 2018",False
tVLDcv5mGYQ,https://www.youtube.com/watch?v=tVLDcv5mGYQ,"Brian Zadro - Engineering, Fabricating & Manufacturing Fibreglass Pipes & Tanks",highlight,223,51,9,17.6471,"Jul 20, 2018",False
WzzrIZSmIys,https://www.youtube.com/watch?v=WzzrIZSmIys,Big Steel Box Supply Portable Structures Across Canada,highlight,77,157,11,7.0064,"Jul 13, 2018",False
43uCxV6CS3c,https://www.youtube.com/watch?v=43uCxV6CS3c,"Tom Shypitka, MLA - Mining in The Beautiful Kootenay Rockies",highlight,138,64,6,9.375,"Jun 28, 2018",False
5XhkLUMOX0U,https://www.youtube.com/watch?v=5XhkLUMOX0U,Tom Shypitka MLA Why Government Should Support Mining in BC,episode,833,194,11,5.6701,"Jun 28, 2018",False
GKxH4BJBrQI,https://www.youtube.com/watch?v=GKxH4BJBrQI,"Tom Shypitka, MLA - Finding the Balance Between Environment and Economy",highlight,278,16,5,31.25,"Jun 28, 2018",False
Vis5PfCXR54,https://www.youtube.com/watch?v=Vis5PfCXR54,"Tom Shypitka, MLA - Government Support for Innovations and Technology in Mining",highlight,221,39,7,17.9487,"Jun 28, 2018",False
ZD6zGnPON_o,https://www.youtube.com/watch?v=ZD6zGnPON_o,Bombardier Transportation - Scalable Underground Rail Systems,highlight,190,143,8,5.5944,"Jun 21, 2018",False
JVNobd5RyZU,https://www.youtube.com/watch?v=JVNobd5RyZU,The Future of Autonomous Mining Transportation Systems | Bombardier Transportation,highlight,204,102,8,7.8431,"Jun 21, 2018",False
AlhxMxOzMcQ,https://www.youtube.com/watch?v=AlhxMxOzMcQ,"Bombardier Transportation Division, Schalke & NMT Partnership for Underground Rail Haulage",highlight,110,123,10,8.1301,"Jun 21, 2018",False
_rCo-eKEImU,https://www.youtube.com/watch?v=_rCo-eKEImU,"Bombardier Transportation: Industrial Automated Rail Systems for Mining, Agriculture & Heavy Haul",episode,960,562,25,4.4484,"Jun 21, 2018",False
jjmf3NWJpiQ,https://www.youtube.com/watch?v=jjmf3NWJpiQ,Sacré-Davey Engineering: Mining Studies & Construction Projects,episode,1005,259,11,4.2471,"Jun 15, 2018",False
FtrtaHKVYuo,https://www.youtube.com/watch?v=FtrtaHKVYuo,WipWare & Sacré-Davey Engineering: Understanding Sensor Based Ore Processing #8,episode,4059,67728,33,0.0487,"Jun 14, 2018",False
eZUM7L_PzqY,https://www.youtube.com/watch?v=eZUM7L_PzqY,Sacré-Davey Engineering: What is Sensor Based Ore Processing?,highlight,128,96,9,9.375,"Jun 14, 2018",False
U4x6LWF1a-s,https://www.youtube.com/watch?v=U4x6LWF1a-s,"Tom Palangio on Leadership, Being a Disruptor, & Innovation",highlight,149,68,10,14.7059,"Jun 14, 2018",False
WEfYeskK78g,https://www.youtube.com/watch?v=WEfYeskK78g,WipWare: How Has Imagery and Sensory Technology Evolved In Mining?,mid_clip,375,50,8,16.0,"Jun 14, 2018",False
0imjI0fxKPw,https://www.youtube.com/watch?v=0imjI0fxKPw,Brent Hilscher: What is the Future of Particle Sorting for Ore Processing?,highlight,235,328,11,3.3537,"Jun 14, 2018",False
P6aV0-PzGpk,https://www.youtube.com/watch?v=P6aV0-PzGpk,Sacré-Davey Engineering: Specialized Mining and Processing Equipment for Sensor Based Ore Sorting,highlight,263,87,9,10.3448,"Jun 14, 2018",False
3WWo68uq3PM,https://www.youtube.com/watch?v=3WWo68uq3PM,"WipWare: Technology to Measure, Quantify and Characterize Blast Efficiency & Ore Processing",highlight,204,54,9,16.6667,"Jun 14, 2018",False
WVDRh9XcNfE,https://www.youtube.com/watch?v=WVDRh9XcNfE,WipWare: Automatic Real-time Fragmentation Analysis,episode,1381,284,10,3.5211,"Jun 14, 2018",False
-TuSs2PNolI,https://www.youtube.com/watch?v=-TuSs2PNolI,Will Governments Support Autonomous Mining?,highlight,134,146,9,6.1644,"May 31, 2018",False
f4ilaezW-ek,https://www.youtube.com/watch?v=f4ilaezW-ek,"Mining with Autonomous Drills, Trucks, & Drones",highlight,134,132,5,3.7879,"May 31, 2018",False
XwGVPCCT_iU,https://www.youtube.com/watch?v=XwGVPCCT_iU,GMSG - Autonomous Mining Working Group,highlight,190,123,4,3.252,"May 31, 2018",False
dCiaumk4BbA,https://www.youtube.com/watch?v=dCiaumk4BbA,The Crownsmen Podcast at CIM BC 2018,highlight,207,199,6,3.0151,"May 31, 2018",False
HZUSfK-NX10,https://www.youtube.com/watch?v=HZUSfK-NX10,"Bombardier: Autonomous, VR  & Remote Mining Technology #6",episode,2848,13387,22,0.1643,"May 31, 2018",False
mDZemL-cBwA,https://www.youtube.com/watch?v=mDZemL-cBwA,Savona Equipment: Used Mining and Processing Equipment with Savona Equipment,mid_clip,395,312,13,4.1667,"May 30, 2018",False
lFn1Y6h7Tlc,https://www.youtube.com/watch?v=lFn1Y6h7Tlc,Savona Equipment: Placer Mining with Hy-G Concentrators,episode,674,1062,18,1.6949,"May 18, 2018",False
hvG3kfQjav4,https://www.youtube.com/watch?v=hvG3kfQjav4,Savona Equipment: Placer Mining with the Savona Equipment Trommel,highlight,156,253,12,4.7431,"May 18, 2018",False
F165UoLwzoM,https://www.youtube.com/watch?v=F165UoLwzoM,Buying Used Mining & Processing Equipment with Savona Equipment,episode,1867,452,11,2.4336,"May 18, 2018",False
BZWIIPzlGms,https://www.youtube.com/watch?v=BZWIIPzlGms,GHH: Soft Rock & Hard Rock Mining Equipment,highlight,156,3718,18,0.4841,"May 18, 2018",False
m9nqdVGAWLo,https://www.youtube.com/watch?v=m9nqdVGAWLo,GHH: The History of GHH and Augsburg-Nürnberg (M.A.N),highlight,150,5800,24,0.4138,"May 18, 2018",False
tRSF2zwPAr8,https://www.youtube.com/watch?v=tRSF2zwPAr8,GHH: Mining & Tunneling and the North American Market,episode,1089,17475,68,0.3891,"May 18, 2018",False
ikxXqPacINA,https://www.youtube.com/watch?v=ikxXqPacINA,Savona Equipment & GHH Part 1: New vs. Used Mining Equipment #7,episode,3654,54037,45,0.0833,"May 18, 2018",False
Ok2aKU160ds,https://www.youtube.com/watch?v=Ok2aKU160ds,Ep 1: The Construction Industry in British Columbia - Heroes of Industry,episode,2775,346,12,3.4682,"Apr 10, 2018",False
uf1auP9dX4E,https://www.youtube.com/watch?v=uf1auP9dX4E,Why Management is Important in Financing?,highlight,132,29,9,31.0345,"Mar 23, 2018",False
1J7b_3DNX0U,https://www.youtube.com/watch?v=1J7b_3DNX0U,How to Raise  Capital to Expand my Business?,highlight,185,128,9,7.0312,"Mar 23, 2018",False
qEL2gZy_Rms,https://www.youtube.com/watch?v=qEL2gZy_Rms,How to Raise Capital and Get Financing for my Business?,short,58,89,9,10.1124,"Mar 23, 2018",False
TZQBaH0PmFM,https://www.youtube.com/watch?v=TZQBaH0PmFM,How Companies Get Financing from Banks and Other Lenders,episode,547,134,15,11.194,"Mar 21, 2018",False
T79WAgonKnU,https://www.youtube.com/watch?v=T79WAgonKnU,In the Construction Industry? A special Offer Just for You!,highlight,82,69,3,4.3478,"Mar 6, 2018",False
K9YBqjSb6I8,https://www.youtube.com/watch?v=K9YBqjSb6I8,Are You in the Mining Industry? | CIM Vancouver 2018,short,46,64,2,3.125,"Mar 5, 2018",False
wiTkfmUcr7w,https://www.youtube.com/watch?v=wiTkfmUcr7w,Does Your Company Need an Edge | Buildex Vancouver 2018,highlight,85,818,3,0.3667,"Feb 6, 2018",False
YzwPrF0ROg0,https://www.youtube.com/watch?v=YzwPrF0ROg0,Christmas Wishes for You from Crownsmen Partners,short,27,89,7,7.8652,"Dec 20, 2017",False
dfVKq0rYRV8,https://www.youtube.com/watch?v=dfVKq0rYRV8,Doing Business in Surrey | Make Your Business Stand Out!,highlight,112,7362,5,0.0679,"Nov 8, 2017",False
d5winCjq0y0,https://www.youtube.com/watch?v=d5winCjq0y0,Business Fact or Fiction | Ep. 4 The Crownsmen Show,highlight,213,6919,10,0.1445,"Sep 6, 2017",False
9v2Q7NS-5F4,https://www.youtube.com/watch?v=9v2Q7NS-5F4,The Week of New | Knowing How to Manage Cash Flow,mid_clip,461,49,4,8.1633,"Apr 12, 2017",False
lKfWzEq8shE,https://www.youtube.com/watch?v=lKfWzEq8shE,3 Things That Make Advertising Campaigns Successful,highlight,244,419,7,1.6706,"Mar 6, 2017",False
bYPsEf0eu3I,https://www.youtube.com/watch?v=bYPsEf0eu3I,Why Do Customers Fall in Love with You? |  Ep 2. The Crownsmen Show,highlight,289,272,9,3.3088,"Feb 7, 2017",False
E8IiSDNEs-w,https://www.youtube.com/watch?v=E8IiSDNEs-w,Marketing Tips - 3 Simple Tips To Market Your B2B Business | The Crownsmen Show,highlight,227,1030,9,0.8738,"Jan 5, 2017",False
z6t3vGCP5HE,https://www.youtube.com/watch?v=z6t3vGCP5HE,Christmas Greetings from Crownsmen Partners,highlight,65,164,5,3.0488,"Dec 21, 2016",False
_jbEphieB9A,https://www.youtube.com/watch?v=_jbEphieB9A,"The Crownsmen Show | ""Like You've Never Seen Before""",short,56,10249,7,0.0683,"Oct 28, 2016",False
vs_cnCX10Lw,https://www.youtube.com/watch?v=vs_cnCX10Lw,Build Your Brand | Build Your Strategy | BE A LEADER,short,48,7519,3,0.0399,"Sep 20, 2016",False
b7SkQloxRHk,https://www.youtube.com/watch?v=b7SkQloxRHk,Online Marketing & Advertising | Marketing Your Company Online,short,45,204,2,0.9804,"Jan 13, 2016",False
